user_id,skin_type,primary_concern,secondary_concern,signup_date
1,oily,aging,dullness,2026-01-18
2,sensitive,pigmentation,sensitivity,2025-10-25
3,sensitive,dullness,sensitivity,2024-10-15
4,combination,dullness,pigmentation,2026-04-22
5,combination,pigmentation,dehydration,2026-04-18
6,normal,dehydration,acne,2025-11-28
7,oily,dullness,acne,2025-04-22
8,sensitive,acne,pigmentation,2024-11-24
9,dry,sensitivity,dullness,2025-05-21
10,oily,acne,aging,2025-07-11
11,combination,dullness,sensitivity,2024-10-08
12,normal,aging,dullness,2026-03-03
13,sensitive,dullness,sensitivity,2024-09-15
14,sensitive,dehydration,acne,2025-11-20
15,sensitive,dehydration,acne,2025-12-17
16,sensitive,dullness,aging,2024-08-08
17,combination,sensitivity,pigmentation,2025-03-21
18,oily,dehydration,sensitivity,2025-08-25
19,normal,dehydration,pigmentation,2025-11-07
20,combination,aging,dehydration,2025-08-18
21,combination,pigmentation,dehydration,2024-12-05
22,dry,pigmentation,sensitivity,2026-03-17
23,oily,dullness,dehydration,2026-03-01
24,normal,dullness,acne,2025-11-26
25,sensitive,acne,pigmentation,2025-07-19
26,sensitive,pigmentation,aging,2024-11-18
27,combination,sensitivity,acne,2026-02-02
28,normal,dehydration,sensitivity,2024-12-09
29,combination,dehydration,acne,2024-09-11
30,combination,pigmentation,acne,2025-08-22
31,combination,acne,sensitivity,2024-08-03
32,dry,pigmentation,aging,2024-09-21
33,oily,sensitivity,dehydration,2024-12-01
34,combination,dullness,pigmentation,2025-10-02
35,normal,dehydration,pigmentation,2025-11-29
36,oily,aging,acne,2024-10-13
37,normal,aging,sensitivity,2025-08-18
38,normal,dullness,sensitivity,2026-06-13
39,dry,sensitivity,aging,2025-01-28
40,sensitive,aging,acne,2025-10-26
41,oily,dullness,pigmentation,2024-08-22
42,sensitive,sensitivity,acne,2024-10-19
43,sensitive,aging,pigmentation,2026-04-21
44,dry,sensitivity,pigmentation,2024-09-16
45,oily,dullness,aging,2024-08-11
46,normal,sensitivity,pigmentation,2024-12-31
47,combination,aging,dullness,2025-12-17
48,normal,dullness,aging,2025-03-04
49,sensitive,pigmentation,dehydration,2024-10-10
50,sensitive,dullness,sensitivity,2024-11-17
51,sensitive,pigmentation,aging,2025-08-25
52,oily,dullness,dehydration,2025-02-04
53,dry,dehydration,sensitivity,2025-09-27
54,combination,aging,pigmentation,2026-01-02
55,combination,aging,dullness,2025-03-02
56,oily,pigmentation,aging,2025-07-31
57,combination,dehydration,dullness,2026-01-23
58,oily,dullness,aging,2025-03-11
59,sensitive,dullness,sensitivity,2025-11-13
60,sensitive,acne,dehydration,2025-05-03
61,normal,acne,dullness,2025-10-15
62,sensitive,acne,dullness,2024-09-27
63,dry,sensitivity,pigmentation,2024-10-23
64,normal,sensitivity,dullness,2025-07-25
65,combination,acne,sensitivity,2025-02-02
66,dry,acne,dehydration,2026-02-26
67,normal,dehydration,dullness,2024-07-07
68,dry,dullness,dehydration,2026-01-31
69,oily,pigmentation,sensitivity,2024-10-11
70,combination,dullness,aging,2024-10-26
71,sensitive,pigmentation,dehydration,2026-02-26
72,oily,pigmentation,acne,2026-06-30
73,combination,aging,dehydration,2025-01-14
74,oily,sensitivity,dehydration,2024-10-09
75,sensitive,dehydration,dullness,2025-01-29
76,combination,pigmentation,sensitivity,2026-05-27
77,dry,dullness,pigmentation,2025-03-22
78,dry,sensitivity,aging,2025-09-23
79,combination,sensitivity,pigmentation,2024-09-05
80,sensitive,dehydration,pigmentation,2024-11-29
81,normal,acne,sensitivity,2024-11-29
82,combination,pigmentation,aging,2025-09-12
83,oily,pigmentation,dullness,2025-11-13
84,normal,acne,dullness,2024-11-12
85,sensitive,pigmentation,dullness,2026-04-13
86,sensitive,pigmentation,sensitivity,2026-04-24
87,oily,dullness,sensitivity,2026-05-22
88,dry,aging,acne,2025-06-28
89,sensitive,aging,dullness,2026-05-12
90,normal,pigmentation,dullness,2025-05-07
91,combination,acne,dehydration,2026-03-06
92,normal,sensitivity,aging,2024-09-23
93,normal,dullness,pigmentation,2025-08-24
94,dry,pigmentation,sensitivity,2026-04-29
95,normal,dehydration,acne,2025-02-14
96,dry,dehydration,pigmentation,2025-11-01
97,dry,sensitivity,dehydration,2025-12-27
98,sensitive,acne,sensitivity,2025-03-12
99,sensitive,dullness,dehydration,2024-08-07
100,oily,sensitivity,dullness,2024-07-20
101,normal,dehydration,pigmentation,2025-08-22
102,oily,pigmentation,aging,2024-10-24
103,normal,sensitivity,dullness,2026-02-03
104,oily,aging,dullness,2024-10-26
105,sensitive,aging,dehydration,2024-08-17
106,sensitive,dullness,pigmentation,2025-06-23
107,sensitive,dehydration,dullness,2025-06-19
108,sensitive,acne,dullness,2025-05-20
109,combination,dullness,aging,2026-05-14
110,sensitive,dehydration,dullness,2024-10-17
111,dry,dullness,acne,2025-01-13
112,sensitive,pigmentation,aging,2024-10-09
113,combination,acne,dehydration,2026-04-13
114,combination,dullness,dehydration,2024-11-27
115,combination,dehydration,dullness,2025-10-14
116,combination,dullness,sensitivity,2024-11-15
117,oily,sensitivity,dullness,2024-07-10
118,oily,dullness,pigmentation,2024-10-01
119,dry,dullness,acne,2024-09-05
120,oily,acne,sensitivity,2026-04-14
121,combination,dullness,pigmentation,2025-11-08
122,sensitive,pigmentation,acne,2025-12-05
123,sensitive,dehydration,sensitivity,2025-06-26
124,combination,acne,dullness,2024-07-23
125,normal,sensitivity,dehydration,2025-02-20
126,combination,pigmentation,acne,2025-06-03
127,oily,aging,sensitivity,2024-11-25
128,sensitive,acne,pigmentation,2026-02-28
129,combination,pigmentation,dullness,2025-03-11
130,sensitive,sensitivity,aging,2025-07-04
131,combination,pigmentation,sensitivity,2026-02-08
132,combination,dullness,aging,2025-03-21
133,oily,sensitivity,acne,2024-10-30
134,combination,dullness,sensitivity,2024-11-08
135,sensitive,acne,aging,2024-10-28
136,dry,aging,pigmentation,2024-11-20
137,sensitive,aging,dullness,2025-07-29
138,oily,pigmentation,dullness,2026-06-01
139,dry,pigmentation,dullness,2024-07-31
140,combination,dullness,dehydration,2025-08-09
141,normal,aging,acne,2025-03-31
142,dry,pigmentation,dehydration,2026-06-21
143,dry,aging,sensitivity,2024-09-25
144,combination,aging,pigmentation,2024-09-25
145,normal,pigmentation,dehydration,2024-08-27
146,normal,aging,dehydration,2026-03-01
147,oily,sensitivity,pigmentation,2024-10-28
148,dry,dullness,aging,2025-04-06
149,normal,dullness,acne,2026-03-22
150,oily,sensitivity,acne,2025-05-15
151,normal,dullness,pigmentation,2025-07-23
152,dry,pigmentation,sensitivity,2025-04-05
153,normal,aging,dehydration,2026-05-06
154,dry,aging,sensitivity,2025-05-21
155,combination,aging,sensitivity,2025-02-26
156,sensitive,acne,pigmentation,2025-01-29
157,oily,acne,pigmentation,2024-12-21
158,combination,aging,acne,2025-04-05
159,combination,sensitivity,dullness,2025-02-09
160,sensitive,dehydration,aging,2026-05-01
161,normal,sensitivity,pigmentation,2024-11-30
162,sensitive,pigmentation,dehydration,2025-10-11
163,combination,aging,pigmentation,2025-06-01
164,combination,dullness,sensitivity,2025-06-02
165,combination,aging,acne,2024-07-23
166,normal,aging,dullness,2025-11-11
167,dry,aging,dullness,2025-09-29
168,oily,acne,sensitivity,2024-12-28
169,dry,sensitivity,acne,2025-03-30
170,oily,sensitivity,dullness,2025-11-16
171,oily,acne,dullness,2025-10-28
172,oily,aging,pigmentation,2024-11-08
173,sensitive,dullness,acne,2024-11-02
174,sensitive,dehydration,aging,2026-03-21
175,sensitive,sensitivity,dehydration,2025-09-17
176,combination,aging,pigmentation,2024-12-21
177,sensitive,dehydration,aging,2026-04-11
178,oily,sensitivity,acne,2026-02-22
179,normal,dehydration,sensitivity,2026-03-13
180,combination,pigmentation,dehydration,2025-06-16
181,normal,dehydration,aging,2025-08-11
182,oily,aging,acne,2025-11-14
183,combination,acne,dehydration,2026-03-29
184,sensitive,dehydration,sensitivity,2025-03-28
185,combination,sensitivity,acne,2024-11-23
186,combination,aging,dullness,2026-02-01
187,oily,aging,sensitivity,2025-03-06
188,dry,aging,acne,2024-12-02
189,dry,acne,pigmentation,2025-05-25
190,dry,sensitivity,dehydration,2025-05-13
191,sensitive,acne,aging,2026-03-07
192,sensitive,dullness,pigmentation,2024-08-06
193,sensitive,acne,dehydration,2024-08-06
194,dry,dehydration,sensitivity,2025-02-01
195,normal,sensitivity,dehydration,2024-09-15
196,oily,dullness,aging,2025-04-18
197,dry,dullness,aging,2025-03-10
198,oily,dehydration,sensitivity,2024-11-07
199,dry,sensitivity,pigmentation,2026-06-09
200,normal,sensitivity,pigmentation,2026-01-27
201,dry,pigmentation,dehydration,2026-02-08
202,normal,dullness,aging,2025-03-31
203,combination,dehydration,aging,2026-01-10
204,sensitive,pigmentation,sensitivity,2025-09-24
205,combination,dehydration,pigmentation,2025-07-11
206,dry,acne,sensitivity,2025-01-09
207,sensitive,sensitivity,dehydration,2025-06-23
208,normal,dullness,aging,2026-06-19
209,dry,dehydration,dullness,2025-02-20
210,sensitive,dehydration,aging,2025-08-28
211,dry,pigmentation,aging,2026-04-15
212,sensitive,aging,dehydration,2025-03-17
213,sensitive,sensitivity,dullness,2025-12-21
214,combination,acne,aging,2025-08-04
215,sensitive,dehydration,sensitivity,2024-07-29
216,dry,pigmentation,acne,2026-01-14
217,oily,dullness,acne,2024-09-27
218,oily,dullness,aging,2025-08-01
219,combination,dehydration,acne,2024-08-24
220,normal,sensitivity,pigmentation,2024-10-23
221,oily,aging,dehydration,2024-11-05
222,combination,pigmentation,dullness,2026-02-05
223,sensitive,aging,sensitivity,2024-12-05
224,dry,dullness,sensitivity,2025-10-11
225,sensitive,dehydration,dullness,2024-09-09
226,dry,dehydration,acne,2024-07-13
227,normal,aging,sensitivity,2025-04-15
228,combination,sensitivity,dehydration,2024-09-07
229,combination,acne,dullness,2025-06-12
230,oily,acne,pigmentation,2026-06-12
231,combination,acne,pigmentation,2024-10-06
232,normal,sensitivity,aging,2025-06-14
233,oily,pigmentation,sensitivity,2026-06-04
234,sensitive,dullness,aging,2026-05-20
235,combination,dehydration,sensitivity,2025-01-24
236,sensitive,dehydration,pigmentation,2024-08-30
237,sensitive,sensitivity,pigmentation,2025-02-12
238,combination,acne,dullness,2025-08-18
239,dry,aging,sensitivity,2025-11-24
240,sensitive,dullness,sensitivity,2025-09-04
241,oily,dehydration,sensitivity,2025-11-13
242,combination,dullness,dehydration,2025-12-19
243,oily,dullness,acne,2026-04-04
244,sensitive,pigmentation,dullness,2025-05-17
245,sensitive,acne,aging,2026-01-28
246,oily,aging,dullness,2026-03-23
247,sensitive,pigmentation,aging,2025-12-17
248,combination,dullness,dehydration,2024-11-29
249,sensitive,dehydration,acne,2025-05-14
250,oily,dullness,dehydration,2025-07-12
251,oily,dullness,sensitivity,2025-04-30
252,combination,acne,aging,2025-05-18
253,oily,dullness,sensitivity,2025-07-08
254,dry,aging,dullness,2024-10-30
255,sensitive,acne,pigmentation,2025-01-19
256,oily,pigmentation,acne,2026-02-21
257,sensitive,dehydration,aging,2024-11-16
258,oily,sensitivity,acne,2026-02-28
259,oily,dullness,sensitivity,2026-05-10
260,combination,sensitivity,pigmentation,2025-09-02
261,sensitive,pigmentation,acne,2025-09-22
262,oily,pigmentation,acne,2024-12-09
263,dry,sensitivity,dullness,2025-02-13
264,normal,pigmentation,aging,2026-05-25
265,normal,dullness,acne,2025-07-07
266,combination,pigmentation,dehydration,2024-12-02
267,combination,pigmentation,sensitivity,2025-01-17
268,dry,aging,pigmentation,2025-07-05
269,sensitive,aging,dehydration,2025-04-12
270,combination,sensitivity,aging,2025-05-22
271,dry,sensitivity,pigmentation,2026-01-18
272,oily,dullness,sensitivity,2025-05-20
273,oily,dullness,sensitivity,2025-02-28
274,normal,acne,dehydration,2026-05-26
275,combination,pigmentation,dehydration,2025-02-13
276,combination,acne,dehydration,2026-01-05
277,combination,sensitivity,dullness,2026-07-01
278,sensitive,pigmentation,dullness,2024-12-31
279,oily,aging,pigmentation,2025-09-24
280,oily,sensitivity,acne,2025-09-08
281,dry,dehydration,dullness,2025-04-06
282,combination,dullness,dehydration,2025-05-23
283,sensitive,acne,aging,2025-04-09
284,combination,dullness,aging,2024-08-15
285,combination,dullness,pigmentation,2025-03-18
286,normal,pigmentation,dullness,2026-06-03
287,oily,dehydration,dullness,2026-01-25
288,combination,sensitivity,acne,2025-08-12
289,combination,pigmentation,sensitivity,2025-07-26
290,combination,pigmentation,dehydration,2025-10-15
291,normal,pigmentation,dullness,2026-02-22
292,dry,sensitivity,dehydration,2026-04-20
293,normal,acne,dehydration,2026-03-23
294,dry,sensitivity,acne,2024-08-10
295,combination,dehydration,sensitivity,2025-09-20
296,combination,aging,dullness,2024-08-03
297,normal,dullness,acne,2025-11-04
298,combination,sensitivity,aging,2025-11-21
299,dry,dehydration,aging,2025-07-14
300,oily,pigmentation,sensitivity,2024-08-13
301,dry,acne,pigmentation,2025-05-21
302,normal,dullness,acne,2026-06-11
303,oily,acne,dehydration,2025-12-20
304,normal,acne,sensitivity,2024-07-19
305,combination,sensitivity,pigmentation,2026-03-16
306,oily,aging,dullness,2024-11-02
307,dry,dullness,dehydration,2024-08-27
308,combination,pigmentation,dullness,2026-01-31
309,dry,acne,dullness,2025-05-24
310,oily,acne,aging,2025-04-24
311,sensitive,aging,dullness,2024-12-03
312,sensitive,acne,aging,2024-11-30
313,oily,aging,dehydration,2026-05-24
314,dry,pigmentation,dehydration,2025-11-15
315,dry,dullness,dehydration,2024-08-18
316,sensitive,dullness,pigmentation,2025-10-21
317,sensitive,pigmentation,dehydration,2026-01-08
318,sensitive,aging,dehydration,2025-04-03
319,normal,acne,sensitivity,2026-02-14
320,sensitive,pigmentation,sensitivity,2026-03-21
321,dry,sensitivity,acne,2024-11-30
322,oily,sensitivity,acne,2026-04-11
323,sensitive,aging,dullness,2024-09-23
324,normal,sensitivity,aging,2026-01-05
325,normal,dullness,sensitivity,2026-04-19
326,dry,acne,aging,2025-01-11
327,dry,sensitivity,aging,2026-02-27
328,oily,aging,sensitivity,2025-10-12
329,oily,dullness,dehydration,2025-10-23
330,combination,dullness,dehydration,2025-07-01
331,combination,pigmentation,sensitivity,2025-07-25
332,dry,dehydration,dullness,2026-02-14
333,dry,dullness,aging,2026-01-16
334,normal,aging,pigmentation,2026-02-15
335,combination,pigmentation,dehydration,2026-05-27
336,normal,dehydration,dullness,2025-03-18
337,normal,pigmentation,acne,2025-07-27
338,dry,acne,sensitivity,2026-04-18
339,dry,sensitivity,acne,2025-11-06
340,normal,pigmentation,aging,2025-03-05
341,sensitive,dullness,acne,2025-12-10
342,dry,dehydration,pigmentation,2025-09-17
343,sensitive,sensitivity,dehydration,2025-01-09
344,combination,dullness,sensitivity,2025-03-03
345,normal,dehydration,dullness,2025-02-09
346,dry,sensitivity,dehydration,2025-09-30
347,normal,sensitivity,dehydration,2025-07-18
348,normal,acne,pigmentation,2024-10-26
349,oily,dehydration,acne,2024-10-07
350,oily,pigmentation,dullness,2026-05-27
351,combination,sensitivity,dullness,2024-11-01
352,oily,acne,dehydration,2024-09-21
353,dry,pigmentation,dehydration,2024-08-17
354,combination,pigmentation,aging,2025-12-22
355,normal,dullness,acne,2025-07-05
356,normal,acne,dehydration,2026-06-05
357,oily,acne,dullness,2026-04-17
358,normal,dullness,sensitivity,2025-05-21
359,oily,sensitivity,aging,2026-02-06
360,sensitive,dullness,pigmentation,2026-01-23
361,normal,aging,sensitivity,2025-12-01
362,normal,dullness,aging,2025-08-05
363,dry,dullness,sensitivity,2026-03-17
364,normal,aging,acne,2024-11-27
365,oily,dullness,aging,2025-03-05
366,combination,acne,aging,2024-12-05
367,combination,pigmentation,dullness,2024-08-29
368,dry,dehydration,sensitivity,2025-04-24
369,oily,aging,dehydration,2025-10-15
370,sensitive,acne,pigmentation,2024-07-22
371,dry,acne,dehydration,2025-05-19
372,sensitive,sensitivity,acne,2025-08-01
373,combination,pigmentation,sensitivity,2025-09-05
374,dry,acne,dullness,2026-06-08
375,normal,dehydration,dullness,2024-08-07
376,oily,dullness,sensitivity,2024-11-15
377,sensitive,aging,dehydration,2025-02-10
378,sensitive,sensitivity,pigmentation,2026-01-26
379,dry,pigmentation,dehydration,2024-08-27
380,dry,dullness,sensitivity,2026-02-28
381,oily,dehydration,sensitivity,2026-01-11
382,normal,dullness,aging,2026-05-16
383,normal,pigmentation,sensitivity,2025-12-08
384,dry,dehydration,sensitivity,2025-11-09
385,oily,dehydration,aging,2024-12-02
386,oily,acne,aging,2025-11-10
387,oily,acne,pigmentation,2024-08-07
388,normal,dehydration,pigmentation,2025-11-27
389,normal,acne,dehydration,2025-06-18
390,oily,sensitivity,acne,2025-04-29
391,sensitive,acne,aging,2024-11-07
392,oily,sensitivity,dehydration,2025-01-03
393,dry,dehydration,acne,2024-10-10
394,combination,aging,dullness,2024-08-20
395,sensitive,pigmentation,dehydration,2026-04-12
396,normal,aging,acne,2026-04-29
397,oily,dehydration,dullness,2025-08-12
398,oily,dehydration,aging,2026-03-19
399,dry,pigmentation,aging,2025-07-11
400,dry,dullness,aging,2025-05-01
401,normal,sensitivity,dullness,2025-12-16
402,sensitive,pigmentation,sensitivity,2026-04-26
403,dry,dehydration,dullness,2024-07-31
404,normal,pigmentation,sensitivity,2025-10-08
405,combination,sensitivity,pigmentation,2024-10-31
406,combination,pigmentation,dehydration,2025-04-06
407,combination,pigmentation,dehydration,2025-03-09
408,oily,aging,sensitivity,2024-12-13
409,normal,aging,acne,2025-12-25
410,oily,pigmentation,sensitivity,2026-01-28
411,oily,dullness,dehydration,2024-07-08
412,dry,acne,dullness,2025-03-05
413,dry,sensitivity,acne,2025-12-05
414,oily,acne,dullness,2025-03-21
415,oily,aging,sensitivity,2025-09-22
416,sensitive,sensitivity,pigmentation,2024-10-16
417,normal,acne,sensitivity,2025-06-30
418,oily,acne,aging,2025-11-19
419,dry,dehydration,sensitivity,2025-02-17
420,combination,acne,aging,2025-01-04
421,normal,sensitivity,dullness,2025-10-07
422,sensitive,aging,dullness,2025-01-03
423,sensitive,sensitivity,aging,2026-01-16
424,combination,pigmentation,dehydration,2026-01-13
425,combination,acne,sensitivity,2024-11-09
426,oily,sensitivity,acne,2025-04-08
427,normal,dehydration,sensitivity,2026-06-11
428,normal,sensitivity,aging,2025-02-28
429,oily,pigmentation,aging,2025-11-25
430,sensitive,aging,acne,2025-12-18
431,oily,dullness,sensitivity,2025-08-30
432,sensitive,aging,sensitivity,2025-08-10
433,normal,pigmentation,aging,2024-09-23
434,oily,aging,acne,2025-08-22
435,combination,dullness,acne,2025-12-02
436,oily,acne,pigmentation,2024-12-18
437,combination,aging,dehydration,2025-06-05
438,normal,pigmentation,aging,2026-07-06
439,oily,acne,pigmentation,2025-03-31
440,dry,acne,dehydration,2025-07-05
441,normal,aging,sensitivity,2025-05-12
442,dry,acne,sensitivity,2026-02-22
443,oily,aging,dehydration,2025-07-22
444,combination,dullness,pigmentation,2025-03-21
445,combination,sensitivity,dullness,2025-02-27
446,sensitive,acne,dehydration,2025-02-24
447,dry,aging,pigmentation,2024-07-07
448,normal,acne,dehydration,2025-07-05
449,combination,aging,acne,2025-08-26
450,dry,aging,acne,2025-06-05
451,normal,dehydration,pigmentation,2025-11-08
452,normal,aging,acne,2025-11-18
453,combination,sensitivity,dehydration,2025-02-17
454,oily,acne,dehydration,2025-11-19
455,combination,acne,dehydration,2025-01-05
456,combination,acne,pigmentation,2025-01-08
457,oily,aging,sensitivity,2024-08-09
458,sensitive,pigmentation,aging,2026-04-01
459,normal,acne,pigmentation,2025-10-14
460,oily,pigmentation,dullness,2024-12-20
461,sensitive,sensitivity,aging,2025-08-27
462,oily,dehydration,pigmentation,2025-03-15
463,sensitive,acne,sensitivity,2025-01-15
464,combination,sensitivity,dullness,2024-09-28
465,oily,pigmentation,dehydration,2026-01-22
466,normal,aging,dehydration,2025-12-28
467,oily,pigmentation,sensitivity,2025-07-27
468,combination,aging,dehydration,2025-07-01
469,oily,dehydration,dullness,2024-09-13
470,normal,dehydration,aging,2026-06-08
471,sensitive,dullness,pigmentation,2026-01-08
472,normal,dullness,sensitivity,2024-09-07
473,combination,dehydration,aging,2025-04-13
474,combination,pigmentation,acne,2025-02-28
475,sensitive,aging,dullness,2026-01-05
476,sensitive,acne,pigmentation,2025-04-07
477,normal,dehydration,pigmentation,2025-10-09
478,oily,aging,dehydration,2025-01-17
479,sensitive,dullness,pigmentation,2026-05-01
480,oily,dullness,acne,2025-12-11
481,dry,pigmentation,acne,2025-03-22
482,normal,acne,aging,2025-04-21
483,dry,sensitivity,pigmentation,2024-10-30
484,sensitive,pigmentation,aging,2024-11-28
485,combination,acne,aging,2026-06-26
486,dry,pigmentation,dullness,2026-05-01
487,dry,sensitivity,dullness,2025-10-21
488,combination,pigmentation,dullness,2024-08-05
489,sensitive,sensitivity,pigmentation,2025-07-23
490,sensitive,aging,dehydration,2024-09-23
491,normal,sensitivity,aging,2026-05-24
492,normal,dullness,pigmentation,2024-08-02
493,sensitive,acne,sensitivity,2026-05-23
494,sensitive,dullness,dehydration,2024-11-23
495,dry,aging,pigmentation,2024-10-03
496,combination,pigmentation,dullness,2025-12-03
497,oily,dullness,aging,2025-11-29
498,dry,acne,pigmentation,2025-05-07
499,normal,dehydration,aging,2025-01-25
500,combination,dehydration,dullness,2026-04-10
501,oily,acne,pigmentation,2026-01-14
502,sensitive,aging,acne,2025-01-01
503,normal,dullness,dehydration,2024-11-23
504,normal,acne,sensitivity,2026-03-16
505,dry,aging,acne,2024-09-24
506,combination,pigmentation,acne,2024-10-11
507,combination,acne,sensitivity,2024-10-10
508,dry,dehydration,acne,2026-01-12
509,dry,aging,sensitivity,2025-03-04
510,dry,dehydration,aging,2026-03-11
511,normal,dullness,dehydration,2026-02-13
512,sensitive,sensitivity,pigmentation,2026-05-16
513,normal,sensitivity,acne,2025-07-11
514,normal,dullness,aging,2025-02-01
515,normal,aging,dehydration,2026-02-11
516,oily,aging,sensitivity,2026-02-20
517,normal,dehydration,pigmentation,2025-12-16
518,oily,aging,dehydration,2026-02-12
519,combination,dullness,pigmentation,2024-11-05
520,combination,pigmentation,acne,2026-03-04
521,dry,sensitivity,aging,2025-12-15
522,oily,dullness,aging,2025-11-25
523,oily,pigmentation,aging,2026-02-08
524,normal,dullness,aging,2024-08-17
525,dry,aging,dullness,2026-02-03
526,dry,acne,pigmentation,2025-07-16
527,normal,sensitivity,acne,2025-05-19
528,oily,sensitivity,pigmentation,2025-12-28
529,normal,sensitivity,dehydration,2025-07-27
530,normal,aging,dehydration,2026-03-04
531,combination,pigmentation,sensitivity,2025-07-19
532,oily,acne,dullness,2026-06-23
533,oily,dehydration,sensitivity,2025-08-20
534,dry,pigmentation,dehydration,2025-10-13
535,combination,sensitivity,pigmentation,2025-10-23
536,oily,sensitivity,pigmentation,2026-04-17
537,combination,acne,dullness,2024-07-06
538,oily,sensitivity,dullness,2026-06-17
539,combination,acne,dullness,2026-03-22
540,oily,aging,dehydration,2026-04-22
541,sensitive,aging,acne,2024-07-22
542,oily,sensitivity,dullness,2025-11-16
543,oily,dullness,sensitivity,2025-08-25
544,oily,sensitivity,dehydration,2025-01-04
545,normal,dullness,aging,2026-05-31
546,oily,dehydration,aging,2026-05-19
547,combination,sensitivity,pigmentation,2026-02-23
548,combination,sensitivity,pigmentation,2025-02-25
549,combination,aging,sensitivity,2024-07-21
550,sensitive,aging,dullness,2025-04-09
551,normal,sensitivity,pigmentation,2024-10-07
552,dry,dehydration,sensitivity,2024-09-30
553,normal,sensitivity,acne,2025-12-16
554,dry,dullness,pigmentation,2026-02-22
555,normal,sensitivity,acne,2026-03-11
556,combination,dehydration,pigmentation,2024-12-03
557,sensitive,dehydration,pigmentation,2025-03-04
558,normal,pigmentation,aging,2024-10-12
559,sensitive,dullness,aging,2025-07-01
560,normal,dehydration,dullness,2024-07-23
561,combination,dehydration,aging,2024-09-21
562,oily,sensitivity,dullness,2024-11-22
563,combination,pigmentation,dullness,2024-11-26
564,oily,pigmentation,acne,2026-04-07
565,normal,sensitivity,dullness,2025-01-08
566,dry,sensitivity,aging,2024-08-13
567,dry,pigmentation,sensitivity,2025-12-05
568,dry,aging,pigmentation,2024-11-18
569,sensitive,sensitivity,dullness,2025-10-24
570,combination,pigmentation,aging,2026-02-01
571,normal,dehydration,acne,2025-01-18
572,combination,acne,pigmentation,2026-03-08
573,dry,pigmentation,dullness,2025-07-20
574,oily,dehydration,dullness,2024-08-21
575,oily,dullness,dehydration,2026-03-14
576,dry,dullness,aging,2026-03-15
577,normal,sensitivity,pigmentation,2024-08-16
578,combination,pigmentation,dehydration,2024-12-15
579,normal,dullness,acne,2025-08-03
580,oily,dullness,dehydration,2025-09-13
581,oily,dehydration,sensitivity,2024-08-01
582,normal,pigmentation,dullness,2025-01-23
583,oily,dullness,dehydration,2024-09-11
584,oily,aging,acne,2026-04-30
585,combination,dullness,acne,2025-06-14
586,normal,sensitivity,dehydration,2025-01-22
587,sensitive,aging,pigmentation,2026-06-10
588,oily,dehydration,acne,2025-06-27
589,normal,sensitivity,dehydration,2026-05-27
590,normal,dehydration,sensitivity,2024-09-16
591,normal,sensitivity,aging,2025-02-24
592,normal,dullness,pigmentation,2026-02-19
593,dry,pigmentation,dehydration,2025-06-20
594,normal,sensitivity,dullness,2026-04-18
595,dry,dullness,aging,2024-11-26
596,normal,pigmentation,dehydration,2026-02-13
597,combination,pigmentation,dullness,2025-04-19
598,sensitive,pigmentation,dehydration,2026-05-10
599,sensitive,sensitivity,dehydration,2026-03-13
600,sensitive,acne,sensitivity,2024-07-20
601,sensitive,dehydration,dullness,2025-09-27
602,sensitive,dullness,sensitivity,2026-04-08
603,sensitive,acne,aging,2025-02-10
604,oily,dullness,acne,2026-02-10
605,normal,dehydration,pigmentation,2025-05-02
606,combination,dehydration,aging,2024-11-22
607,dry,dullness,aging,2025-02-22
608,combination,aging,sensitivity,2026-01-07
609,normal,acne,aging,2026-01-14
610,normal,acne,sensitivity,2026-01-25
611,normal,aging,sensitivity,2025-04-01
612,combination,dullness,pigmentation,2025-03-02
613,sensitive,acne,pigmentation,2025-06-21
614,dry,sensitivity,aging,2025-09-18
615,sensitive,dullness,acne,2026-05-22
616,sensitive,pigmentation,aging,2024-11-03
617,dry,sensitivity,pigmentation,2025-03-11
618,dry,pigmentation,sensitivity,2025-03-27
619,oily,sensitivity,acne,2026-04-22
620,oily,pigmentation,aging,2025-12-08
621,combination,aging,dullness,2025-11-26
622,combination,aging,dullness,2025-04-25
623,oily,sensitivity,aging,2024-12-08
624,combination,pigmentation,dehydration,2024-10-11
625,sensitive,sensitivity,dullness,2025-06-20
626,dry,aging,sensitivity,2025-10-13
627,dry,pigmentation,dehydration,2025-09-11
628,dry,dullness,aging,2025-01-14
629,combination,dehydration,acne,2025-11-16
630,dry,aging,acne,2025-09-06
631,sensitive,acne,pigmentation,2024-12-09
632,dry,aging,pigmentation,2025-06-05
633,combination,dullness,sensitivity,2025-07-30
634,dry,acne,aging,2025-01-16
635,oily,acne,pigmentation,2025-12-08
636,sensitive,sensitivity,aging,2026-05-23
637,dry,acne,aging,2024-12-07
638,dry,aging,pigmentation,2025-08-08
639,sensitive,dehydration,sensitivity,2025-11-11
640,normal,pigmentation,dehydration,2026-04-28
641,sensitive,aging,pigmentation,2024-08-28
642,normal,acne,sensitivity,2025-01-23
643,normal,dehydration,aging,2025-12-18
644,combination,dullness,acne,2025-04-18
645,sensitive,sensitivity,dehydration,2025-08-01
646,dry,sensitivity,pigmentation,2025-11-10
647,combination,aging,pigmentation,2025-11-21
648,combination,acne,dullness,2026-05-12
649,normal,aging,dehydration,2024-07-24
650,normal,acne,aging,2024-08-29
651,combination,dullness,acne,2024-10-08
652,sensitive,acne,pigmentation,2025-11-18
653,dry,sensitivity,dullness,2024-07-08
654,normal,dullness,sensitivity,2025-12-17
655,combination,pigmentation,dullness,2024-11-11
656,combination,sensitivity,acne,2026-04-24
657,sensitive,dehydration,pigmentation,2025-11-22
658,sensitive,aging,dehydration,2025-05-10
659,oily,acne,pigmentation,2024-07-29
660,dry,aging,pigmentation,2025-12-24
661,oily,dullness,pigmentation,2025-08-24
662,sensitive,dehydration,acne,2024-10-28
663,oily,pigmentation,aging,2025-07-26
664,dry,dehydration,dullness,2025-02-22
665,combination,pigmentation,sensitivity,2025-09-04
666,sensitive,pigmentation,dehydration,2026-07-04
667,combination,aging,acne,2025-12-12
668,normal,acne,pigmentation,2025-05-19
669,normal,aging,sensitivity,2026-06-22
670,oily,aging,dullness,2026-01-18
671,normal,pigmentation,sensitivity,2024-08-09
672,sensitive,dehydration,dullness,2026-06-25
673,sensitive,pigmentation,dehydration,2026-01-07
674,oily,dehydration,aging,2025-04-10
675,sensitive,dehydration,aging,2025-05-21
676,sensitive,dullness,aging,2026-02-07
677,combination,pigmentation,aging,2026-05-24
678,oily,dehydration,acne,2024-09-17
679,combination,pigmentation,dullness,2025-05-30
680,normal,pigmentation,sensitivity,2025-05-13
681,sensitive,sensitivity,aging,2026-05-25
682,oily,aging,acne,2026-02-04
683,normal,dehydration,pigmentation,2026-05-14
684,normal,acne,sensitivity,2024-07-21
685,oily,dullness,pigmentation,2024-12-21
686,normal,sensitivity,acne,2025-06-02
687,combination,dehydration,dullness,2025-02-24
688,combination,dullness,aging,2026-03-08
689,combination,sensitivity,acne,2024-07-14
690,sensitive,pigmentation,dullness,2025-06-23
691,normal,aging,pigmentation,2025-06-24
692,sensitive,acne,sensitivity,2024-08-04
693,normal,dehydration,pigmentation,2026-04-27
694,normal,dehydration,pigmentation,2025-08-30
695,oily,dehydration,sensitivity,2026-05-03
696,dry,dehydration,pigmentation,2025-08-30
697,sensitive,acne,dehydration,2025-12-23
698,combination,dullness,sensitivity,2025-08-03
699,oily,dehydration,acne,2025-02-08
700,oily,pigmentation,acne,2025-12-14
701,combination,aging,sensitivity,2026-05-30
702,sensitive,sensitivity,pigmentation,2026-03-10
703,oily,aging,dehydration,2025-01-29
704,oily,dehydration,pigmentation,2025-05-09
705,oily,dullness,sensitivity,2024-07-21
706,combination,dullness,acne,2024-09-21
707,oily,dullness,aging,2026-03-11
708,combination,dullness,pigmentation,2025-01-15
709,combination,dehydration,acne,2026-05-01
710,combination,sensitivity,aging,2026-04-27
711,sensitive,pigmentation,dehydration,2024-12-04
712,combination,sensitivity,dullness,2025-09-16
713,sensitive,dullness,pigmentation,2024-07-07
714,sensitive,dullness,acne,2026-07-03
715,normal,pigmentation,dullness,2025-07-04
716,sensitive,aging,acne,2025-11-23
717,combination,dullness,dehydration,2024-07-16
718,combination,aging,acne,2025-03-04
719,dry,pigmentation,acne,2024-12-19
720,combination,dehydration,aging,2025-12-06
721,oily,aging,sensitivity,2024-09-21
722,normal,dullness,aging,2024-10-30
723,normal,acne,dullness,2024-12-10
724,oily,acne,dullness,2025-07-23
725,sensitive,sensitivity,dehydration,2024-09-01
726,oily,acne,pigmentation,2025-03-04
727,sensitive,dehydration,aging,2026-05-19
728,oily,sensitivity,dullness,2024-09-28
729,combination,aging,sensitivity,2026-06-21
730,sensitive,sensitivity,acne,2025-02-22
731,sensitive,aging,acne,2026-01-05
732,combination,sensitivity,pigmentation,2024-09-19
733,normal,pigmentation,acne,2025-01-19
734,sensitive,aging,acne,2024-11-23
735,dry,aging,dehydration,2025-02-10
736,sensitive,dehydration,pigmentation,2025-05-18
737,sensitive,acne,pigmentation,2024-10-13
738,dry,dehydration,pigmentation,2025-12-01
739,sensitive,acne,pigmentation,2025-06-15
740,normal,pigmentation,acne,2025-12-01
741,normal,dullness,pigmentation,2026-04-14
742,sensitive,acne,aging,2024-10-05
743,sensitive,aging,pigmentation,2025-07-08
744,dry,sensitivity,acne,2026-05-28
745,sensitive,dehydration,pigmentation,2024-11-10
746,dry,acne,pigmentation,2024-08-17
747,combination,dullness,dehydration,2025-03-10
748,dry,dullness,sensitivity,2025-11-09
749,dry,acne,aging,2024-10-16
750,oily,dullness,pigmentation,2025-01-12
751,normal,dullness,aging,2025-12-10
752,oily,dehydration,aging,2025-11-07
753,oily,pigmentation,sensitivity,2024-07-14
754,normal,pigmentation,dehydration,2024-08-09
755,combination,dehydration,acne,2025-02-27
756,combination,dehydration,acne,2026-06-10
757,sensitive,acne,sensitivity,2026-01-20
758,dry,pigmentation,dehydration,2025-10-21
759,oily,dullness,acne,2025-06-10
760,sensitive,dehydration,sensitivity,2024-10-10
761,oily,pigmentation,dehydration,2024-10-24
762,combination,pigmentation,sensitivity,2025-12-18
763,normal,dehydration,pigmentation,2026-04-18
764,normal,dehydration,aging,2025-12-17
765,dry,sensitivity,dehydration,2026-01-15
766,sensitive,dehydration,sensitivity,2024-09-18
767,sensitive,sensitivity,dehydration,2026-06-26
768,combination,pigmentation,acne,2024-11-06
769,oily,pigmentation,dehydration,2025-03-13
770,dry,pigmentation,sensitivity,2026-04-20
771,sensitive,acne,pigmentation,2025-02-21
772,normal,dehydration,acne,2025-05-08
773,oily,dullness,dehydration,2026-07-04
774,sensitive,acne,dehydration,2026-01-24
775,normal,pigmentation,acne,2025-10-25
776,normal,pigmentation,sensitivity,2026-01-30
777,combination,aging,acne,2025-05-09
778,oily,aging,dullness,2025-04-13
779,dry,pigmentation,acne,2026-03-04
780,normal,sensitivity,acne,2026-04-07
781,normal,pigmentation,dehydration,2025-03-14
782,sensitive,dullness,pigmentation,2025-07-28
783,oily,aging,pigmentation,2025-12-25
784,oily,aging,pigmentation,2025-12-31
785,combination,dehydration,pigmentation,2026-06-08
786,combination,sensitivity,aging,2024-10-20
787,oily,acne,dullness,2024-10-29
788,sensitive,aging,sensitivity,2025-05-27
789,combination,acne,dehydration,2025-10-24
790,oily,aging,acne,2026-01-30
791,oily,dullness,acne,2025-11-24
792,combination,aging,sensitivity,2024-08-28
793,sensitive,pigmentation,aging,2026-05-03
794,normal,pigmentation,aging,2024-11-12
795,combination,pigmentation,dehydration,2025-11-26
796,dry,pigmentation,dullness,2025-12-25
797,normal,aging,acne,2024-11-22
798,combination,dehydration,dullness,2024-08-03
799,dry,acne,dehydration,2024-07-12
800,combination,acne,sensitivity,2025-12-23
801,oily,dullness,acne,2025-04-30
802,dry,dehydration,dullness,2025-12-05
803,combination,pigmentation,acne,2026-02-15
804,normal,pigmentation,aging,2025-09-27
805,sensitive,dullness,pigmentation,2026-05-22
806,sensitive,aging,sensitivity,2026-03-08
807,combination,dehydration,dullness,2025-04-27
808,oily,acne,dullness,2025-02-19
809,dry,acne,pigmentation,2025-12-21
810,normal,dullness,sensitivity,2025-05-25
811,oily,aging,dullness,2024-12-25
812,normal,dehydration,acne,2024-09-21
813,sensitive,dullness,dehydration,2025-05-17
814,dry,aging,acne,2026-01-11
815,sensitive,acne,dullness,2025-02-01
816,normal,acne,dehydration,2026-03-04
817,oily,dehydration,dullness,2026-03-27
818,oily,pigmentation,sensitivity,2025-10-17
819,sensitive,dullness,acne,2025-11-08
820,normal,dehydration,acne,2026-03-22
821,oily,sensitivity,dullness,2026-05-29
822,sensitive,pigmentation,dehydration,2024-08-14
823,oily,acne,dehydration,2025-02-26
824,sensitive,dehydration,sensitivity,2025-01-28
825,sensitive,dehydration,sensitivity,2026-05-19
826,oily,pigmentation,aging,2024-12-01
827,sensitive,dullness,pigmentation,2025-10-13
828,normal,pigmentation,dehydration,2025-01-06
829,normal,dehydration,acne,2025-07-13
830,oily,dehydration,acne,2026-01-10
831,dry,pigmentation,sensitivity,2025-12-27
832,dry,aging,pigmentation,2026-03-26
833,combination,aging,pigmentation,2024-11-07
834,oily,acne,dullness,2025-08-27
835,normal,acne,dehydration,2024-12-13
836,sensitive,sensitivity,acne,2024-11-07
837,normal,aging,pigmentation,2026-03-06
838,oily,acne,pigmentation,2025-11-07
839,oily,acne,aging,2026-04-07
840,normal,aging,acne,2026-06-30
841,dry,sensitivity,dehydration,2024-07-15
842,sensitive,aging,dullness,2025-03-11
843,normal,sensitivity,dullness,2025-08-10
844,oily,aging,dullness,2026-02-10
845,oily,dehydration,sensitivity,2025-05-01
846,oily,dehydration,pigmentation,2025-06-05
847,oily,acne,dullness,2026-01-25
848,oily,acne,aging,2026-06-26
849,normal,sensitivity,dehydration,2025-07-29
850,sensitive,sensitivity,dullness,2025-06-30
851,normal,acne,dullness,2024-11-30
852,normal,dullness,acne,2025-09-22
853,normal,sensitivity,aging,2026-04-27
854,dry,sensitivity,acne,2024-10-01
855,dry,pigmentation,sensitivity,2025-09-07
856,normal,dehydration,aging,2025-01-25
857,dry,dullness,acne,2026-06-05
858,oily,sensitivity,aging,2026-06-10
859,sensitive,acne,sensitivity,2026-06-19
860,normal,dullness,pigmentation,2024-12-06
861,normal,acne,aging,2026-01-11
862,normal,aging,dullness,2024-12-05
863,oily,acne,sensitivity,2024-08-15
864,sensitive,aging,acne,2025-03-09
865,normal,dehydration,aging,2024-07-16
866,sensitive,dullness,sensitivity,2024-08-26
867,normal,pigmentation,aging,2025-01-24
868,normal,aging,sensitivity,2024-11-26
869,combination,aging,acne,2025-04-21
870,oily,dehydration,acne,2026-01-27
871,combination,pigmentation,dehydration,2026-04-22
872,dry,acne,sensitivity,2025-10-01
873,oily,dullness,sensitivity,2025-07-24
874,oily,dehydration,acne,2025-10-24
875,sensitive,aging,dehydration,2026-04-23
876,combination,pigmentation,acne,2025-07-02
877,combination,acne,dullness,2025-07-07
878,sensitive,sensitivity,dehydration,2024-08-08
879,combination,dehydration,dullness,2024-08-08
880,sensitive,acne,dullness,2025-04-12
881,oily,acne,pigmentation,2024-10-23
882,normal,acne,aging,2025-11-20
883,combination,aging,sensitivity,2024-07-28
884,oily,dehydration,acne,2024-08-17
885,normal,acne,pigmentation,2026-04-06
886,sensitive,dehydration,dullness,2025-02-10
887,oily,acne,aging,2025-08-06
888,oily,dehydration,aging,2025-12-24
889,oily,pigmentation,acne,2025-09-08
890,dry,sensitivity,aging,2024-09-12
891,oily,aging,acne,2024-08-30
892,sensitive,pigmentation,aging,2025-10-28
893,combination,pigmentation,sensitivity,2025-08-03
894,normal,dehydration,dullness,2025-06-24
895,sensitive,aging,pigmentation,2025-01-16
896,sensitive,aging,dullness,2025-07-21
897,combination,dehydration,acne,2025-09-20
898,oily,dullness,dehydration,2024-08-30
899,oily,dullness,aging,2025-10-07
900,sensitive,aging,dehydration,2025-12-24
901,oily,acne,dullness,2025-11-09
902,oily,acne,dullness,2025-11-05
903,dry,acne,dehydration,2025-05-27
904,normal,dullness,aging,2025-03-11
905,combination,dullness,sensitivity,2026-03-30
906,sensitive,dehydration,aging,2024-09-26
907,combination,sensitivity,pigmentation,2026-01-02
908,oily,pigmentation,aging,2026-04-14
909,dry,sensitivity,acne,2025-03-05
910,oily,sensitivity,pigmentation,2026-02-03
911,sensitive,dullness,acne,2025-01-04
912,oily,dullness,pigmentation,2024-08-12
913,dry,pigmentation,acne,2025-02-15
914,normal,pigmentation,dehydration,2024-12-15
915,combination,acne,dullness,2025-07-10
916,combination,dullness,dehydration,2025-10-27
917,combination,aging,pigmentation,2025-04-14
918,sensitive,pigmentation,dullness,2025-10-18
919,dry,acne,dehydration,2024-10-04
920,sensitive,acne,dehydration,2025-07-28
921,normal,dullness,aging,2025-07-07
922,combination,dehydration,dullness,2025-03-01
923,combination,dullness,pigmentation,2026-02-18
924,oily,acne,dehydration,2025-05-22
925,dry,acne,pigmentation,2025-01-01
926,normal,acne,pigmentation,2024-12-16
927,combination,dehydration,pigmentation,2026-01-23
928,dry,dehydration,aging,2026-05-28
929,combination,pigmentation,sensitivity,2026-02-15
930,combination,acne,aging,2024-11-15
931,combination,pigmentation,dehydration,2025-12-24
932,sensitive,dehydration,dullness,2026-05-25
933,dry,acne,pigmentation,2025-04-26
934,sensitive,dehydration,acne,2024-10-01
935,combination,aging,pigmentation,2026-01-23
936,normal,acne,pigmentation,2026-06-05
937,oily,sensitivity,pigmentation,2026-03-26
938,oily,dullness,acne,2026-04-04
939,combination,dehydration,aging,2026-02-07
940,combination,acne,aging,2026-02-25
941,sensitive,aging,acne,2025-03-28
942,combination,dullness,sensitivity,2026-01-24
943,normal,dullness,sensitivity,2025-06-01
944,combination,acne,dullness,2025-09-16
945,oily,dullness,dehydration,2025-03-15
946,oily,sensitivity,dullness,2025-03-14
947,normal,dehydration,aging,2025-04-29
948,oily,pigmentation,acne,2024-09-22
949,normal,sensitivity,pigmentation,2026-02-13
950,dry,dehydration,acne,2025-06-18
951,oily,acne,sensitivity,2025-09-21
952,dry,acne,pigmentation,2025-06-12
953,sensitive,sensitivity,aging,2026-03-26
954,combination,pigmentation,dehydration,2025-11-15
955,sensitive,acne,dullness,2024-08-18
956,sensitive,aging,sensitivity,2024-11-28
957,combination,dullness,pigmentation,2025-08-29
958,sensitive,dullness,dehydration,2026-04-17
959,normal,dullness,aging,2025-03-19
960,combination,sensitivity,dehydration,2025-11-28
961,oily,dehydration,sensitivity,2025-11-08
962,combination,acne,sensitivity,2026-04-27
963,normal,acne,aging,2025-12-07
964,dry,acne,pigmentation,2026-01-31
965,normal,aging,dehydration,2026-06-12
966,combination,aging,acne,2025-05-04
967,sensitive,sensitivity,dehydration,2024-07-28
968,dry,aging,acne,2026-04-05
969,normal,acne,sensitivity,2026-05-29
970,oily,sensitivity,pigmentation,2026-04-24
971,dry,pigmentation,acne,2025-06-02
972,combination,sensitivity,dullness,2024-11-10
973,combination,dehydration,sensitivity,2025-11-22
974,combination,sensitivity,acne,2026-04-11
975,oily,dehydration,acne,2026-04-27
976,dry,acne,pigmentation,2025-04-18
977,oily,dullness,sensitivity,2025-10-19
978,combination,aging,pigmentation,2025-10-22
979,dry,dullness,sensitivity,2026-01-13
980,combination,dehydration,aging,2024-09-19
981,combination,dullness,aging,2025-10-05
982,sensitive,pigmentation,dullness,2025-02-04
983,combination,sensitivity,dullness,2025-01-10
984,sensitive,dullness,acne,2026-05-24
985,combination,sensitivity,pigmentation,2026-01-06
986,sensitive,pigmentation,acne,2024-09-20
987,sensitive,sensitivity,dullness,2024-09-29
988,dry,pigmentation,dehydration,2025-09-07
989,dry,aging,pigmentation,2026-03-14
990,sensitive,sensitivity,dehydration,2025-11-30
991,dry,aging,acne,2024-08-12
992,combination,pigmentation,acne,2025-03-02
993,oily,sensitivity,pigmentation,2026-05-12
994,combination,sensitivity,pigmentation,2025-01-28
995,combination,pigmentation,dullness,2026-03-21
996,sensitive,pigmentation,sensitivity,2025-11-27
997,combination,pigmentation,acne,2025-07-19
998,dry,acne,dehydration,2025-10-22
999,normal,dullness,acne,2025-02-11
1000,combination,pigmentation,sensitivity,2026-03-14
1001,normal,sensitivity,acne,2024-10-03
1002,sensitive,pigmentation,dullness,2025-04-29
1003,combination,dullness,pigmentation,2025-11-25
1004,normal,dullness,dehydration,2024-08-06
1005,oily,dullness,aging,2025-07-22
1006,normal,acne,pigmentation,2025-09-05
1007,normal,aging,acne,2026-06-21
1008,combination,dullness,pigmentation,2024-07-08
1009,sensitive,aging,pigmentation,2024-10-26
1010,combination,sensitivity,dullness,2026-02-28
1011,dry,dullness,acne,2024-08-13
1012,sensitive,aging,acne,2024-12-02
1013,dry,acne,aging,2025-09-02
1014,dry,pigmentation,dehydration,2024-08-27
1015,combination,aging,pigmentation,2025-05-24
1016,normal,aging,dullness,2025-02-19
1017,dry,sensitivity,pigmentation,2026-02-23
1018,combination,dehydration,sensitivity,2026-04-18
1019,oily,acne,dullness,2025-06-16
1020,oily,dullness,pigmentation,2025-11-10
1021,oily,aging,dullness,2024-07-19
1022,oily,acne,dullness,2026-05-05
1023,normal,dullness,acne,2024-12-26
1024,normal,dullness,pigmentation,2025-04-23
1025,normal,acne,aging,2024-10-02
1026,oily,aging,dullness,2024-07-07
1027,oily,dehydration,sensitivity,2024-10-08
1028,dry,pigmentation,dehydration,2025-10-06
1029,combination,aging,sensitivity,2025-02-13
1030,dry,acne,sensitivity,2026-03-09
1031,combination,pigmentation,dehydration,2025-07-16
1032,oily,sensitivity,acne,2025-12-22
1033,sensitive,dullness,pigmentation,2026-01-05
1034,dry,pigmentation,aging,2025-05-15
1035,oily,aging,dehydration,2026-04-05
1036,sensitive,pigmentation,sensitivity,2025-05-17
1037,normal,aging,dehydration,2025-09-16
1038,oily,acne,dullness,2026-01-20
1039,combination,dullness,acne,2025-05-22
1040,normal,dullness,aging,2025-01-04
1041,sensitive,dullness,sensitivity,2025-04-17
1042,normal,aging,pigmentation,2026-05-03
1043,combination,pigmentation,sensitivity,2025-05-22
1044,dry,pigmentation,sensitivity,2025-04-07
1045,sensitive,pigmentation,aging,2025-02-22
1046,oily,aging,dullness,2025-08-29
1047,dry,aging,acne,2026-04-28
1048,sensitive,dehydration,pigmentation,2026-04-05
1049,sensitive,acne,aging,2025-11-06
1050,oily,pigmentation,acne,2025-03-30
1051,combination,sensitivity,pigmentation,2025-01-12
1052,dry,sensitivity,aging,2025-03-02
1053,combination,sensitivity,dullness,2025-11-20
1054,normal,pigmentation,acne,2025-08-19
1055,oily,acne,sensitivity,2026-06-02
1056,normal,pigmentation,sensitivity,2024-11-30
1057,combination,acne,pigmentation,2025-10-21
1058,sensitive,sensitivity,acne,2025-06-29
1059,combination,sensitivity,dullness,2025-08-12
1060,dry,dehydration,pigmentation,2025-12-10
1061,sensitive,dehydration,sensitivity,2026-03-06
1062,sensitive,aging,acne,2024-08-08
1063,oily,aging,pigmentation,2026-04-10
1064,sensitive,sensitivity,acne,2024-08-15
1065,sensitive,dehydration,dullness,2026-04-15
1066,dry,dullness,sensitivity,2026-04-28
1067,normal,sensitivity,pigmentation,2024-09-14
1068,sensitive,aging,acne,2024-08-14
1069,dry,aging,dehydration,2024-09-20
1070,oily,sensitivity,acne,2024-12-17
1071,sensitive,aging,pigmentation,2025-07-11
1072,dry,dehydration,acne,2026-04-20
1073,sensitive,aging,dullness,2025-04-30
1074,combination,pigmentation,sensitivity,2025-06-22
1075,combination,pigmentation,dullness,2025-01-15
1076,oily,dullness,pigmentation,2026-06-11
1077,sensitive,aging,dullness,2026-05-11
1078,oily,aging,sensitivity,2025-05-02
1079,combination,dehydration,pigmentation,2024-10-19
1080,normal,acne,sensitivity,2024-08-23
1081,normal,acne,dullness,2025-05-17
1082,normal,sensitivity,dehydration,2025-10-10
1083,normal,dullness,sensitivity,2025-07-26
1084,combination,dullness,acne,2025-06-30
1085,dry,acne,sensitivity,2025-04-10
1086,normal,dullness,dehydration,2026-01-21
1087,normal,aging,pigmentation,2025-09-25
1088,normal,dullness,pigmentation,2025-06-06
1089,sensitive,acne,dehydration,2024-10-23
1090,oily,dullness,sensitivity,2024-11-27
1091,combination,dullness,aging,2025-01-01
1092,combination,pigmentation,acne,2026-01-30
1093,normal,acne,aging,2025-09-12
1094,dry,sensitivity,aging,2025-05-28
1095,dry,dehydration,sensitivity,2024-07-29
1096,oily,dullness,sensitivity,2025-10-20
1097,normal,dehydration,sensitivity,2024-09-03
1098,sensitive,dehydration,pigmentation,2025-01-06
1099,oily,acne,dullness,2025-03-30
1100,combination,aging,sensitivity,2025-02-08
1101,combination,sensitivity,dullness,2024-12-04
1102,combination,pigmentation,acne,2025-02-11
1103,normal,sensitivity,acne,2025-03-02
1104,oily,acne,aging,2025-10-03
1105,dry,pigmentation,dullness,2025-08-28
1106,oily,aging,pigmentation,2025-04-24
1107,dry,dullness,dehydration,2024-10-28
1108,normal,pigmentation,aging,2025-03-18
1109,normal,pigmentation,aging,2024-07-14
1110,oily,dullness,pigmentation,2025-02-24
1111,sensitive,pigmentation,dehydration,2025-09-12
1112,dry,sensitivity,dehydration,2025-05-12
1113,oily,sensitivity,pigmentation,2025-04-07
1114,dry,pigmentation,dullness,2024-10-11
1115,oily,dullness,acne,2025-12-31
1116,combination,pigmentation,aging,2026-01-06
1117,normal,aging,pigmentation,2026-02-09
1118,combination,dehydration,dullness,2026-05-27
1119,sensitive,pigmentation,aging,2025-02-28
1120,combination,acne,sensitivity,2024-08-02
1121,oily,pigmentation,dehydration,2025-04-14
1122,oily,sensitivity,pigmentation,2026-05-23
1123,dry,pigmentation,acne,2025-10-13
1124,dry,aging,sensitivity,2024-09-14
1125,normal,dullness,sensitivity,2026-05-30
1126,normal,acne,sensitivity,2025-04-15
1127,normal,pigmentation,sensitivity,2025-08-18
1128,sensitive,pigmentation,aging,2024-09-03
1129,combination,sensitivity,dullness,2025-06-26
1130,sensitive,sensitivity,dullness,2025-05-20
1131,combination,dehydration,acne,2025-01-25
1132,sensitive,pigmentation,dehydration,2024-11-13
1133,sensitive,dullness,aging,2025-06-25
1134,sensitive,dullness,dehydration,2025-01-25
1135,sensitive,sensitivity,dullness,2024-11-25
1136,oily,acne,sensitivity,2025-06-18
1137,sensitive,dehydration,dullness,2025-01-29
1138,dry,pigmentation,dullness,2025-10-14
1139,sensitive,dullness,sensitivity,2025-10-20
1140,combination,sensitivity,dehydration,2026-07-04
1141,normal,acne,dullness,2025-03-04
1142,dry,acne,dullness,2026-01-04
1143,normal,dehydration,pigmentation,2024-11-19
1144,normal,acne,dullness,2024-08-10
1145,dry,dehydration,aging,2024-10-04
1146,combination,dullness,acne,2025-12-17
1147,combination,aging,dehydration,2025-03-17
1148,sensitive,sensitivity,aging,2025-01-03
1149,sensitive,sensitivity,dullness,2025-07-02
1150,normal,pigmentation,acne,2025-06-30
1151,dry,acne,dullness,2025-08-20
1152,combination,acne,dehydration,2025-11-23
1153,combination,acne,dullness,2025-05-13
1154,normal,sensitivity,dullness,2024-07-12
1155,dry,dullness,sensitivity,2026-01-27
1156,combination,dehydration,pigmentation,2026-06-02
1157,oily,pigmentation,aging,2026-05-26
1158,normal,sensitivity,pigmentation,2025-05-07
1159,dry,dehydration,aging,2025-12-21
1160,dry,dehydration,sensitivity,2025-08-03
1161,combination,aging,dehydration,2024-08-11
1162,combination,dehydration,aging,2026-05-12
1163,normal,dullness,aging,2026-03-01
1164,combination,aging,sensitivity,2026-01-31
1165,combination,dullness,acne,2025-08-06
1166,oily,pigmentation,dehydration,2025-02-14
1167,oily,sensitivity,dullness,2026-02-23
1168,dry,dehydration,pigmentation,2026-04-18
1169,normal,dehydration,sensitivity,2026-05-05
1170,normal,dehydration,pigmentation,2024-11-28
1171,sensitive,aging,dehydration,2026-06-15
1172,sensitive,sensitivity,dullness,2025-04-06
1173,dry,pigmentation,aging,2025-05-10
1174,oily,dullness,pigmentation,2026-04-24
1175,oily,acne,pigmentation,2025-05-29
1176,dry,pigmentation,acne,2025-12-09
1177,dry,dullness,pigmentation,2025-06-25
1178,oily,aging,dullness,2026-03-28
1179,dry,sensitivity,dehydration,2025-03-05
1180,oily,dullness,acne,2024-11-30
1181,sensitive,aging,acne,2026-07-04
1182,normal,aging,dullness,2025-06-12
1183,sensitive,dullness,dehydration,2025-03-20
1184,combination,dehydration,dullness,2026-07-04
1185,combination,pigmentation,dehydration,2025-01-23
1186,dry,dullness,pigmentation,2025-06-05
1187,oily,dullness,aging,2025-11-25
1188,combination,acne,dullness,2025-07-19
1189,combination,sensitivity,pigmentation,2025-02-23
1190,oily,dullness,aging,2025-03-23
1191,combination,pigmentation,aging,2024-12-16
1192,dry,dullness,acne,2026-06-11
1193,oily,dehydration,dullness,2024-12-08
1194,sensitive,sensitivity,pigmentation,2026-06-11
1195,combination,acne,aging,2025-03-18
1196,sensitive,aging,sensitivity,2025-10-24
1197,sensitive,pigmentation,aging,2026-05-21
1198,normal,dullness,dehydration,2025-02-18
1199,normal,dullness,sensitivity,2025-05-29
1200,sensitive,aging,pigmentation,2025-03-06
1201,normal,sensitivity,pigmentation,2025-10-05
1202,combination,dullness,pigmentation,2025-12-15
1203,normal,aging,sensitivity,2025-04-06
1204,sensitive,acne,dehydration,2026-01-30
1205,sensitive,pigmentation,dullness,2024-11-20
1206,normal,sensitivity,dehydration,2025-02-22
1207,combination,aging,dehydration,2024-07-06
1208,sensitive,sensitivity,dullness,2026-06-17
1209,dry,dullness,aging,2025-05-04
1210,normal,dullness,acne,2025-05-25
1211,sensitive,aging,acne,2024-10-18
1212,sensitive,dullness,dehydration,2025-08-30
1213,combination,acne,dullness,2024-08-21
1214,normal,acne,aging,2026-01-13
1215,oily,aging,pigmentation,2024-10-20
1216,oily,dullness,aging,2025-06-21
1217,combination,dullness,pigmentation,2024-08-16
1218,sensitive,aging,pigmentation,2026-01-29
1219,normal,pigmentation,acne,2025-12-28
1220,combination,dehydration,aging,2025-05-20
1221,sensitive,dullness,acne,2025-05-29
1222,combination,acne,aging,2026-03-20
1223,normal,aging,pigmentation,2025-03-17
1224,sensitive,dehydration,sensitivity,2025-09-13
1225,combination,dehydration,sensitivity,2026-03-18
1226,normal,pigmentation,acne,2025-06-28
1227,oily,sensitivity,acne,2025-02-11
1228,normal,dullness,dehydration,2026-06-13
1229,oily,aging,sensitivity,2024-09-02
1230,dry,dullness,acne,2025-04-16
1231,normal,sensitivity,acne,2025-12-28
1232,sensitive,pigmentation,dullness,2025-01-04
1233,normal,acne,aging,2024-10-28
1234,sensitive,aging,dehydration,2024-08-07
1235,sensitive,acne,pigmentation,2024-12-06
1236,dry,sensitivity,dullness,2026-02-08
1237,oily,sensitivity,aging,2026-03-09
1238,oily,dullness,aging,2026-02-04
1239,dry,sensitivity,acne,2024-10-04
1240,oily,acne,dehydration,2025-11-26
1241,combination,dullness,aging,2025-11-07
1242,sensitive,aging,sensitivity,2024-09-23
1243,normal,pigmentation,sensitivity,2026-02-07
1244,combination,pigmentation,dehydration,2025-09-12
1245,normal,dullness,acne,2025-12-02
1246,normal,dullness,aging,2025-11-28
1247,normal,acne,dullness,2025-04-27
1248,combination,dullness,acne,2025-01-11
1249,dry,sensitivity,dehydration,2025-12-25
1250,normal,acne,dullness,2026-06-09
1251,dry,sensitivity,acne,2025-03-26
1252,combination,dullness,pigmentation,2025-05-31
1253,oily,aging,acne,2025-03-12
1254,sensitive,dehydration,acne,2025-08-11
1255,sensitive,dullness,pigmentation,2024-12-16
1256,oily,dehydration,sensitivity,2025-04-06
1257,dry,acne,aging,2024-12-30
1258,combination,acne,sensitivity,2025-01-18
1259,combination,dullness,pigmentation,2025-07-08
1260,normal,pigmentation,sensitivity,2025-11-11
1261,dry,pigmentation,sensitivity,2025-05-07
1262,normal,aging,dullness,2025-03-28
1263,combination,dehydration,dullness,2025-05-15
1264,normal,pigmentation,dullness,2025-06-18
1265,dry,sensitivity,dullness,2025-10-29
1266,oily,aging,pigmentation,2026-03-31
1267,oily,acne,aging,2025-08-28
1268,dry,acne,dehydration,2024-09-30
1269,normal,sensitivity,acne,2025-01-29
1270,oily,acne,dehydration,2025-01-01
1271,dry,aging,sensitivity,2025-01-14
1272,oily,dehydration,sensitivity,2024-09-01
1273,normal,dullness,pigmentation,2026-01-22
1274,sensitive,pigmentation,acne,2025-01-26
1275,sensitive,acne,pigmentation,2026-05-17
1276,sensitive,dehydration,dullness,2026-01-09
1277,sensitive,aging,pigmentation,2026-06-15
1278,sensitive,acne,dullness,2025-08-26
1279,oily,pigmentation,acne,2026-03-26
1280,normal,dullness,sensitivity,2025-09-27
1281,sensitive,pigmentation,sensitivity,2026-03-30
1282,sensitive,aging,acne,2026-06-10
1283,dry,acne,dullness,2025-07-22
1284,normal,dehydration,dullness,2025-09-09
1285,dry,dullness,aging,2025-09-05
1286,oily,dehydration,aging,2025-10-27
1287,normal,acne,dullness,2025-09-10
1288,dry,aging,pigmentation,2026-07-04
1289,oily,pigmentation,dehydration,2025-07-22
1290,sensitive,dullness,pigmentation,2024-10-25
1291,dry,dehydration,sensitivity,2026-03-27
1292,normal,pigmentation,dullness,2026-03-23
1293,combination,dehydration,dullness,2024-12-13
1294,oily,dullness,acne,2025-07-05
1295,normal,dehydration,pigmentation,2025-12-30
1296,combination,acne,sensitivity,2024-12-10
1297,dry,sensitivity,pigmentation,2025-11-11
1298,sensitive,aging,dehydration,2025-04-21
1299,combination,pigmentation,aging,2025-05-26
1300,oily,pigmentation,dullness,2026-03-05
1301,sensitive,sensitivity,aging,2025-01-01
1302,combination,sensitivity,dullness,2025-04-11
1303,sensitive,acne,aging,2026-02-04
1304,normal,aging,sensitivity,2024-12-30
1305,sensitive,dehydration,acne,2025-04-09
1306,sensitive,dullness,aging,2024-10-20
1307,dry,pigmentation,dehydration,2024-11-14
1308,dry,aging,dullness,2025-11-16
1309,combination,aging,acne,2024-08-21
1310,normal,pigmentation,dullness,2026-06-12
1311,combination,sensitivity,dehydration,2025-11-04
1312,dry,pigmentation,dullness,2025-04-18
1313,sensitive,dehydration,dullness,2025-06-11
1314,normal,sensitivity,dullness,2026-01-22
1315,normal,dehydration,sensitivity,2026-02-11
1316,dry,dehydration,aging,2024-12-13
1317,sensitive,acne,dehydration,2024-10-04
1318,combination,acne,dullness,2025-02-25
1319,combination,dehydration,sensitivity,2025-06-14
1320,dry,dehydration,pigmentation,2024-12-18
1321,oily,dehydration,aging,2026-01-12
1322,dry,aging,dullness,2024-07-29
1323,combination,dullness,sensitivity,2026-04-06
1324,normal,acne,dehydration,2025-05-05
1325,normal,pigmentation,dehydration,2025-10-30
1326,oily,dullness,aging,2024-09-13
1327,sensitive,acne,aging,2026-01-09
1328,oily,acne,dehydration,2025-03-24
1329,sensitive,acne,dullness,2026-03-14
1330,dry,pigmentation,dullness,2026-02-24
1331,combination,sensitivity,dehydration,2025-09-05
1332,sensitive,dehydration,aging,2024-11-29
1333,combination,sensitivity,aging,2025-12-15
1334,normal,pigmentation,dullness,2025-02-14
1335,combination,dullness,aging,2025-05-15
1336,normal,sensitivity,acne,2024-07-22
1337,sensitive,aging,dullness,2025-11-29
1338,dry,dullness,dehydration,2026-01-10
1339,sensitive,dehydration,aging,2024-09-15
1340,combination,dehydration,sensitivity,2025-11-05
1341,combination,sensitivity,dullness,2026-01-31
1342,oily,dullness,dehydration,2024-11-13
1343,oily,dullness,pigmentation,2024-11-19
1344,combination,sensitivity,dullness,2026-05-22
1345,oily,dehydration,dullness,2024-10-19
1346,normal,aging,dehydration,2025-03-31
1347,normal,dullness,dehydration,2025-12-15
1348,sensitive,dullness,pigmentation,2025-06-10
1349,sensitive,pigmentation,dehydration,2026-01-13
1350,combination,dullness,aging,2026-03-05
1351,oily,dullness,dehydration,2026-04-01
1352,dry,sensitivity,aging,2026-03-08
1353,combination,dullness,dehydration,2025-05-06
1354,normal,acne,dullness,2024-11-21
1355,dry,sensitivity,acne,2025-07-16
1356,combination,dullness,pigmentation,2026-06-25
1357,dry,pigmentation,sensitivity,2025-08-27
1358,oily,dehydration,sensitivity,2025-01-07
1359,oily,aging,sensitivity,2024-11-03
1360,dry,aging,sensitivity,2025-01-17
1361,oily,sensitivity,dullness,2025-10-09
1362,oily,sensitivity,aging,2025-03-19
1363,dry,dullness,acne,2026-05-18
1364,dry,aging,pigmentation,2025-09-10
1365,combination,sensitivity,aging,2025-06-09
1366,oily,pigmentation,acne,2026-06-16
1367,dry,dehydration,dullness,2026-06-26
1368,combination,dullness,aging,2024-11-27
1369,normal,sensitivity,dehydration,2026-01-26
1370,sensitive,aging,acne,2026-04-06
1371,normal,dehydration,pigmentation,2025-04-30
1372,dry,acne,dullness,2025-12-13
1373,combination,dehydration,acne,2024-07-21
1374,combination,acne,sensitivity,2024-08-13
1375,normal,dullness,pigmentation,2024-11-11
1376,normal,pigmentation,acne,2025-11-28
1377,normal,sensitivity,dullness,2024-10-05
1378,sensitive,dehydration,pigmentation,2026-01-01
1379,combination,acne,aging,2026-01-12
1380,combination,sensitivity,dehydration,2024-07-25
1381,normal,pigmentation,sensitivity,2025-03-01
1382,dry,dullness,aging,2026-05-05
1383,dry,acne,dullness,2024-09-26
1384,normal,acne,dullness,2026-03-11
1385,dry,pigmentation,aging,2025-02-23
1386,dry,dullness,dehydration,2025-08-20
1387,combination,dullness,pigmentation,2026-06-24
1388,dry,sensitivity,pigmentation,2024-12-08
1389,normal,acne,pigmentation,2025-02-20
1390,normal,dehydration,aging,2024-09-28
1391,dry,acne,dehydration,2025-04-15
1392,combination,pigmentation,aging,2024-12-31
1393,normal,pigmentation,dehydration,2024-09-12
1394,sensitive,acne,dullness,2024-07-23
1395,dry,dullness,dehydration,2025-05-23
1396,combination,sensitivity,dullness,2026-06-24
1397,sensitive,dehydration,acne,2025-10-27
1398,sensitive,sensitivity,dehydration,2025-04-10
1399,oily,dullness,dehydration,2026-04-17
1400,dry,acne,sensitivity,2026-04-12
1401,normal,aging,dullness,2025-09-21
1402,dry,dehydration,aging,2024-09-09
1403,dry,acne,dehydration,2025-11-13
1404,dry,acne,dullness,2024-08-22
1405,oily,sensitivity,pigmentation,2024-11-27
1406,oily,acne,pigmentation,2025-11-27
1407,dry,sensitivity,pigmentation,2026-01-19
1408,normal,dehydration,aging,2024-11-08
1409,oily,dullness,pigmentation,2024-12-31
1410,dry,dullness,dehydration,2025-04-02
1411,oily,acne,pigmentation,2024-07-21
1412,combination,aging,sensitivity,2026-04-24
1413,dry,dehydration,pigmentation,2025-09-27
1414,sensitive,sensitivity,dehydration,2025-04-22
1415,combination,aging,acne,2026-05-15
1416,sensitive,sensitivity,aging,2024-07-23
1417,sensitive,dehydration,pigmentation,2025-05-15
1418,combination,acne,dehydration,2025-11-23
1419,normal,dullness,acne,2026-01-13
1420,combination,dullness,pigmentation,2026-07-06
1421,normal,dullness,dehydration,2025-04-29
1422,normal,dehydration,dullness,2024-07-22
1423,combination,sensitivity,dehydration,2026-06-10
1424,sensitive,dullness,acne,2025-09-07
1425,dry,pigmentation,dehydration,2025-03-10
1426,normal,sensitivity,aging,2025-08-25
1427,sensitive,sensitivity,dehydration,2025-03-18
1428,normal,dehydration,sensitivity,2025-02-01
1429,dry,dullness,sensitivity,2024-07-31
1430,sensitive,acne,dehydration,2025-04-21
1431,combination,aging,acne,2025-02-03
1432,oily,pigmentation,dullness,2025-11-28
1433,oily,dullness,dehydration,2026-03-18
1434,combination,dehydration,pigmentation,2026-04-24
1435,dry,pigmentation,sensitivity,2026-04-18
1436,oily,sensitivity,dullness,2024-11-09
1437,combination,acne,pigmentation,2026-06-07
1438,sensitive,acne,pigmentation,2025-07-18
1439,dry,sensitivity,pigmentation,2025-04-14
1440,normal,acne,dullness,2025-03-02
1441,sensitive,dehydration,sensitivity,2026-05-19
1442,combination,dehydration,sensitivity,2024-10-15
1443,normal,pigmentation,dehydration,2025-08-21
1444,combination,acne,aging,2026-06-24
1445,oily,pigmentation,sensitivity,2026-03-31
1446,oily,acne,pigmentation,2024-10-16
1447,normal,dehydration,dullness,2024-08-16
1448,normal,sensitivity,acne,2025-01-03
1449,sensitive,sensitivity,aging,2025-11-05
1450,oily,dehydration,dullness,2024-08-13
1451,dry,dehydration,aging,2025-12-17
1452,oily,sensitivity,dehydration,2026-01-17
1453,oily,dehydration,sensitivity,2024-12-24
1454,dry,dullness,pigmentation,2025-11-13
1455,combination,sensitivity,acne,2025-06-21
1456,oily,pigmentation,sensitivity,2025-03-10
1457,normal,aging,dehydration,2026-03-07
1458,combination,sensitivity,dullness,2024-08-29
1459,dry,pigmentation,aging,2026-03-07
1460,combination,pigmentation,acne,2024-07-11
1461,sensitive,acne,dullness,2025-12-16
1462,dry,pigmentation,dehydration,2025-09-05
1463,oily,dullness,acne,2026-01-02
1464,oily,sensitivity,acne,2025-06-07
1465,normal,acne,aging,2026-07-06
1466,oily,dehydration,aging,2026-03-04
1467,sensitive,dehydration,dullness,2025-06-22
1468,dry,sensitivity,dehydration,2025-02-14
1469,sensitive,dehydration,pigmentation,2024-08-02
1470,oily,acne,aging,2024-11-01
1471,normal,aging,sensitivity,2024-09-01
1472,sensitive,sensitivity,aging,2024-11-30
1473,combination,sensitivity,pigmentation,2024-12-16
1474,dry,dullness,sensitivity,2025-10-27
1475,normal,sensitivity,dehydration,2024-09-13
1476,dry,dehydration,acne,2024-08-01
1477,combination,acne,pigmentation,2025-06-26
1478,dry,sensitivity,dullness,2026-04-10
1479,dry,pigmentation,sensitivity,2026-06-05
1480,combination,aging,dehydration,2025-07-10
1481,oily,pigmentation,sensitivity,2025-03-29
1482,oily,dehydration,dullness,2025-05-27
1483,dry,acne,sensitivity,2024-09-19
1484,oily,dullness,pigmentation,2025-06-09
1485,combination,sensitivity,aging,2025-03-10
1486,normal,dehydration,sensitivity,2024-12-29
1487,oily,pigmentation,dehydration,2024-09-20
1488,oily,sensitivity,dehydration,2025-04-17
1489,oily,aging,pigmentation,2025-05-25
1490,combination,dehydration,aging,2026-05-11
1491,dry,dullness,aging,2025-03-24
1492,combination,acne,dullness,2026-02-25
1493,oily,acne,pigmentation,2025-10-10
1494,dry,pigmentation,dehydration,2025-06-12
1495,combination,sensitivity,pigmentation,2026-05-07
1496,combination,sensitivity,dehydration,2025-02-14
1497,combination,aging,acne,2025-12-13
1498,sensitive,sensitivity,aging,2025-06-26
1499,combination,acne,aging,2025-10-23
1500,normal,sensitivity,acne,2025-10-20
1501,combination,pigmentation,aging,2025-09-22
1502,dry,acne,aging,2026-05-30
1503,dry,dehydration,acne,2026-02-14
1504,dry,aging,dehydration,2024-12-09
1505,combination,pigmentation,acne,2026-04-08
1506,dry,dehydration,aging,2025-07-08
1507,normal,pigmentation,dehydration,2026-03-26
1508,combination,dehydration,sensitivity,2025-06-08
1509,normal,pigmentation,acne,2025-03-23
1510,sensitive,acne,dehydration,2025-07-29
1511,dry,pigmentation,dehydration,2024-12-20
1512,dry,dullness,acne,2025-12-25
1513,sensitive,pigmentation,dehydration,2025-05-25
1514,dry,acne,sensitivity,2025-12-16
1515,dry,dehydration,aging,2025-06-29
1516,normal,aging,sensitivity,2026-05-21
1517,combination,aging,acne,2025-12-22
1518,oily,pigmentation,acne,2025-02-04
1519,combination,acne,aging,2024-12-15
1520,combination,acne,sensitivity,2025-12-20
1521,normal,dehydration,aging,2025-12-30
1522,sensitive,acne,pigmentation,2025-11-30
1523,oily,pigmentation,acne,2025-12-14
1524,oily,sensitivity,dullness,2024-07-10
1525,sensitive,aging,dehydration,2025-03-18
1526,oily,dehydration,acne,2025-09-27
1527,dry,aging,pigmentation,2025-08-03
1528,oily,sensitivity,dehydration,2025-06-28
1529,oily,dehydration,sensitivity,2025-05-28
1530,normal,aging,acne,2025-09-27
1531,oily,dehydration,sensitivity,2024-07-24
1532,oily,aging,dehydration,2025-12-06
1533,normal,sensitivity,aging,2025-08-28
1534,oily,aging,dehydration,2026-07-02
1535,normal,sensitivity,aging,2025-07-12
1536,oily,dullness,acne,2024-10-20
1537,oily,dullness,acne,2024-07-08
1538,oily,aging,pigmentation,2025-07-26
1539,sensitive,dehydration,sensitivity,2026-03-27
1540,sensitive,dehydration,aging,2025-01-26
1541,combination,dehydration,acne,2025-03-25
1542,dry,dehydration,sensitivity,2024-08-05
1543,oily,acne,dullness,2025-07-02
1544,combination,sensitivity,pigmentation,2026-07-04
1545,dry,sensitivity,acne,2024-09-16
1546,combination,pigmentation,dehydration,2025-02-28
1547,sensitive,sensitivity,dehydration,2024-11-29
1548,normal,dullness,acne,2026-04-11
1549,combination,pigmentation,sensitivity,2025-08-06
1550,oily,pigmentation,aging,2025-08-06
1551,dry,aging,dullness,2025-12-23
1552,normal,acne,aging,2024-10-26
1553,combination,dehydration,aging,2026-02-19
1554,sensitive,dehydration,dullness,2026-05-15
1555,combination,dehydration,sensitivity,2026-01-16
1556,oily,dullness,acne,2024-07-13
1557,normal,aging,dehydration,2026-04-15
1558,sensitive,dehydration,aging,2025-05-08
1559,normal,sensitivity,pigmentation,2026-02-23
1560,normal,acne,dullness,2025-09-21
1561,dry,aging,pigmentation,2025-05-29
1562,dry,sensitivity,aging,2026-06-22
1563,dry,sensitivity,dullness,2026-01-11
1564,normal,sensitivity,dullness,2025-05-04
1565,combination,pigmentation,dehydration,2026-06-26
1566,combination,aging,dehydration,2025-07-10
1567,normal,acne,sensitivity,2025-04-21
1568,sensitive,sensitivity,pigmentation,2026-01-30
1569,normal,dullness,aging,2026-03-10
1570,normal,pigmentation,acne,2025-07-13
1571,oily,acne,dullness,2025-01-27
1572,dry,dehydration,dullness,2026-06-27
1573,sensitive,dehydration,aging,2025-11-02
1574,normal,sensitivity,dullness,2024-07-06
1575,oily,sensitivity,acne,2025-11-03
1576,dry,dehydration,sensitivity,2025-11-06
1577,combination,dehydration,sensitivity,2025-01-13
1578,sensitive,dehydration,sensitivity,2025-07-20
1579,oily,sensitivity,dehydration,2025-09-23
1580,sensitive,aging,dullness,2024-12-10
1581,dry,dehydration,sensitivity,2026-06-14
1582,dry,dehydration,dullness,2025-01-31
1583,combination,acne,aging,2025-10-01
1584,combination,dehydration,dullness,2024-09-25
1585,sensitive,aging,pigmentation,2025-01-23
1586,dry,acne,dullness,2024-08-17
1587,normal,pigmentation,acne,2026-04-03
1588,oily,acne,sensitivity,2026-02-18
1589,normal,sensitivity,acne,2024-09-14
1590,oily,dehydration,sensitivity,2025-09-24
1591,sensitive,acne,aging,2024-11-17
1592,dry,dullness,acne,2025-02-19
1593,dry,dullness,pigmentation,2025-07-06
1594,oily,dullness,dehydration,2026-06-04
1595,sensitive,dullness,dehydration,2026-05-13
1596,oily,sensitivity,pigmentation,2025-01-28
1597,sensitive,dullness,sensitivity,2026-04-26
1598,sensitive,dullness,aging,2026-07-03
1599,normal,dullness,sensitivity,2026-01-27
1600,sensitive,aging,pigmentation,2024-09-06
1601,dry,sensitivity,acne,2025-04-05
1602,sensitive,aging,dullness,2025-01-28
1603,normal,dehydration,dullness,2025-03-17
1604,dry,dullness,sensitivity,2025-05-19
1605,oily,dehydration,sensitivity,2025-12-31
1606,normal,dehydration,pigmentation,2025-08-27
1607,oily,dehydration,sensitivity,2025-06-03
1608,combination,dullness,dehydration,2024-07-14
1609,dry,dullness,acne,2024-09-17
1610,oily,dullness,acne,2025-01-14
1611,sensitive,aging,sensitivity,2024-11-19
1612,oily,dehydration,pigmentation,2024-11-23
1613,sensitive,sensitivity,acne,2025-03-05
1614,sensitive,dehydration,acne,2024-11-10
1615,oily,dehydration,acne,2026-05-14
1616,oily,dehydration,acne,2026-06-21
1617,sensitive,aging,sensitivity,2025-08-16
1618,combination,acne,aging,2026-05-28
1619,oily,aging,acne,2025-10-31
1620,normal,dehydration,dullness,2026-02-11
1621,dry,dehydration,aging,2024-08-05
1622,oily,dullness,sensitivity,2025-03-15
1623,normal,dehydration,pigmentation,2026-06-06
1624,oily,acne,dullness,2025-04-06
1625,combination,dullness,pigmentation,2025-01-17
1626,normal,dehydration,acne,2025-11-11
1627,combination,dullness,dehydration,2024-09-29
1628,combination,dehydration,aging,2024-07-25
1629,dry,aging,acne,2024-07-20
1630,oily,dullness,dehydration,2026-04-29
1631,combination,dullness,pigmentation,2025-08-12
1632,normal,dehydration,sensitivity,2024-12-16
1633,oily,pigmentation,sensitivity,2025-08-17
1634,normal,pigmentation,sensitivity,2025-07-20
1635,combination,aging,dullness,2025-11-08
1636,combination,pigmentation,sensitivity,2025-09-03
1637,oily,aging,dullness,2025-02-14
1638,sensitive,aging,dehydration,2026-06-18
1639,oily,pigmentation,sensitivity,2024-11-29
1640,dry,aging,dehydration,2025-01-20
1641,sensitive,dullness,aging,2026-03-27
1642,oily,dehydration,dullness,2024-12-19
1643,combination,pigmentation,acne,2025-06-20
1644,combination,sensitivity,acne,2025-11-15
1645,oily,aging,dullness,2025-08-08
1646,dry,dehydration,sensitivity,2025-06-24
1647,dry,acne,dullness,2026-02-03
1648,sensitive,pigmentation,dehydration,2025-04-19
1649,normal,aging,acne,2025-04-03
1650,normal,aging,dehydration,2025-10-11
1651,oily,aging,dullness,2025-08-04
1652,oily,acne,dehydration,2025-04-13
1653,oily,aging,acne,2025-07-03
1654,combination,dehydration,aging,2025-08-23
1655,oily,dehydration,acne,2024-08-07
1656,dry,pigmentation,dehydration,2024-10-03
1657,normal,aging,pigmentation,2025-10-02
1658,normal,dullness,pigmentation,2025-01-27
1659,normal,dullness,aging,2024-11-21
1660,dry,dehydration,pigmentation,2026-04-17
1661,sensitive,aging,dullness,2025-04-30
1662,sensitive,dehydration,aging,2024-11-29
1663,oily,sensitivity,aging,2026-05-26
1664,combination,pigmentation,aging,2025-11-02
1665,combination,dehydration,sensitivity,2024-11-30
1666,dry,pigmentation,dullness,2024-08-22
1667,sensitive,aging,dullness,2024-07-11
1668,sensitive,dullness,pigmentation,2025-04-21
1669,combination,dullness,pigmentation,2026-06-05
1670,sensitive,dullness,sensitivity,2026-06-16
1671,sensitive,pigmentation,aging,2024-11-21
1672,combination,acne,pigmentation,2025-01-16
1673,dry,sensitivity,dehydration,2026-02-15
1674,sensitive,sensitivity,pigmentation,2026-04-02
1675,sensitive,sensitivity,acne,2026-03-22
1676,normal,dullness,pigmentation,2024-10-03
1677,oily,sensitivity,dehydration,2024-12-25
1678,combination,aging,dullness,2024-08-12
1679,normal,acne,sensitivity,2026-04-14
1680,combination,pigmentation,sensitivity,2025-02-13
1681,normal,pigmentation,dullness,2024-08-30
1682,oily,aging,acne,2025-06-12
1683,oily,sensitivity,aging,2024-12-18
1684,sensitive,pigmentation,sensitivity,2025-04-22
1685,dry,dullness,dehydration,2026-07-01
1686,combination,pigmentation,dullness,2025-08-27
1687,combination,dullness,pigmentation,2025-12-27
1688,combination,dullness,aging,2026-05-06
1689,normal,acne,pigmentation,2025-04-27
1690,oily,aging,dehydration,2024-08-27
1691,sensitive,acne,dehydration,2026-05-28
1692,normal,sensitivity,dehydration,2025-11-08
1693,sensitive,dehydration,aging,2025-03-04
1694,dry,sensitivity,dullness,2025-11-20
1695,oily,sensitivity,pigmentation,2026-04-12
1696,sensitive,pigmentation,aging,2026-02-17
1697,combination,dehydration,aging,2026-06-18
1698,oily,acne,dehydration,2024-07-11
1699,dry,sensitivity,aging,2025-07-12
1700,normal,dehydration,pigmentation,2024-08-16
1701,dry,dehydration,acne,2025-02-20
1702,oily,sensitivity,aging,2025-10-24
1703,sensitive,sensitivity,pigmentation,2024-08-17
1704,oily,sensitivity,aging,2025-12-28
1705,normal,acne,pigmentation,2026-02-24
1706,normal,acne,dehydration,2024-11-25
1707,normal,sensitivity,pigmentation,2025-05-28
1708,normal,pigmentation,sensitivity,2025-09-01
1709,dry,aging,sensitivity,2025-05-03
1710,dry,acne,sensitivity,2024-07-29
1711,dry,dullness,sensitivity,2025-12-14
1712,combination,dehydration,acne,2024-09-16
1713,normal,sensitivity,pigmentation,2024-09-09
1714,sensitive,dullness,pigmentation,2024-12-28
1715,sensitive,dullness,dehydration,2026-03-14
1716,normal,dullness,pigmentation,2026-05-02
1717,sensitive,aging,pigmentation,2026-04-10
1718,dry,dullness,pigmentation,2025-02-08
1719,combination,sensitivity,acne,2025-09-17
1720,combination,pigmentation,dehydration,2024-07-15
1721,oily,aging,sensitivity,2026-07-02
1722,sensitive,dullness,sensitivity,2025-10-07
1723,sensitive,dullness,acne,2025-12-25
1724,sensitive,acne,dehydration,2024-09-30
1725,combination,pigmentation,acne,2026-04-09
1726,sensitive,dullness,sensitivity,2025-09-11
1727,normal,dehydration,acne,2024-10-11
1728,combination,dehydration,acne,2024-07-26
1729,combination,sensitivity,aging,2024-09-05
1730,oily,dehydration,pigmentation,2025-03-16
1731,sensitive,dullness,pigmentation,2026-03-09
1732,normal,pigmentation,dullness,2026-04-27
1733,sensitive,aging,dehydration,2025-09-09
1734,normal,dehydration,sensitivity,2025-07-21
1735,normal,aging,dullness,2025-06-26
1736,sensitive,dehydration,sensitivity,2026-05-31
1737,combination,acne,aging,2025-02-28
1738,oily,acne,dehydration,2025-09-21
1739,oily,pigmentation,sensitivity,2026-04-18
1740,dry,pigmentation,acne,2024-09-05
1741,combination,dullness,acne,2025-10-19
1742,sensitive,dullness,acne,2026-01-18
1743,combination,dullness,aging,2025-07-12
1744,oily,pigmentation,aging,2024-08-11
1745,dry,dullness,pigmentation,2024-11-11
1746,normal,acne,sensitivity,2026-04-24
1747,normal,aging,sensitivity,2025-02-20
1748,dry,acne,aging,2025-03-08
1749,normal,acne,dehydration,2024-09-27
1750,sensitive,acne,sensitivity,2024-07-31
1751,normal,acne,aging,2025-01-07
1752,normal,aging,sensitivity,2025-03-15
1753,sensitive,dullness,dehydration,2025-10-21
1754,dry,dullness,sensitivity,2024-09-17
1755,sensitive,aging,acne,2024-08-16
1756,dry,pigmentation,dehydration,2024-07-12
1757,dry,acne,pigmentation,2024-08-08
1758,sensitive,dehydration,acne,2025-03-24
1759,combination,sensitivity,acne,2024-08-06
1760,combination,pigmentation,sensitivity,2024-12-12
1761,dry,pigmentation,acne,2026-01-12
1762,combination,pigmentation,aging,2026-06-13
1763,oily,pigmentation,dullness,2024-07-20
1764,sensitive,pigmentation,acne,2025-08-28
1765,combination,aging,pigmentation,2024-10-06
1766,normal,dehydration,aging,2025-12-08
1767,combination,dehydration,aging,2025-10-16
1768,combination,sensitivity,dehydration,2024-11-11
1769,oily,aging,dehydration,2025-06-17
1770,oily,aging,pigmentation,2025-02-26
1771,dry,aging,pigmentation,2025-11-14
1772,dry,acne,aging,2025-04-13
1773,dry,aging,dullness,2025-07-16
1774,dry,pigmentation,dehydration,2024-08-25
1775,sensitive,aging,acne,2025-07-12
1776,oily,acne,sensitivity,2026-05-03
1777,dry,dehydration,sensitivity,2025-01-14
1778,oily,sensitivity,pigmentation,2024-08-08
1779,dry,sensitivity,dullness,2024-09-29
1780,sensitive,acne,pigmentation,2026-04-24
1781,oily,acne,dehydration,2024-07-07
1782,dry,sensitivity,pigmentation,2025-10-26
1783,oily,sensitivity,acne,2024-11-04
1784,normal,dullness,sensitivity,2025-04-02
1785,sensitive,pigmentation,sensitivity,2024-07-25
1786,dry,dullness,aging,2025-10-30
1787,oily,dullness,dehydration,2025-04-18
1788,oily,sensitivity,aging,2025-02-23
1789,combination,dullness,sensitivity,2026-03-16
1790,sensitive,acne,dehydration,2024-12-17
1791,combination,dehydration,aging,2026-03-24
1792,normal,dehydration,dullness,2024-11-08
1793,dry,pigmentation,dullness,2026-04-05
1794,dry,acne,aging,2026-02-25
1795,combination,acne,aging,2025-07-10
1796,dry,sensitivity,dullness,2026-02-23
1797,normal,aging,sensitivity,2026-05-11
1798,oily,dullness,dehydration,2026-05-29
1799,combination,sensitivity,dehydration,2025-12-09
1800,combination,acne,pigmentation,2025-07-13
1801,oily,pigmentation,acne,2026-06-04
1802,combination,dehydration,sensitivity,2026-03-28
1803,combination,dullness,acne,2025-04-15
1804,dry,acne,aging,2025-11-16
1805,oily,dehydration,aging,2024-12-30
1806,oily,acne,dullness,2024-10-30
1807,oily,dehydration,acne,2026-06-14
1808,combination,dehydration,pigmentation,2024-08-12
1809,oily,dehydration,dullness,2025-02-22
1810,normal,aging,dehydration,2024-11-13
1811,dry,pigmentation,dullness,2025-07-22
1812,sensitive,sensitivity,acne,2026-07-06
1813,sensitive,dullness,pigmentation,2024-09-27
1814,combination,dullness,pigmentation,2025-05-17
1815,normal,acne,dehydration,2026-06-09
1816,oily,dullness,dehydration,2026-03-07
1817,dry,dullness,pigmentation,2026-02-06
1818,dry,pigmentation,acne,2025-10-05
1819,oily,dehydration,dullness,2025-08-17
1820,dry,acne,sensitivity,2025-08-28
1821,dry,dehydration,acne,2024-10-10
1822,sensitive,sensitivity,dullness,2024-08-16
1823,dry,dullness,acne,2025-02-25
1824,normal,acne,dullness,2025-03-30
1825,sensitive,dullness,sensitivity,2024-10-13
1826,normal,dullness,pigmentation,2025-12-23
1827,oily,dullness,aging,2025-05-24
1828,normal,pigmentation,sensitivity,2025-03-24
1829,sensitive,dullness,aging,2025-12-10
1830,normal,pigmentation,acne,2024-08-10
1831,dry,dullness,dehydration,2026-01-15
1832,normal,dullness,aging,2026-05-24
1833,combination,dullness,aging,2025-11-12
1834,oily,dehydration,pigmentation,2024-11-17
1835,combination,sensitivity,dullness,2025-10-06
1836,oily,dehydration,aging,2026-01-29
1837,normal,dehydration,aging,2024-10-07
1838,dry,sensitivity,dehydration,2026-03-17
1839,dry,pigmentation,aging,2026-03-12
1840,combination,pigmentation,aging,2024-09-17
1841,combination,dullness,sensitivity,2025-11-14
1842,oily,aging,sensitivity,2026-07-05
1843,normal,dehydration,dullness,2025-08-24
1844,normal,acne,dehydration,2025-01-11
1845,sensitive,acne,pigmentation,2024-12-30
1846,sensitive,dehydration,aging,2026-05-04
1847,combination,dehydration,pigmentation,2025-12-13
1848,combination,pigmentation,dullness,2025-04-11
1849,combination,pigmentation,sensitivity,2025-03-11
1850,oily,dullness,sensitivity,2025-04-09
1851,oily,aging,acne,2025-11-01
1852,dry,pigmentation,aging,2024-10-14
1853,combination,dullness,sensitivity,2026-05-10
1854,oily,dehydration,pigmentation,2024-11-12
1855,oily,dehydration,aging,2024-08-18
1856,normal,dehydration,dullness,2025-02-21
1857,dry,dullness,sensitivity,2025-08-27
1858,combination,sensitivity,dehydration,2025-10-01
1859,combination,pigmentation,acne,2025-08-22
1860,sensitive,acne,aging,2026-03-07
1861,sensitive,acne,pigmentation,2026-01-25
1862,dry,sensitivity,pigmentation,2025-03-29
1863,normal,dullness,pigmentation,2025-05-30
1864,dry,pigmentation,sensitivity,2025-07-08
1865,normal,sensitivity,dullness,2025-07-24
1866,combination,pigmentation,sensitivity,2026-05-11
1867,oily,dullness,dehydration,2024-10-10
1868,sensitive,pigmentation,dehydration,2024-08-07
1869,oily,acne,sensitivity,2026-01-08
1870,sensitive,pigmentation,dullness,2025-11-19
1871,oily,pigmentation,acne,2025-04-02
1872,dry,dullness,dehydration,2026-07-05
1873,sensitive,acne,sensitivity,2026-04-23
1874,normal,pigmentation,sensitivity,2024-09-15
1875,combination,dullness,pigmentation,2026-03-02
1876,oily,aging,acne,2025-05-11
1877,dry,dullness,aging,2024-09-30
1878,normal,dullness,sensitivity,2025-01-17
1879,sensitive,sensitivity,acne,2025-12-20
1880,oily,sensitivity,dehydration,2026-03-17
1881,dry,pigmentation,aging,2025-01-28
1882,dry,dehydration,aging,2025-09-14
1883,oily,dullness,sensitivity,2024-07-29
1884,normal,dullness,aging,2025-03-22
1885,sensitive,dehydration,dullness,2026-06-28
1886,oily,acne,dullness,2026-01-04
1887,sensitive,aging,sensitivity,2025-01-08
1888,combination,dehydration,pigmentation,2025-02-09
1889,oily,sensitivity,aging,2025-01-10
1890,combination,acne,sensitivity,2026-01-17
1891,oily,aging,dehydration,2026-01-05
1892,dry,pigmentation,acne,2026-02-04
1893,normal,pigmentation,sensitivity,2025-02-13
1894,sensitive,acne,sensitivity,2026-06-28
1895,oily,dullness,pigmentation,2024-11-18
1896,normal,dehydration,dullness,2025-12-12
1897,combination,dullness,acne,2025-07-15
1898,normal,aging,sensitivity,2026-01-07
1899,sensitive,dehydration,acne,2025-08-30
1900,dry,dullness,sensitivity,2024-12-25
1901,combination,sensitivity,acne,2026-02-11
1902,combination,aging,dehydration,2025-05-16
1903,sensitive,pigmentation,acne,2026-05-26
1904,dry,aging,pigmentation,2026-02-27
1905,dry,dullness,pigmentation,2025-02-21
1906,dry,aging,dehydration,2025-05-17
1907,dry,dehydration,pigmentation,2025-04-16
1908,oily,acne,dehydration,2026-01-23
1909,oily,dullness,dehydration,2026-02-06
1910,normal,aging,pigmentation,2025-08-29
1911,oily,pigmentation,acne,2026-04-03
1912,normal,dullness,aging,2024-09-25
1913,oily,dehydration,sensitivity,2025-12-23
1914,sensitive,dullness,aging,2025-01-27
1915,dry,acne,dehydration,2026-03-14
1916,combination,acne,dullness,2025-03-18
1917,dry,aging,dullness,2026-02-07
1918,combination,dehydration,pigmentation,2025-12-13
1919,combination,pigmentation,dullness,2025-09-08
1920,combination,pigmentation,acne,2026-04-06
1921,dry,sensitivity,pigmentation,2026-04-06
1922,combination,acne,aging,2025-01-02
1923,normal,acne,sensitivity,2025-10-27
1924,combination,acne,pigmentation,2025-05-17
1925,dry,sensitivity,dehydration,2025-03-21
1926,oily,aging,pigmentation,2025-04-07
1927,dry,acne,aging,2025-04-04
1928,oily,pigmentation,sensitivity,2024-07-24
1929,oily,sensitivity,dullness,2025-04-01
1930,normal,dehydration,pigmentation,2025-10-25
1931,oily,pigmentation,sensitivity,2025-12-10
1932,combination,pigmentation,aging,2024-11-28
1933,normal,acne,dullness,2025-09-01
1934,normal,dehydration,pigmentation,2025-05-24
1935,oily,acne,dullness,2024-11-18
1936,oily,pigmentation,acne,2026-01-16
1937,dry,aging,pigmentation,2026-01-25
1938,combination,dullness,pigmentation,2026-05-29
1939,normal,dullness,acne,2026-05-15
1940,dry,dehydration,pigmentation,2025-04-12
1941,oily,pigmentation,aging,2025-07-03
1942,dry,aging,sensitivity,2025-12-01
1943,normal,aging,dehydration,2026-02-02
1944,oily,acne,sensitivity,2025-02-13
1945,dry,dehydration,aging,2026-05-05
1946,oily,dullness,aging,2025-02-09
1947,oily,aging,pigmentation,2024-09-13
1948,normal,sensitivity,aging,2025-08-08
1949,oily,pigmentation,dehydration,2025-07-10
1950,dry,sensitivity,dullness,2025-06-09
1951,normal,dehydration,pigmentation,2026-04-28
1952,sensitive,pigmentation,dullness,2025-04-04
1953,oily,dehydration,aging,2025-10-13
1954,combination,dehydration,pigmentation,2025-07-29
1955,normal,aging,pigmentation,2026-06-20
1956,combination,aging,dehydration,2024-10-03
1957,combination,sensitivity,aging,2025-11-05
1958,combination,acne,dullness,2026-05-12
1959,sensitive,acne,sensitivity,2024-12-12
1960,oily,dullness,acne,2024-07-20
1961,normal,sensitivity,acne,2025-06-21
1962,normal,dullness,sensitivity,2026-06-12
1963,oily,acne,sensitivity,2024-07-12
1964,normal,dullness,sensitivity,2026-02-04
1965,normal,pigmentation,dullness,2026-01-12
1966,sensitive,dehydration,sensitivity,2025-02-04
1967,dry,dullness,pigmentation,2025-11-06
1968,combination,aging,dullness,2026-05-05
1969,normal,dullness,sensitivity,2025-02-22
1970,oily,dehydration,aging,2025-12-27
1971,normal,dehydration,dullness,2024-10-15
1972,normal,aging,dehydration,2026-03-16
1973,sensitive,dullness,sensitivity,2024-09-12
1974,dry,acne,pigmentation,2025-01-24
1975,combination,aging,sensitivity,2026-01-12
1976,oily,aging,pigmentation,2025-05-09
1977,normal,dullness,sensitivity,2024-08-20
1978,dry,sensitivity,pigmentation,2026-05-20
1979,oily,sensitivity,pigmentation,2024-11-14
1980,sensitive,aging,pigmentation,2025-08-04
1981,sensitive,dullness,acne,2024-08-12
1982,sensitive,acne,dehydration,2026-02-04
1983,oily,aging,acne,2025-01-27
1984,sensitive,dehydration,aging,2024-07-29
1985,sensitive,dehydration,pigmentation,2025-10-28
1986,sensitive,sensitivity,aging,2026-04-19
1987,normal,aging,sensitivity,2025-09-23
1988,dry,sensitivity,acne,2025-04-25
1989,dry,sensitivity,aging,2025-04-02
1990,normal,dullness,aging,2025-07-19
1991,combination,acne,pigmentation,2024-08-24
1992,combination,aging,pigmentation,2025-05-10
1993,dry,dehydration,pigmentation,2025-03-25
1994,sensitive,dullness,sensitivity,2024-08-06
1995,sensitive,sensitivity,acne,2024-08-19
1996,oily,dehydration,aging,2025-10-30
1997,combination,acne,pigmentation,2025-12-09
1998,normal,sensitivity,aging,2025-01-05
1999,dry,aging,dullness,2025-06-18
2000,dry,dehydration,dullness,2025-08-13
2001,normal,dullness,dehydration,2025-02-11
2002,oily,aging,pigmentation,2025-03-10
2003,dry,acne,dullness,2024-09-07
2004,combination,acne,pigmentation,2025-10-12
2005,sensitive,dullness,pigmentation,2025-01-01
2006,oily,dullness,aging,2026-01-21
2007,combination,dullness,sensitivity,2024-08-21
2008,oily,acne,sensitivity,2026-05-06
2009,sensitive,dullness,pigmentation,2025-01-04
2010,sensitive,acne,dehydration,2026-04-23
2011,combination,acne,aging,2024-10-01
2012,dry,aging,dullness,2024-08-04
2013,oily,dullness,acne,2024-11-16
2014,normal,dullness,aging,2024-12-07
2015,sensitive,sensitivity,aging,2025-07-22
2016,dry,sensitivity,dullness,2026-01-08
2017,combination,aging,acne,2024-07-16
2018,sensitive,dehydration,acne,2025-06-15
2019,sensitive,acne,pigmentation,2024-11-17
2020,combination,sensitivity,dehydration,2025-01-30
2021,dry,aging,acne,2025-02-09
2022,sensitive,dehydration,pigmentation,2025-10-22
2023,sensitive,sensitivity,aging,2025-08-28
2024,combination,dehydration,dullness,2025-08-19
2025,oily,sensitivity,dullness,2025-04-22
2026,combination,acne,dehydration,2025-01-27
2027,sensitive,pigmentation,sensitivity,2026-02-11
2028,normal,dullness,sensitivity,2026-01-21
2029,combination,dullness,pigmentation,2026-06-01
2030,dry,acne,sensitivity,2025-06-17
2031,combination,dehydration,acne,2025-03-05
2032,oily,acne,dullness,2026-02-03
2033,oily,sensitivity,dullness,2025-02-01
2034,sensitive,acne,dullness,2026-07-04
2035,normal,aging,pigmentation,2024-10-11
2036,normal,dehydration,pigmentation,2025-02-17
2037,combination,dullness,sensitivity,2025-02-22
2038,oily,dehydration,sensitivity,2025-02-04
2039,normal,dehydration,dullness,2025-10-17
2040,combination,sensitivity,dullness,2024-07-09
2041,dry,aging,sensitivity,2025-01-07
2042,normal,sensitivity,aging,2026-02-24
2043,sensitive,dullness,acne,2024-08-31
2044,sensitive,sensitivity,dehydration,2025-01-12
2045,dry,dehydration,aging,2025-11-21
2046,normal,acne,sensitivity,2024-08-13
2047,combination,dullness,aging,2026-01-06
2048,combination,sensitivity,dullness,2025-03-22
2049,sensitive,acne,dullness,2025-03-04
2050,sensitive,sensitivity,pigmentation,2024-08-01
2051,oily,acne,dehydration,2025-05-16
2052,dry,sensitivity,dullness,2024-07-10
2053,dry,dehydration,pigmentation,2025-12-11
2054,normal,acne,pigmentation,2024-11-28
2055,sensitive,dehydration,dullness,2026-01-08
2056,dry,acne,sensitivity,2024-07-06
2057,sensitive,dullness,sensitivity,2024-12-25
2058,sensitive,sensitivity,aging,2025-04-05
2059,dry,pigmentation,aging,2026-05-19
2060,combination,pigmentation,acne,2025-07-08
2061,normal,aging,dehydration,2026-03-23
2062,combination,aging,dehydration,2024-09-04
2063,oily,acne,dullness,2025-10-02
2064,sensitive,aging,dehydration,2024-11-06
2065,combination,pigmentation,sensitivity,2024-09-12
2066,combination,acne,sensitivity,2026-04-17
2067,sensitive,pigmentation,acne,2024-12-28
2068,normal,acne,dullness,2025-11-27
2069,dry,sensitivity,acne,2026-04-18
2070,combination,sensitivity,dehydration,2025-12-28
2071,oily,aging,dehydration,2025-05-30
2072,sensitive,sensitivity,dehydration,2024-10-19
2073,combination,aging,dehydration,2025-02-16
2074,dry,sensitivity,aging,2026-01-17
2075,sensitive,pigmentation,dehydration,2025-12-02
2076,combination,pigmentation,dehydration,2025-11-26
2077,combination,dehydration,sensitivity,2025-01-14
2078,combination,pigmentation,dehydration,2025-06-22
2079,dry,dehydration,pigmentation,2026-06-19
2080,oily,aging,pigmentation,2026-05-12
2081,normal,aging,sensitivity,2026-05-12
2082,oily,aging,pigmentation,2024-08-03
2083,dry,dehydration,acne,2025-07-03
2084,sensitive,acne,aging,2025-07-13
2085,oily,dehydration,sensitivity,2024-12-27
2086,sensitive,dehydration,aging,2026-02-17
2087,sensitive,dehydration,sensitivity,2026-06-13
2088,sensitive,sensitivity,pigmentation,2025-12-21
2089,dry,dehydration,dullness,2026-02-04
2090,oily,dullness,pigmentation,2024-11-30
2091,normal,aging,sensitivity,2024-11-15
2092,dry,aging,pigmentation,2025-03-30
2093,normal,dehydration,aging,2024-09-09
2094,oily,aging,pigmentation,2025-08-01
2095,oily,dullness,pigmentation,2026-01-12
2096,sensitive,acne,dullness,2025-11-06
2097,normal,pigmentation,aging,2026-03-25
2098,normal,pigmentation,dullness,2024-09-16
2099,sensitive,aging,acne,2025-04-21
2100,dry,dullness,sensitivity,2024-12-19
2101,normal,dehydration,aging,2025-12-13
2102,sensitive,aging,dullness,2025-01-28
2103,oily,acne,pigmentation,2025-11-07
2104,oily,dullness,sensitivity,2025-08-14
2105,normal,acne,aging,2025-03-17
2106,dry,sensitivity,dehydration,2024-07-19
2107,sensitive,dehydration,acne,2025-05-24
2108,oily,pigmentation,dehydration,2025-02-02
2109,dry,pigmentation,dehydration,2025-04-28
2110,dry,acne,aging,2025-08-31
2111,dry,aging,pigmentation,2024-08-24
2112,sensitive,acne,dehydration,2024-08-03
2113,normal,sensitivity,acne,2025-11-22
2114,normal,acne,aging,2024-09-20
2115,sensitive,dullness,dehydration,2025-08-11
2116,dry,dullness,sensitivity,2025-01-12
2117,normal,pigmentation,sensitivity,2025-06-24
2118,combination,dehydration,dullness,2024-12-23
2119,combination,acne,dullness,2024-10-07
2120,sensitive,sensitivity,acne,2025-08-31
2121,sensitive,dehydration,sensitivity,2025-02-09
2122,normal,dullness,acne,2025-07-01
2123,combination,sensitivity,pigmentation,2024-11-29
2124,sensitive,aging,sensitivity,2026-02-16
2125,sensitive,pigmentation,aging,2025-01-20
2126,dry,acne,aging,2025-04-27
2127,dry,sensitivity,aging,2025-08-11
2128,sensitive,aging,dehydration,2025-10-09
2129,oily,dehydration,acne,2025-02-09
2130,dry,pigmentation,dullness,2025-10-26
2131,sensitive,sensitivity,acne,2026-06-12
2132,normal,sensitivity,pigmentation,2024-08-12
2133,combination,pigmentation,dullness,2025-08-13
2134,dry,aging,pigmentation,2026-03-08
2135,combination,dehydration,dullness,2026-01-23
2136,sensitive,pigmentation,dehydration,2024-11-07
2137,combination,acne,aging,2025-11-06
2138,oily,pigmentation,dehydration,2025-12-13
2139,combination,dullness,pigmentation,2025-07-15
2140,combination,acne,aging,2026-06-16
2141,sensitive,aging,acne,2025-05-23
2142,normal,sensitivity,dehydration,2026-06-07
2143,normal,acne,dullness,2024-11-03
2144,sensitive,acne,pigmentation,2025-08-27
2145,dry,aging,dullness,2026-01-28
2146,combination,acne,sensitivity,2025-08-08
2147,oily,acne,dullness,2026-02-28
2148,normal,pigmentation,dullness,2025-11-14
2149,normal,acne,dehydration,2026-04-02
2150,normal,dehydration,dullness,2025-03-05
2151,dry,acne,dullness,2024-07-23
2152,dry,dullness,sensitivity,2025-07-17
2153,normal,dehydration,dullness,2026-04-25
2154,combination,dullness,dehydration,2026-05-13
2155,sensitive,dullness,aging,2024-11-05
2156,combination,aging,sensitivity,2025-10-25
2157,combination,sensitivity,acne,2025-12-02
2158,sensitive,acne,aging,2026-04-23
2159,normal,acne,dehydration,2025-03-08
2160,dry,sensitivity,dullness,2026-05-22
2161,normal,acne,pigmentation,2024-09-14
2162,dry,pigmentation,sensitivity,2026-02-04
2163,combination,pigmentation,acne,2026-05-17
2164,normal,acne,dehydration,2025-02-09
2165,normal,acne,dehydration,2025-10-21
2166,normal,dullness,dehydration,2025-02-13
2167,dry,dullness,pigmentation,2026-06-07
2168,normal,acne,dehydration,2024-10-15
2169,normal,sensitivity,acne,2025-11-22
2170,normal,acne,aging,2024-12-31
2171,oily,dehydration,dullness,2024-08-22
2172,sensitive,dehydration,dullness,2025-06-10
2173,normal,dullness,dehydration,2025-11-04
2174,sensitive,aging,acne,2025-11-20
2175,dry,acne,dullness,2025-02-20
2176,sensitive,pigmentation,dehydration,2026-07-02
2177,oily,sensitivity,aging,2026-03-21
2178,combination,aging,pigmentation,2025-03-20
2179,sensitive,acne,dullness,2026-06-18
2180,combination,dehydration,pigmentation,2025-12-07
2181,sensitive,dehydration,aging,2025-03-20
2182,dry,acne,dullness,2026-01-05
2183,sensitive,acne,sensitivity,2024-08-25
2184,sensitive,acne,aging,2024-07-24
2185,sensitive,acne,sensitivity,2026-06-12
2186,dry,dullness,pigmentation,2026-03-01
2187,dry,acne,sensitivity,2024-09-11
2188,dry,dullness,sensitivity,2026-06-13
2189,combination,pigmentation,dehydration,2025-07-16
2190,combination,sensitivity,acne,2024-08-11
2191,dry,dehydration,dullness,2025-05-02
2192,combination,aging,pigmentation,2025-11-25
2193,dry,aging,dehydration,2026-07-02
2194,dry,acne,pigmentation,2025-09-22
2195,sensitive,acne,dehydration,2025-06-05
2196,normal,dullness,pigmentation,2026-05-08
2197,dry,acne,dullness,2025-06-15
2198,normal,dullness,dehydration,2025-09-14
2199,combination,aging,pigmentation,2025-11-10
2200,oily,acne,dullness,2024-07-26
2201,dry,dullness,pigmentation,2024-09-21
2202,oily,dullness,aging,2025-02-14
2203,oily,dehydration,pigmentation,2025-05-01
2204,dry,pigmentation,aging,2025-07-25
2205,combination,dullness,aging,2026-05-16
2206,sensitive,sensitivity,dullness,2025-11-24
2207,oily,pigmentation,acne,2026-06-29
2208,normal,sensitivity,dullness,2025-10-12
2209,dry,dehydration,dullness,2025-07-25
2210,oily,aging,pigmentation,2025-04-16
2211,sensitive,sensitivity,pigmentation,2025-10-20
2212,sensitive,sensitivity,acne,2026-01-01
2213,sensitive,pigmentation,aging,2025-02-02
2214,oily,sensitivity,dullness,2026-03-17
2215,oily,acne,aging,2026-04-06
2216,dry,acne,dullness,2025-02-13
2217,combination,acne,dehydration,2025-05-04
2218,normal,aging,sensitivity,2024-10-09
2219,dry,sensitivity,acne,2025-01-12
2220,oily,dullness,sensitivity,2024-09-15
2221,normal,dullness,dehydration,2025-03-08
2222,oily,acne,aging,2024-10-29
2223,oily,dullness,pigmentation,2026-03-05
2224,combination,aging,sensitivity,2025-06-14
2225,combination,aging,acne,2024-08-15
2226,sensitive,pigmentation,aging,2024-12-07
2227,normal,pigmentation,sensitivity,2025-09-15
2228,normal,sensitivity,aging,2024-08-28
2229,dry,dullness,sensitivity,2025-11-20
2230,normal,aging,acne,2026-06-19
2231,sensitive,acne,pigmentation,2024-12-01
2232,oily,dehydration,pigmentation,2025-09-08
2233,normal,aging,sensitivity,2026-06-11
2234,oily,aging,dullness,2026-02-07
2235,combination,dehydration,dullness,2026-05-15
2236,sensitive,acne,aging,2024-07-08
2237,dry,dullness,dehydration,2024-10-25
2238,dry,sensitivity,aging,2024-08-26
2239,combination,aging,pigmentation,2026-02-23
2240,normal,acne,dehydration,2024-11-27
2241,dry,pigmentation,sensitivity,2025-05-20
2242,sensitive,acne,sensitivity,2025-12-02
2243,combination,dullness,dehydration,2025-03-05
2244,oily,aging,sensitivity,2024-08-10
2245,sensitive,acne,aging,2025-08-04
2246,normal,dehydration,aging,2026-06-15
2247,combination,pigmentation,acne,2024-10-29
2248,oily,aging,dullness,2026-02-19
2249,oily,sensitivity,acne,2026-02-23
2250,combination,acne,sensitivity,2025-04-12
2251,combination,pigmentation,dehydration,2024-11-29
2252,combination,pigmentation,dullness,2024-12-04
2253,dry,dullness,dehydration,2024-10-10
2254,combination,pigmentation,dullness,2024-09-29
2255,dry,sensitivity,acne,2026-04-04
2256,sensitive,acne,aging,2025-11-29
2257,sensitive,sensitivity,acne,2025-01-26
2258,sensitive,dullness,dehydration,2025-09-24
2259,oily,acne,sensitivity,2025-01-29
2260,normal,acne,dehydration,2025-08-08
2261,oily,acne,sensitivity,2025-08-11
2262,normal,pigmentation,dullness,2026-06-17
2263,oily,pigmentation,dullness,2025-04-18
2264,combination,dullness,sensitivity,2024-10-13
2265,oily,pigmentation,dehydration,2024-11-15
2266,oily,dehydration,sensitivity,2025-11-01
2267,sensitive,pigmentation,dullness,2025-02-27
2268,sensitive,pigmentation,acne,2026-02-11
2269,oily,pigmentation,dullness,2025-03-30
2270,normal,pigmentation,sensitivity,2025-09-10
2271,dry,sensitivity,pigmentation,2024-08-28
2272,dry,pigmentation,acne,2025-02-02
2273,dry,pigmentation,sensitivity,2026-05-14
2274,combination,sensitivity,dehydration,2024-10-08
2275,oily,dullness,acne,2025-01-23
2276,combination,pigmentation,acne,2026-01-30
2277,dry,sensitivity,pigmentation,2025-12-12
2278,oily,pigmentation,dehydration,2026-03-02
2279,dry,acne,pigmentation,2025-11-22
2280,sensitive,aging,dullness,2024-08-16
2281,sensitive,dehydration,aging,2024-09-15
2282,dry,pigmentation,dullness,2025-05-30
2283,dry,dehydration,sensitivity,2025-10-15
2284,sensitive,acne,aging,2025-10-12
2285,sensitive,dehydration,acne,2024-08-06
2286,normal,acne,dehydration,2026-02-11
2287,normal,aging,dullness,2024-12-30
2288,normal,dullness,dehydration,2024-07-09
2289,normal,pigmentation,sensitivity,2024-10-19
2290,combination,dullness,dehydration,2025-01-27
2291,dry,dehydration,pigmentation,2024-09-17
2292,dry,dullness,pigmentation,2026-01-28
2293,dry,aging,sensitivity,2024-07-17
2294,sensitive,dehydration,sensitivity,2026-05-01
2295,sensitive,dehydration,aging,2026-06-26
2296,normal,pigmentation,aging,2026-02-11
2297,oily,dehydration,acne,2025-04-17
2298,combination,sensitivity,acne,2026-01-06
2299,dry,dehydration,pigmentation,2025-03-30
2300,normal,dehydration,aging,2026-04-16
2301,dry,dehydration,aging,2025-02-12
2302,oily,dehydration,sensitivity,2026-01-20
2303,combination,pigmentation,dullness,2025-06-19
2304,normal,dehydration,sensitivity,2026-04-12
2305,normal,pigmentation,dullness,2024-07-27
2306,oily,aging,dehydration,2025-10-03
2307,dry,sensitivity,dullness,2025-04-20
2308,oily,pigmentation,sensitivity,2025-07-16
2309,dry,sensitivity,dehydration,2025-04-27
2310,combination,aging,dehydration,2025-08-08
2311,dry,pigmentation,aging,2026-05-14
2312,oily,acne,pigmentation,2024-11-07
2313,combination,dullness,aging,2025-03-24
2314,oily,aging,pigmentation,2026-01-02
2315,dry,dullness,sensitivity,2026-05-06
2316,oily,acne,sensitivity,2024-09-26
2317,oily,pigmentation,dehydration,2025-11-05
2318,combination,acne,pigmentation,2024-09-11
2319,normal,pigmentation,dullness,2024-12-24
2320,sensitive,sensitivity,pigmentation,2024-08-04
2321,oily,acne,dehydration,2025-03-11
2322,oily,dehydration,sensitivity,2026-02-24
2323,dry,acne,pigmentation,2026-06-11
2324,sensitive,dullness,pigmentation,2026-01-08
2325,sensitive,sensitivity,pigmentation,2025-08-19
2326,normal,aging,dehydration,2025-04-06
2327,dry,pigmentation,acne,2024-09-20
2328,oily,dullness,aging,2026-03-26
2329,oily,pigmentation,dehydration,2025-03-29
2330,oily,sensitivity,dehydration,2026-05-05
2331,oily,sensitivity,dehydration,2025-07-20
2332,normal,dullness,acne,2026-05-14
2333,dry,dullness,aging,2025-10-06
2334,normal,dullness,dehydration,2025-04-19
2335,combination,dehydration,sensitivity,2025-01-12
2336,combination,aging,pigmentation,2024-11-25
2337,combination,sensitivity,acne,2025-06-18
2338,normal,aging,acne,2025-12-29
2339,oily,acne,dullness,2024-09-07
2340,oily,dehydration,aging,2024-08-23
2341,combination,dullness,pigmentation,2024-07-29
2342,dry,sensitivity,acne,2024-12-05
2343,combination,aging,dehydration,2024-12-15
2344,sensitive,aging,acne,2026-05-11
2345,combination,dullness,aging,2025-05-14
2346,dry,aging,pigmentation,2025-09-12
2347,dry,dehydration,dullness,2025-12-29
2348,sensitive,aging,pigmentation,2026-05-18
2349,dry,dehydration,dullness,2026-02-01
2350,combination,aging,sensitivity,2024-09-05
2351,combination,pigmentation,dullness,2024-09-10
2352,sensitive,sensitivity,aging,2025-01-10
2353,sensitive,dullness,pigmentation,2026-04-23
2354,combination,dehydration,pigmentation,2025-02-20
2355,dry,dullness,aging,2026-04-05
2356,dry,aging,acne,2025-02-22
2357,combination,sensitivity,pigmentation,2026-06-12
2358,dry,aging,pigmentation,2025-12-10
2359,sensitive,sensitivity,dehydration,2026-04-08
2360,dry,aging,sensitivity,2024-08-23
2361,sensitive,acne,pigmentation,2025-05-17
2362,sensitive,acne,aging,2024-08-31
2363,normal,sensitivity,dehydration,2026-06-22
2364,oily,dullness,dehydration,2025-01-12
2365,sensitive,aging,sensitivity,2025-07-21
2366,oily,dehydration,aging,2025-07-29
2367,dry,dullness,sensitivity,2024-10-06
2368,oily,dullness,aging,2026-06-02
2369,oily,dehydration,pigmentation,2024-08-15
2370,oily,pigmentation,aging,2026-06-16
2371,oily,acne,aging,2025-10-14
2372,normal,dehydration,acne,2026-03-28
2373,oily,acne,aging,2025-06-19
2374,dry,dehydration,dullness,2025-04-27
2375,sensitive,acne,aging,2025-03-24
2376,normal,pigmentation,dehydration,2024-11-30
2377,normal,dehydration,pigmentation,2025-01-04
2378,oily,dullness,sensitivity,2024-08-12
2379,normal,dehydration,pigmentation,2025-08-12
2380,sensitive,dullness,sensitivity,2026-02-28
2381,oily,acne,pigmentation,2026-03-15
2382,combination,sensitivity,aging,2025-12-17
2383,normal,pigmentation,dehydration,2025-04-22
2384,dry,acne,pigmentation,2026-05-28
2385,oily,sensitivity,dullness,2024-08-08
2386,normal,pigmentation,sensitivity,2024-07-14
2387,normal,dullness,sensitivity,2026-03-08
2388,normal,aging,sensitivity,2024-12-13
2389,normal,dehydration,acne,2025-04-27
2390,normal,acne,dehydration,2025-07-20
2391,combination,acne,pigmentation,2025-01-15
2392,oily,aging,acne,2025-05-12
2393,sensitive,aging,dullness,2025-11-12
2394,dry,dehydration,sensitivity,2025-05-22
2395,combination,dullness,sensitivity,2026-03-29
2396,sensitive,acne,pigmentation,2026-01-02
2397,normal,sensitivity,aging,2024-07-25
2398,dry,aging,dullness,2026-02-21
2399,dry,sensitivity,pigmentation,2025-04-25
2400,sensitive,sensitivity,acne,2025-12-01
2401,oily,acne,sensitivity,2025-08-01
2402,combination,dullness,pigmentation,2026-01-07
2403,sensitive,aging,dehydration,2025-05-17
2404,combination,aging,dullness,2025-05-25
2405,dry,pigmentation,acne,2025-04-11
2406,normal,dullness,pigmentation,2025-11-23
2407,dry,aging,pigmentation,2025-05-09
2408,sensitive,pigmentation,aging,2025-01-20
2409,combination,pigmentation,dullness,2025-01-26
2410,oily,acne,pigmentation,2025-05-17
2411,combination,sensitivity,aging,2025-11-30
2412,oily,dehydration,sensitivity,2025-06-12
2413,normal,aging,dullness,2025-06-09
2414,sensitive,aging,sensitivity,2024-08-10
2415,dry,acne,sensitivity,2025-10-04
2416,combination,pigmentation,sensitivity,2025-11-13
2417,sensitive,sensitivity,dullness,2025-01-04
2418,dry,acne,sensitivity,2025-03-29
2419,dry,acne,sensitivity,2025-08-28
2420,combination,sensitivity,acne,2026-07-06
2421,dry,dullness,sensitivity,2025-02-06
2422,sensitive,acne,dehydration,2025-01-14
2423,oily,aging,pigmentation,2024-08-25
2424,normal,dehydration,aging,2025-07-04
2425,dry,aging,acne,2025-06-25
2426,combination,aging,dehydration,2026-02-04
2427,oily,dullness,sensitivity,2025-08-04
2428,dry,dullness,dehydration,2026-07-05
2429,sensitive,sensitivity,pigmentation,2025-07-05
2430,dry,pigmentation,aging,2025-02-05
2431,oily,pigmentation,acne,2024-12-09
2432,combination,acne,pigmentation,2025-03-09
2433,oily,dullness,sensitivity,2024-11-25
2434,dry,dullness,aging,2025-03-07
2435,combination,aging,pigmentation,2024-12-13
2436,combination,dehydration,acne,2025-08-21
2437,sensitive,aging,sensitivity,2025-04-22
2438,sensitive,pigmentation,dehydration,2025-03-26
2439,normal,dullness,aging,2025-05-14
2440,oily,aging,acne,2025-05-15
2441,dry,aging,sensitivity,2024-12-12
2442,oily,aging,dehydration,2026-01-13
2443,oily,sensitivity,pigmentation,2025-11-17
2444,dry,pigmentation,sensitivity,2025-06-22
2445,combination,pigmentation,acne,2025-03-22
2446,normal,dullness,dehydration,2025-06-25
2447,sensitive,acne,dehydration,2026-02-11
2448,sensitive,acne,dullness,2024-11-11
2449,sensitive,dullness,dehydration,2025-06-03
2450,oily,dullness,dehydration,2025-08-24
2451,normal,dullness,sensitivity,2024-10-03
2452,normal,acne,aging,2025-08-22
2453,oily,sensitivity,acne,2026-03-10
2454,combination,aging,dehydration,2024-07-17
2455,normal,acne,sensitivity,2025-09-30
2456,combination,pigmentation,sensitivity,2024-09-21
2457,normal,pigmentation,dullness,2025-06-24
2458,normal,aging,acne,2026-01-10
2459,combination,aging,sensitivity,2025-10-04
2460,oily,aging,acne,2024-09-09
2461,dry,aging,dehydration,2024-08-15
2462,dry,sensitivity,acne,2026-03-28
2463,combination,sensitivity,pigmentation,2024-07-15
2464,combination,aging,pigmentation,2024-10-21
2465,combination,sensitivity,aging,2025-03-20
2466,oily,dehydration,sensitivity,2026-02-22
2467,dry,dehydration,dullness,2025-05-04
2468,sensitive,pigmentation,acne,2025-08-29
2469,oily,aging,sensitivity,2026-04-06
2470,dry,aging,acne,2024-07-17
2471,normal,acne,pigmentation,2025-04-21
2472,oily,acne,dullness,2026-04-27
2473,combination,dullness,aging,2025-10-30
2474,dry,aging,sensitivity,2024-10-31
2475,oily,dehydration,sensitivity,2025-08-17
2476,combination,dehydration,aging,2025-07-10
2477,combination,acne,dehydration,2026-03-24
2478,oily,sensitivity,dullness,2026-04-16
2479,oily,aging,acne,2024-07-22
2480,oily,dullness,dehydration,2024-08-09
2481,sensitive,sensitivity,acne,2026-04-28
2482,normal,dullness,pigmentation,2025-05-31
2483,oily,acne,sensitivity,2025-02-24
2484,dry,pigmentation,aging,2024-10-01
2485,dry,aging,sensitivity,2025-05-23
2486,dry,acne,dullness,2024-10-09
2487,dry,pigmentation,dullness,2026-04-09
2488,oily,dehydration,aging,2026-06-26
2489,combination,acne,sensitivity,2025-08-01
2490,dry,pigmentation,acne,2025-12-25
2491,dry,dullness,dehydration,2024-12-31
2492,dry,acne,dullness,2025-11-02
2493,normal,pigmentation,acne,2025-09-12
2494,sensitive,sensitivity,pigmentation,2025-06-11
2495,combination,dullness,aging,2024-08-03
2496,dry,sensitivity,aging,2026-05-15
2497,normal,aging,sensitivity,2025-05-29
2498,normal,dullness,sensitivity,2025-09-25
2499,oily,pigmentation,acne,2026-06-10
2500,normal,aging,sensitivity,2024-11-18
2501,sensitive,pigmentation,dehydration,2024-09-06
2502,oily,dehydration,pigmentation,2026-03-02
2503,sensitive,pigmentation,aging,2024-12-28
2504,oily,pigmentation,sensitivity,2025-02-09
2505,oily,aging,dehydration,2025-02-06
2506,oily,aging,dehydration,2025-08-04
2507,combination,pigmentation,sensitivity,2025-11-14
2508,sensitive,aging,dullness,2026-05-16
2509,combination,pigmentation,sensitivity,2026-06-11
2510,oily,sensitivity,aging,2026-02-27
2511,oily,dullness,pigmentation,2025-06-16
2512,normal,sensitivity,acne,2026-03-25
2513,normal,sensitivity,dullness,2025-02-20
2514,sensitive,dullness,sensitivity,2025-04-09
2515,oily,dehydration,dullness,2025-10-28
2516,normal,acne,aging,2026-05-04
2517,sensitive,sensitivity,acne,2025-06-23
2518,combination,aging,sensitivity,2024-11-12
2519,oily,dehydration,sensitivity,2025-09-22
2520,normal,pigmentation,dullness,2024-11-24
2521,combination,acne,dehydration,2025-12-09
2522,oily,sensitivity,aging,2026-05-09
2523,dry,aging,acne,2025-03-18
2524,combination,acne,sensitivity,2024-09-25
2525,oily,dullness,acne,2024-09-29
2526,dry,acne,dullness,2024-08-04
2527,combination,aging,dullness,2026-04-19
2528,normal,dehydration,acne,2026-06-05
2529,oily,dehydration,aging,2025-05-16
2530,combination,aging,dullness,2024-08-11
2531,normal,aging,dehydration,2024-07-07
2532,normal,sensitivity,acne,2025-12-14
2533,normal,pigmentation,acne,2025-10-05
2534,oily,acne,dullness,2025-03-08
2535,normal,acne,dehydration,2024-09-07
2536,normal,dehydration,aging,2026-03-01
2537,dry,aging,dehydration,2024-07-23
2538,combination,acne,pigmentation,2024-11-16
2539,combination,pigmentation,dullness,2026-05-18
2540,combination,acne,pigmentation,2024-10-29
2541,dry,dehydration,acne,2025-03-24
2542,normal,aging,dehydration,2024-07-21
2543,normal,acne,dehydration,2026-02-03
2544,dry,pigmentation,dullness,2024-07-11
2545,normal,dullness,dehydration,2026-06-02
2546,dry,dullness,aging,2026-05-12
2547,sensitive,dehydration,sensitivity,2025-08-13
2548,combination,acne,aging,2025-03-13
2549,combination,acne,aging,2026-03-06
2550,oily,acne,pigmentation,2025-12-19
2551,sensitive,aging,pigmentation,2025-09-25
2552,dry,dehydration,acne,2026-04-06
2553,dry,dullness,pigmentation,2026-02-28
2554,oily,pigmentation,aging,2026-03-20
2555,normal,dullness,acne,2024-08-08
2556,oily,dullness,dehydration,2024-08-21
2557,sensitive,pigmentation,dullness,2025-04-03
2558,normal,dehydration,pigmentation,2025-02-22
2559,oily,aging,pigmentation,2026-03-28
2560,combination,acne,aging,2026-05-31
2561,combination,aging,acne,2025-10-04
2562,dry,dehydration,sensitivity,2024-07-17
2563,sensitive,dehydration,acne,2025-07-22
2564,combination,pigmentation,sensitivity,2024-11-23
2565,combination,dehydration,pigmentation,2025-10-09
2566,combination,aging,sensitivity,2025-11-22
2567,normal,aging,acne,2024-11-20
2568,sensitive,acne,pigmentation,2025-07-27
2569,dry,sensitivity,dullness,2025-01-17
2570,normal,sensitivity,dehydration,2025-01-21
2571,normal,pigmentation,sensitivity,2025-01-21
2572,normal,dullness,sensitivity,2025-02-27
2573,sensitive,dehydration,acne,2024-11-22
2574,dry,dullness,aging,2025-08-02
2575,sensitive,pigmentation,sensitivity,2025-11-27
2576,dry,sensitivity,dehydration,2025-06-27
2577,dry,pigmentation,acne,2025-11-11
2578,combination,aging,sensitivity,2026-06-05
2579,normal,aging,dullness,2025-10-15
2580,combination,sensitivity,pigmentation,2025-07-06
2581,dry,dullness,sensitivity,2025-06-21
2582,combination,dehydration,dullness,2025-10-31
2583,dry,sensitivity,pigmentation,2025-01-22
2584,sensitive,sensitivity,pigmentation,2025-12-10
2585,dry,sensitivity,dehydration,2025-03-20
2586,combination,sensitivity,acne,2025-12-21
2587,dry,sensitivity,dullness,2024-07-15
2588,dry,sensitivity,aging,2025-03-19
2589,normal,dullness,aging,2025-05-25
2590,dry,acne,dullness,2025-08-27
2591,oily,acne,dullness,2024-12-31
2592,dry,dehydration,dullness,2025-08-29
2593,combination,pigmentation,acne,2024-11-26
2594,oily,dehydration,aging,2026-03-12
2595,dry,sensitivity,dullness,2024-11-14
2596,oily,dullness,aging,2024-08-02
2597,combination,dehydration,dullness,2026-01-10
2598,sensitive,pigmentation,sensitivity,2026-01-24
2599,normal,aging,dehydration,2024-08-07
2600,dry,sensitivity,dullness,2025-09-13
2601,normal,dehydration,acne,2025-02-13
2602,dry,pigmentation,dehydration,2026-02-17
2603,sensitive,sensitivity,aging,2025-08-28
2604,combination,aging,pigmentation,2025-02-08
2605,sensitive,sensitivity,aging,2024-09-20
2606,sensitive,dullness,aging,2025-08-22
2607,combination,dullness,aging,2026-05-13
2608,dry,acne,sensitivity,2025-09-07
2609,combination,aging,dullness,2025-03-24
2610,normal,dehydration,aging,2024-10-05
2611,normal,sensitivity,pigmentation,2024-11-04
2612,normal,acne,dullness,2024-12-28
2613,oily,acne,dullness,2026-03-08
2614,combination,dehydration,acne,2025-06-21
2615,oily,aging,pigmentation,2025-05-11
2616,sensitive,sensitivity,dehydration,2025-07-29
2617,normal,acne,dullness,2024-08-31
2618,oily,aging,dullness,2024-08-04
2619,sensitive,acne,pigmentation,2026-02-03
2620,normal,dehydration,acne,2024-08-06
2621,normal,sensitivity,dehydration,2024-10-26
2622,dry,acne,dullness,2025-02-06
2623,oily,pigmentation,aging,2025-10-01
2624,normal,sensitivity,aging,2024-12-28
2625,normal,acne,sensitivity,2025-05-04
2626,combination,sensitivity,aging,2024-09-17
2627,normal,sensitivity,aging,2025-02-02
2628,oily,acne,pigmentation,2024-08-01
2629,sensitive,acne,sensitivity,2025-09-03
2630,oily,dehydration,sensitivity,2026-05-07
2631,normal,acne,sensitivity,2025-07-12
2632,sensitive,dullness,sensitivity,2024-07-07
2633,normal,acne,pigmentation,2025-03-15
2634,combination,dullness,sensitivity,2025-02-08
2635,oily,aging,dullness,2025-04-05
2636,oily,dehydration,sensitivity,2025-04-29
2637,dry,sensitivity,acne,2026-05-23
2638,sensitive,aging,acne,2025-09-07
2639,oily,dullness,aging,2026-05-04
2640,normal,dullness,sensitivity,2025-11-03
2641,dry,sensitivity,dullness,2025-01-26
2642,combination,pigmentation,dullness,2024-11-26
2643,dry,pigmentation,dehydration,2026-01-24
2644,combination,aging,dehydration,2025-03-15
2645,combination,dehydration,dullness,2026-01-22
2646,oily,sensitivity,aging,2026-02-10
2647,combination,pigmentation,dehydration,2024-08-04
2648,sensitive,acne,sensitivity,2025-04-17
2649,normal,dullness,pigmentation,2026-02-12
2650,dry,dullness,dehydration,2026-03-25
2651,normal,aging,dullness,2026-05-31
2652,normal,pigmentation,dullness,2025-07-08
2653,normal,sensitivity,acne,2026-04-24
2654,dry,sensitivity,dullness,2025-05-06
2655,normal,dehydration,pigmentation,2025-08-23
2656,combination,dullness,dehydration,2025-03-29
2657,oily,pigmentation,dehydration,2026-02-05
2658,dry,aging,pigmentation,2026-03-22
2659,sensitive,acne,sensitivity,2026-04-24
2660,oily,pigmentation,acne,2026-04-28
2661,combination,aging,pigmentation,2026-05-15
2662,sensitive,aging,acne,2025-12-29
2663,oily,acne,sensitivity,2024-11-28
2664,combination,sensitivity,dehydration,2025-04-19
2665,dry,pigmentation,sensitivity,2026-01-04
2666,combination,dullness,acne,2024-08-24
2667,dry,aging,pigmentation,2024-12-27
2668,normal,aging,sensitivity,2024-12-14
2669,oily,sensitivity,acne,2024-09-18
2670,normal,dehydration,sensitivity,2025-01-07
2671,sensitive,sensitivity,aging,2024-08-06
2672,normal,aging,dullness,2025-11-07
2673,normal,pigmentation,aging,2024-10-19
2674,oily,aging,dehydration,2026-04-16
2675,normal,dullness,acne,2025-11-29
2676,combination,aging,sensitivity,2024-09-22
2677,normal,aging,sensitivity,2026-03-31
2678,normal,acne,dullness,2025-07-05
2679,combination,dullness,aging,2025-10-31
2680,dry,dehydration,acne,2026-04-24
2681,oily,dullness,acne,2026-01-15
2682,oily,sensitivity,dullness,2025-06-10
2683,dry,sensitivity,pigmentation,2025-04-01
2684,normal,sensitivity,acne,2025-02-28
2685,combination,acne,pigmentation,2026-04-01
2686,combination,sensitivity,pigmentation,2025-11-15
2687,dry,aging,dehydration,2026-04-21
2688,combination,aging,dullness,2026-06-30
2689,sensitive,aging,dehydration,2025-09-24
2690,normal,pigmentation,sensitivity,2025-04-08
2691,sensitive,sensitivity,dehydration,2025-10-08
2692,sensitive,dullness,acne,2026-06-07
2693,normal,sensitivity,acne,2026-01-27
2694,combination,sensitivity,dullness,2025-08-24
2695,normal,aging,dullness,2025-10-19
2696,dry,dehydration,sensitivity,2024-11-11
2697,oily,dullness,acne,2025-04-25
2698,combination,aging,sensitivity,2024-07-06
2699,oily,dehydration,acne,2026-02-28
2700,oily,dehydration,dullness,2025-10-09
2701,normal,sensitivity,acne,2026-05-04
2702,sensitive,dehydration,sensitivity,2026-06-22
2703,dry,dullness,acne,2024-08-30
2704,normal,sensitivity,aging,2025-07-11
2705,oily,acne,sensitivity,2025-03-11
2706,dry,dehydration,sensitivity,2025-12-17
2707,sensitive,aging,sensitivity,2026-05-30
2708,dry,aging,dullness,2024-09-22
2709,sensitive,dehydration,sensitivity,2025-03-12
2710,normal,pigmentation,dehydration,2025-02-01
2711,oily,sensitivity,dullness,2025-06-12
2712,oily,aging,dullness,2025-09-14
2713,normal,aging,pigmentation,2025-09-01
2714,combination,pigmentation,dehydration,2024-12-26
2715,combination,aging,sensitivity,2026-01-21
2716,combination,sensitivity,dehydration,2025-10-30
2717,combination,acne,aging,2025-11-24
2718,sensitive,dullness,sensitivity,2025-06-20
2719,combination,sensitivity,dullness,2024-07-29
2720,oily,aging,dullness,2024-08-31
2721,sensitive,dullness,aging,2025-06-03
2722,sensitive,aging,pigmentation,2026-02-10
2723,oily,acne,sensitivity,2024-08-18
2724,dry,dullness,acne,2025-11-20
2725,sensitive,sensitivity,dullness,2025-10-19
2726,sensitive,dullness,aging,2024-09-27
2727,oily,aging,dullness,2025-12-26
2728,oily,acne,aging,2025-08-03
2729,combination,sensitivity,aging,2024-09-04
2730,combination,sensitivity,dullness,2025-11-16
2731,normal,sensitivity,dullness,2025-04-06
2732,combination,aging,pigmentation,2026-06-09
2733,normal,dullness,acne,2024-07-09
2734,dry,aging,dullness,2025-09-03
2735,combination,pigmentation,aging,2025-03-04
2736,oily,pigmentation,acne,2025-07-06
2737,combination,aging,sensitivity,2025-08-23
2738,oily,dullness,pigmentation,2025-09-12
2739,combination,acne,dullness,2026-06-24
2740,dry,dehydration,dullness,2025-12-16
2741,oily,aging,dehydration,2025-10-01
2742,oily,sensitivity,acne,2025-10-10
2743,combination,pigmentation,sensitivity,2025-12-19
2744,normal,acne,dullness,2025-03-24
2745,oily,pigmentation,acne,2024-11-07
2746,combination,sensitivity,acne,2024-09-23
2747,dry,pigmentation,dullness,2024-07-26
2748,normal,dehydration,dullness,2025-03-19
2749,combination,sensitivity,dehydration,2025-09-09
2750,normal,pigmentation,aging,2025-03-21
2751,dry,dullness,aging,2026-04-01
2752,oily,pigmentation,aging,2024-11-16
2753,combination,aging,dullness,2025-06-10
2754,sensitive,pigmentation,acne,2026-03-08
2755,normal,dehydration,sensitivity,2025-08-29
2756,normal,sensitivity,pigmentation,2025-11-28
2757,normal,pigmentation,aging,2025-10-24
2758,sensitive,pigmentation,dehydration,2026-05-31
2759,dry,dehydration,sensitivity,2026-06-25
2760,combination,aging,dehydration,2025-10-24
2761,oily,dullness,sensitivity,2025-11-28
2762,combination,dehydration,aging,2024-07-06
2763,dry,acne,dullness,2025-12-27
2764,oily,sensitivity,acne,2025-11-08
2765,dry,aging,sensitivity,2024-09-05
2766,combination,dullness,acne,2024-10-16
2767,dry,aging,dehydration,2026-05-26
2768,normal,dehydration,pigmentation,2026-05-05
2769,combination,dullness,sensitivity,2026-04-28
2770,normal,pigmentation,dullness,2025-08-04
2771,sensitive,pigmentation,sensitivity,2025-05-14
2772,oily,sensitivity,pigmentation,2025-10-23
2773,dry,dullness,sensitivity,2026-06-27
2774,sensitive,pigmentation,aging,2026-02-09
2775,combination,acne,dehydration,2025-04-13
2776,dry,acne,dehydration,2025-10-07
2777,combination,sensitivity,dullness,2026-04-07
2778,normal,sensitivity,acne,2025-03-17
2779,dry,aging,sensitivity,2025-04-14
2780,oily,pigmentation,dullness,2025-07-13
2781,dry,aging,acne,2024-08-18
2782,normal,acne,aging,2024-10-27
2783,sensitive,dullness,acne,2026-06-07
2784,normal,dullness,acne,2024-09-13
2785,normal,sensitivity,dullness,2026-05-31
2786,oily,pigmentation,sensitivity,2025-07-19
2787,dry,pigmentation,acne,2024-09-15
2788,oily,acne,dullness,2024-07-19
2789,oily,aging,pigmentation,2026-06-20
2790,normal,dullness,aging,2026-05-15
2791,normal,acne,dullness,2026-01-11
2792,oily,dehydration,aging,2025-12-16
2793,sensitive,aging,pigmentation,2025-12-14
2794,combination,dehydration,dullness,2025-09-05
2795,oily,aging,dehydration,2025-11-15
2796,normal,acne,dehydration,2025-05-07
2797,normal,acne,dullness,2024-10-20
2798,combination,dullness,dehydration,2025-06-02
2799,sensitive,dullness,sensitivity,2025-11-06
2800,dry,dehydration,dullness,2025-05-17
2801,sensitive,sensitivity,dehydration,2025-04-09
2802,combination,acne,dehydration,2024-09-19
2803,normal,pigmentation,acne,2024-08-13
2804,oily,pigmentation,dehydration,2025-12-16
2805,oily,acne,dehydration,2024-09-03
2806,normal,acne,pigmentation,2024-11-16
2807,dry,acne,aging,2026-04-04
2808,dry,dullness,dehydration,2025-05-25
2809,sensitive,acne,sensitivity,2026-03-17
2810,oily,pigmentation,sensitivity,2025-07-13
2811,combination,acne,sensitivity,2026-06-04
2812,dry,dehydration,pigmentation,2025-11-30
2813,oily,dullness,acne,2025-05-03
2814,normal,sensitivity,dullness,2025-11-26
2815,oily,acne,dullness,2026-06-29
2816,oily,pigmentation,dullness,2025-09-26
2817,sensitive,aging,dehydration,2025-06-06
2818,normal,dullness,acne,2024-12-25
2819,oily,acne,pigmentation,2026-03-29
2820,sensitive,pigmentation,aging,2025-07-23
2821,combination,aging,dullness,2026-02-11
2822,normal,acne,pigmentation,2026-03-16
2823,oily,aging,dullness,2026-04-08
2824,normal,dehydration,sensitivity,2024-12-28
2825,sensitive,dullness,dehydration,2024-09-02
2826,normal,aging,pigmentation,2025-03-09
2827,dry,aging,dullness,2025-10-03
2828,normal,sensitivity,aging,2024-08-12
2829,sensitive,dullness,dehydration,2025-07-08
2830,oily,dullness,aging,2025-06-14
2831,normal,sensitivity,pigmentation,2025-03-30
2832,sensitive,acne,dehydration,2025-03-15
2833,dry,acne,dehydration,2025-07-12
2834,combination,aging,acne,2025-07-21
2835,dry,pigmentation,sensitivity,2025-11-16
2836,combination,pigmentation,dehydration,2025-02-24
2837,normal,acne,dehydration,2025-03-02
2838,normal,sensitivity,dehydration,2025-08-22
2839,dry,dullness,sensitivity,2025-02-01
2840,normal,dehydration,dullness,2026-03-28
2841,combination,acne,sensitivity,2025-09-05
2842,sensitive,aging,acne,2024-07-15
2843,sensitive,dullness,aging,2025-01-16
2844,combination,dullness,dehydration,2025-01-26
2845,combination,dehydration,pigmentation,2024-10-13
2846,combination,dehydration,aging,2025-04-18
2847,normal,aging,pigmentation,2025-03-09
2848,dry,dehydration,sensitivity,2025-07-20
2849,dry,pigmentation,acne,2024-11-10
2850,dry,acne,pigmentation,2025-02-01
2851,oily,sensitivity,pigmentation,2025-06-19
2852,dry,acne,dehydration,2026-04-05
2853,oily,pigmentation,dullness,2024-11-24
2854,oily,acne,sensitivity,2025-11-10
2855,sensitive,pigmentation,acne,2025-10-17
2856,oily,aging,dullness,2026-04-06
2857,combination,acne,aging,2026-01-29
2858,sensitive,aging,dullness,2026-04-05
2859,sensitive,sensitivity,dullness,2026-04-26
2860,combination,acne,sensitivity,2026-06-21
2861,oily,sensitivity,dullness,2025-12-03
2862,normal,aging,dullness,2024-12-31
2863,normal,dullness,dehydration,2024-10-13
2864,sensitive,aging,dullness,2026-01-21
2865,oily,pigmentation,dehydration,2025-08-31
2866,oily,acne,dehydration,2024-11-05
2867,dry,dullness,dehydration,2025-02-05
2868,oily,sensitivity,dehydration,2024-09-13
2869,normal,dullness,sensitivity,2025-09-02
2870,dry,dullness,acne,2026-03-05
2871,dry,dullness,pigmentation,2026-03-24
2872,normal,aging,sensitivity,2025-02-03
2873,normal,acne,dullness,2026-06-17
2874,dry,dullness,sensitivity,2025-08-04
2875,dry,sensitivity,aging,2025-10-21
2876,combination,pigmentation,dullness,2024-09-03
2877,sensitive,sensitivity,pigmentation,2024-07-07
2878,normal,sensitivity,dullness,2025-07-17
2879,normal,pigmentation,acne,2025-05-08
2880,normal,dullness,aging,2025-10-03
2881,oily,dehydration,acne,2024-12-16
2882,dry,aging,dehydration,2025-12-03
2883,combination,dehydration,sensitivity,2025-01-08
2884,oily,sensitivity,pigmentation,2024-09-14
2885,dry,dullness,acne,2026-03-03
2886,oily,sensitivity,pigmentation,2026-01-22
2887,normal,dehydration,aging,2025-10-03
2888,oily,dehydration,sensitivity,2024-11-08
2889,oily,sensitivity,aging,2025-03-25
2890,oily,pigmentation,dullness,2026-02-15
2891,oily,acne,dullness,2025-10-10
2892,combination,acne,pigmentation,2025-03-23
2893,dry,pigmentation,dehydration,2024-07-31
2894,normal,dehydration,aging,2025-08-11
2895,dry,dullness,aging,2026-05-13
2896,combination,aging,dehydration,2026-04-21
2897,sensitive,acne,dullness,2026-06-15
2898,sensitive,dehydration,aging,2026-04-05
2899,sensitive,aging,sensitivity,2025-09-08
2900,dry,dehydration,pigmentation,2025-12-13
2901,combination,acne,aging,2025-11-28
2902,normal,pigmentation,acne,2024-12-23
2903,normal,acne,dehydration,2025-07-23
2904,sensitive,pigmentation,acne,2025-01-20
2905,sensitive,sensitivity,dullness,2025-06-05
2906,normal,aging,dehydration,2026-02-07
2907,sensitive,aging,dehydration,2024-08-12
2908,normal,pigmentation,aging,2025-07-23
2909,oily,pigmentation,sensitivity,2024-11-02
2910,dry,dehydration,aging,2026-04-27
2911,oily,sensitivity,pigmentation,2024-10-24
2912,oily,dehydration,sensitivity,2025-01-29
2913,combination,dehydration,dullness,2026-01-05
2914,dry,aging,dehydration,2024-12-04
2915,combination,acne,dullness,2025-01-10
2916,combination,dehydration,sensitivity,2024-09-21
2917,sensitive,dehydration,sensitivity,2026-02-03
2918,normal,dullness,aging,2024-09-27
2919,normal,acne,dehydration,2024-12-26
2920,dry,dehydration,sensitivity,2025-11-02
2921,dry,sensitivity,acne,2025-10-23
2922,sensitive,pigmentation,dehydration,2026-01-01
2923,oily,acne,dehydration,2025-07-23
2924,combination,dehydration,pigmentation,2024-09-19
2925,combination,pigmentation,acne,2024-11-01
2926,oily,dehydration,aging,2026-03-22
2927,sensitive,dehydration,aging,2026-04-02
2928,dry,pigmentation,dullness,2026-05-24
2929,oily,acne,dehydration,2025-04-14
2930,sensitive,dullness,aging,2025-11-19
2931,oily,aging,dullness,2024-12-27
2932,sensitive,sensitivity,dullness,2024-12-28
2933,oily,aging,pigmentation,2026-02-12
2934,combination,pigmentation,dehydration,2025-02-14
2935,normal,sensitivity,dullness,2024-12-25
2936,dry,dehydration,acne,2024-07-15
2937,sensitive,dullness,dehydration,2025-01-24
2938,sensitive,sensitivity,dehydration,2025-10-17
2939,normal,dehydration,acne,2024-07-06
2940,oily,sensitivity,dullness,2025-12-17
2941,sensitive,dehydration,acne,2024-11-25
2942,normal,aging,dehydration,2025-10-03
2943,sensitive,acne,dehydration,2024-08-22
2944,oily,dullness,sensitivity,2024-12-12
2945,normal,dehydration,dullness,2025-04-24
2946,oily,sensitivity,acne,2026-01-31
2947,combination,dehydration,sensitivity,2026-02-19
2948,combination,dullness,dehydration,2024-08-13
2949,combination,dullness,sensitivity,2024-11-27
2950,combination,acne,pigmentation,2025-06-27
2951,oily,acne,aging,2024-10-03
2952,combination,acne,pigmentation,2024-12-11
2953,normal,sensitivity,dullness,2025-09-26
2954,combination,dehydration,sensitivity,2024-11-09
2955,dry,pigmentation,acne,2024-12-02
2956,normal,aging,pigmentation,2025-07-21
2957,oily,aging,acne,2026-06-22
2958,combination,pigmentation,sensitivity,2025-01-11
2959,combination,aging,acne,2025-10-31
2960,combination,aging,pigmentation,2025-10-13
2961,normal,dehydration,pigmentation,2025-01-31
2962,combination,dehydration,aging,2024-11-21
2963,normal,acne,dullness,2026-05-03
2964,oily,aging,acne,2024-11-11
2965,sensitive,sensitivity,pigmentation,2025-12-04
2966,combination,sensitivity,acne,2025-05-19
2967,dry,dehydration,dullness,2024-10-10
2968,dry,dehydration,aging,2026-01-28
2969,sensitive,acne,dehydration,2026-01-26
2970,sensitive,sensitivity,pigmentation,2024-07-27
2971,sensitive,dehydration,aging,2025-10-07
2972,oily,sensitivity,aging,2024-08-13
2973,combination,sensitivity,acne,2025-10-18
2974,normal,pigmentation,acne,2025-04-09
2975,oily,acne,sensitivity,2025-06-29
2976,combination,dullness,aging,2024-07-17
2977,combination,aging,sensitivity,2025-05-30
2978,normal,acne,aging,2025-07-04
2979,dry,pigmentation,aging,2025-07-31
2980,combination,sensitivity,dullness,2025-10-05
2981,sensitive,aging,pigmentation,2025-08-19
2982,oily,pigmentation,aging,2025-08-04
2983,normal,dullness,pigmentation,2024-12-25
2984,normal,dullness,dehydration,2026-06-03
2985,sensitive,pigmentation,sensitivity,2025-07-05
2986,sensitive,sensitivity,acne,2025-05-31
2987,sensitive,dullness,aging,2025-01-02
2988,sensitive,acne,pigmentation,2025-03-06
2989,normal,pigmentation,dehydration,2025-08-25
2990,combination,sensitivity,dullness,2026-04-17
2991,combination,acne,sensitivity,2025-10-08
2992,sensitive,acne,aging,2026-01-01
2993,oily,dullness,aging,2026-02-07
2994,normal,aging,dullness,2025-01-25
2995,sensitive,pigmentation,dehydration,2025-07-22
2996,sensitive,aging,pigmentation,2024-12-03
2997,dry,pigmentation,dullness,2026-03-27
2998,dry,aging,sensitivity,2024-07-16
2999,combination,pigmentation,dehydration,2025-07-25
3000,sensitive,dullness,sensitivity,2026-01-02
3001,sensitive,dehydration,aging,2025-10-14
3002,sensitive,sensitivity,aging,2024-10-29
3003,normal,acne,dehydration,2025-02-03
3004,normal,pigmentation,dehydration,2026-03-03
3005,sensitive,pigmentation,acne,2024-07-13
3006,dry,dullness,acne,2026-04-02
3007,combination,dullness,pigmentation,2025-12-17
3008,combination,sensitivity,dullness,2025-01-19
3009,sensitive,sensitivity,dehydration,2025-06-14
3010,normal,dehydration,dullness,2025-08-15
3011,dry,pigmentation,dullness,2024-08-28
3012,combination,acne,aging,2024-12-03
3013,oily,sensitivity,pigmentation,2024-08-02
3014,sensitive,sensitivity,aging,2025-12-12
3015,combination,pigmentation,dehydration,2024-10-23
3016,combination,acne,pigmentation,2026-02-01
3017,combination,dehydration,dullness,2024-11-24
3018,dry,dullness,aging,2025-05-31
3019,combination,sensitivity,dullness,2025-04-25
3020,sensitive,dullness,sensitivity,2026-04-13
3021,dry,dehydration,dullness,2024-10-02
3022,oily,dehydration,acne,2025-12-15
3023,dry,acne,aging,2025-04-25
3024,oily,acne,sensitivity,2026-03-07
3025,dry,dehydration,dullness,2024-08-29
3026,sensitive,pigmentation,dehydration,2025-11-15
3027,oily,pigmentation,aging,2024-12-26
3028,sensitive,dehydration,sensitivity,2024-12-24
3029,dry,pigmentation,acne,2025-05-30
3030,normal,acne,aging,2026-04-09
3031,sensitive,acne,dehydration,2025-12-14
3032,dry,aging,dehydration,2025-04-15
3033,combination,dullness,acne,2025-06-10
3034,oily,dehydration,dullness,2025-05-05
3035,oily,sensitivity,aging,2026-01-05
3036,normal,dullness,acne,2025-06-08
3037,normal,dehydration,pigmentation,2026-05-05
3038,oily,pigmentation,dullness,2025-07-18
3039,dry,aging,sensitivity,2026-05-01
3040,oily,pigmentation,dehydration,2025-03-08
3041,dry,acne,pigmentation,2025-05-18
3042,dry,sensitivity,aging,2024-10-22
3043,dry,pigmentation,sensitivity,2025-08-03
3044,combination,aging,dullness,2026-03-10
3045,oily,aging,pigmentation,2026-01-16
3046,normal,acne,sensitivity,2024-11-18
3047,sensitive,sensitivity,dullness,2024-08-05
3048,sensitive,pigmentation,aging,2026-05-23
3049,oily,acne,dullness,2025-02-27
3050,sensitive,aging,pigmentation,2025-07-19
3051,normal,acne,pigmentation,2025-12-30
3052,oily,sensitivity,dullness,2025-06-28
3053,sensitive,pigmentation,acne,2024-08-21
3054,dry,pigmentation,aging,2026-02-12
3055,sensitive,pigmentation,dullness,2024-11-02
3056,combination,acne,dehydration,2026-05-02
3057,normal,acne,sensitivity,2025-01-26
3058,oily,dullness,pigmentation,2026-05-13
3059,dry,pigmentation,dehydration,2026-05-23
3060,dry,acne,dehydration,2026-06-09
3061,dry,pigmentation,dehydration,2024-11-25
3062,dry,pigmentation,dehydration,2025-05-13
3063,dry,aging,acne,2025-02-17
3064,oily,sensitivity,acne,2026-03-15
3065,sensitive,pigmentation,dullness,2024-09-01
3066,combination,dehydration,sensitivity,2024-11-22
3067,normal,dehydration,aging,2025-07-14
3068,sensitive,acne,dehydration,2024-09-17
3069,oily,dullness,dehydration,2026-03-24
3070,oily,aging,dullness,2025-12-05
3071,combination,dullness,sensitivity,2026-06-01
3072,combination,pigmentation,dullness,2026-03-08
3073,dry,aging,sensitivity,2024-10-29
3074,sensitive,acne,dullness,2025-09-10
3075,combination,sensitivity,pigmentation,2025-03-22
3076,sensitive,dullness,dehydration,2024-09-30
3077,oily,acne,dehydration,2024-12-25
3078,normal,dullness,pigmentation,2025-09-17
3079,dry,sensitivity,dullness,2025-10-25
3080,combination,dehydration,dullness,2026-04-18
3081,combination,pigmentation,acne,2024-11-07
3082,normal,sensitivity,dehydration,2024-07-17
3083,dry,pigmentation,sensitivity,2025-07-06
3084,dry,pigmentation,aging,2025-07-06
3085,dry,acne,aging,2024-10-24
3086,dry,sensitivity,aging,2025-10-29
3087,oily,dehydration,aging,2025-09-12
3088,oily,dullness,aging,2024-09-21
3089,dry,dehydration,aging,2025-10-02
3090,combination,pigmentation,dullness,2024-08-28
3091,dry,acne,dehydration,2026-03-11
3092,dry,sensitivity,dullness,2025-07-08
3093,sensitive,sensitivity,dullness,2025-07-13
3094,dry,acne,dullness,2025-11-24
3095,normal,acne,dehydration,2024-08-02
3096,sensitive,dullness,sensitivity,2025-07-19
3097,oily,acne,aging,2024-10-02
3098,dry,dehydration,acne,2026-01-27
3099,oily,sensitivity,pigmentation,2025-10-24
3100,dry,pigmentation,sensitivity,2025-07-22
3101,dry,pigmentation,dullness,2025-05-20
3102,oily,sensitivity,acne,2026-01-20
3103,oily,aging,dullness,2025-11-20
3104,combination,pigmentation,acne,2025-04-08
3105,sensitive,acne,dullness,2025-12-15
3106,dry,sensitivity,aging,2024-12-28
3107,normal,sensitivity,dehydration,2025-07-23
3108,dry,acne,pigmentation,2024-07-28
3109,normal,dehydration,dullness,2026-01-14
3110,dry,acne,dehydration,2024-10-29
3111,combination,acne,dehydration,2025-07-13
3112,sensitive,aging,sensitivity,2026-05-05
3113,oily,aging,acne,2025-02-06
3114,normal,sensitivity,pigmentation,2026-02-02
3115,dry,dehydration,acne,2026-03-27
3116,combination,acne,sensitivity,2025-06-13
3117,sensitive,dullness,sensitivity,2024-12-09
3118,sensitive,sensitivity,dullness,2025-12-30
3119,oily,dullness,aging,2025-04-07
3120,normal,pigmentation,dehydration,2026-06-26
3121,sensitive,acne,aging,2026-02-22
3122,normal,aging,pigmentation,2025-01-01
3123,combination,aging,pigmentation,2026-06-27
3124,sensitive,aging,sensitivity,2025-10-18
3125,combination,acne,pigmentation,2025-06-30
3126,normal,acne,dullness,2026-05-19
3127,normal,dullness,acne,2024-07-21
3128,normal,sensitivity,acne,2025-06-30
3129,combination,dullness,acne,2025-11-01
3130,sensitive,aging,dullness,2024-07-22
3131,dry,sensitivity,dullness,2025-05-24
3132,combination,dehydration,pigmentation,2025-02-25
3133,sensitive,dehydration,aging,2026-05-01
3134,oily,dullness,acne,2026-03-12
3135,sensitive,dehydration,aging,2026-06-03
3136,oily,dullness,pigmentation,2025-06-26
3137,combination,dullness,dehydration,2024-11-02
3138,combination,dullness,acne,2024-09-15
3139,combination,dehydration,aging,2025-05-13
3140,combination,sensitivity,aging,2026-05-28
3141,combination,pigmentation,dullness,2025-04-05
3142,combination,dehydration,dullness,2025-03-27
3143,combination,acne,pigmentation,2025-04-26
3144,combination,dullness,aging,2025-01-25
3145,sensitive,sensitivity,dullness,2025-05-25
3146,combination,dullness,sensitivity,2025-02-07
3147,sensitive,pigmentation,aging,2025-07-16
3148,normal,dullness,aging,2026-03-19
3149,normal,aging,sensitivity,2026-05-09
3150,oily,aging,pigmentation,2024-09-11
3151,sensitive,pigmentation,acne,2025-08-18
3152,dry,dullness,dehydration,2025-11-13
3153,oily,pigmentation,sensitivity,2025-12-04
3154,sensitive,aging,dehydration,2026-05-30
3155,oily,sensitivity,dehydration,2024-08-15
3156,normal,dehydration,acne,2026-05-07
3157,sensitive,aging,dullness,2026-01-27
3158,normal,sensitivity,dullness,2025-08-06
3159,sensitive,acne,dullness,2025-10-18
3160,normal,sensitivity,aging,2026-06-07
3161,oily,aging,dehydration,2025-11-08
3162,normal,dehydration,pigmentation,2024-12-14
3163,oily,sensitivity,dehydration,2026-01-04
3164,dry,dullness,pigmentation,2024-10-12
3165,oily,dullness,aging,2025-10-16
3166,combination,dehydration,acne,2026-06-27
3167,sensitive,pigmentation,acne,2026-04-18
3168,dry,pigmentation,dullness,2024-11-21
3169,normal,aging,pigmentation,2025-09-13
3170,sensitive,aging,pigmentation,2024-07-19
3171,sensitive,dehydration,sensitivity,2024-12-07
3172,normal,pigmentation,acne,2026-06-14
3173,combination,dullness,pigmentation,2025-11-20
3174,dry,acne,dehydration,2025-01-23
3175,normal,acne,dullness,2026-05-21
3176,combination,sensitivity,pigmentation,2024-07-06
3177,sensitive,sensitivity,dehydration,2026-03-07
3178,dry,sensitivity,acne,2024-12-01
3179,dry,pigmentation,acne,2024-10-30
3180,oily,dullness,sensitivity,2025-07-02
3181,dry,dehydration,aging,2024-11-26
3182,oily,pigmentation,dehydration,2024-09-28
3183,sensitive,dehydration,acne,2025-01-16
3184,oily,dehydration,acne,2025-02-04
3185,sensitive,aging,dehydration,2025-09-25
3186,normal,aging,pigmentation,2025-12-05
3187,sensitive,pigmentation,sensitivity,2024-10-10
3188,combination,dehydration,aging,2026-01-24
3189,oily,sensitivity,dullness,2025-09-06
3190,normal,sensitivity,aging,2025-06-27
3191,oily,dehydration,dullness,2025-09-24
3192,sensitive,aging,dehydration,2025-10-07
3193,sensitive,dehydration,dullness,2025-04-24
3194,oily,pigmentation,dullness,2025-11-08
3195,sensitive,sensitivity,pigmentation,2024-07-14
3196,oily,pigmentation,dehydration,2026-02-26
3197,dry,aging,acne,2025-09-25
3198,normal,acne,dehydration,2024-10-27
3199,normal,acne,dehydration,2025-07-24
3200,dry,aging,dullness,2025-02-06
3201,normal,dullness,dehydration,2025-03-21
3202,normal,acne,sensitivity,2025-11-06
3203,sensitive,sensitivity,dehydration,2025-01-09
3204,oily,acne,pigmentation,2026-01-14
3205,dry,sensitivity,dehydration,2025-01-04
3206,sensitive,pigmentation,dullness,2026-04-04
3207,normal,aging,pigmentation,2025-02-14
3208,normal,acne,sensitivity,2026-04-15
3209,combination,dehydration,aging,2024-10-09
3210,dry,dehydration,sensitivity,2025-04-05
3211,normal,acne,dehydration,2026-06-07
3212,dry,acne,pigmentation,2026-04-18
3213,dry,dullness,sensitivity,2026-02-19
3214,normal,sensitivity,dullness,2024-08-04
3215,combination,acne,pigmentation,2025-05-02
3216,dry,pigmentation,dullness,2025-12-14
3217,oily,dullness,pigmentation,2025-12-16
3218,combination,acne,pigmentation,2026-06-18
3219,normal,pigmentation,dullness,2026-02-08
3220,combination,acne,pigmentation,2024-10-19
3221,sensitive,aging,acne,2025-04-25
3222,dry,dehydration,sensitivity,2025-10-11
3223,sensitive,aging,dehydration,2026-06-21
3224,sensitive,pigmentation,dehydration,2025-10-29
3225,sensitive,aging,dehydration,2025-09-30
3226,sensitive,dullness,sensitivity,2026-04-11
3227,combination,acne,sensitivity,2025-04-19
3228,dry,acne,dehydration,2025-03-11
3229,sensitive,pigmentation,aging,2024-07-07
3230,normal,sensitivity,dehydration,2025-10-17
3231,normal,dehydration,pigmentation,2025-12-17
3232,dry,acne,pigmentation,2024-11-12
3233,sensitive,pigmentation,acne,2025-10-23
3234,oily,aging,dehydration,2025-04-02
3235,combination,pigmentation,dullness,2025-01-13
3236,combination,sensitivity,acne,2024-10-01
3237,dry,sensitivity,dehydration,2025-11-16
3238,normal,pigmentation,dullness,2025-04-07
3239,normal,acne,dullness,2026-04-02
3240,oily,pigmentation,dullness,2024-12-14
3241,dry,dullness,aging,2026-06-04
3242,dry,dehydration,aging,2025-02-12
3243,normal,aging,sensitivity,2026-02-04
3244,combination,pigmentation,dullness,2025-08-02
3245,sensitive,pigmentation,sensitivity,2026-05-12
3246,normal,acne,dullness,2025-02-18
3247,sensitive,acne,sensitivity,2025-07-19
3248,oily,aging,acne,2025-03-08
3249,oily,dullness,dehydration,2025-10-25
3250,dry,acne,sensitivity,2026-07-02
3251,dry,pigmentation,aging,2025-05-08
3252,sensitive,sensitivity,pigmentation,2025-02-11
3253,oily,sensitivity,aging,2025-03-08
3254,dry,dullness,sensitivity,2025-12-27
3255,dry,dullness,aging,2025-01-29
3256,oily,dullness,aging,2025-06-05
3257,oily,aging,dullness,2026-02-03
3258,oily,pigmentation,dullness,2026-04-16
3259,combination,aging,dehydration,2025-11-11
3260,combination,dehydration,aging,2026-06-20
3261,combination,dullness,acne,2025-01-29
3262,combination,dehydration,aging,2026-06-25
3263,sensitive,dullness,dehydration,2026-06-01
3264,normal,acne,dullness,2026-03-13
3265,combination,dullness,sensitivity,2025-11-10
3266,sensitive,sensitivity,pigmentation,2026-06-22
3267,sensitive,dullness,pigmentation,2025-04-02
3268,sensitive,dullness,dehydration,2026-04-01
3269,oily,pigmentation,aging,2024-11-26
3270,normal,dehydration,pigmentation,2025-05-24
3271,oily,aging,acne,2026-05-07
3272,combination,pigmentation,dehydration,2025-09-17
3273,sensitive,aging,dullness,2026-03-26
3274,combination,acne,dehydration,2024-07-20
3275,dry,sensitivity,pigmentation,2025-04-29
3276,normal,dehydration,aging,2024-11-22
3277,oily,pigmentation,dullness,2025-10-06
3278,dry,dehydration,dullness,2026-03-21
3279,normal,acne,aging,2026-01-16
3280,sensitive,aging,pigmentation,2025-09-05
3281,oily,dullness,sensitivity,2024-12-20
3282,sensitive,acne,dehydration,2025-08-25
3283,normal,dehydration,pigmentation,2024-08-27
3284,oily,dehydration,sensitivity,2025-10-15
3285,combination,dullness,dehydration,2026-01-17
3286,combination,pigmentation,dehydration,2025-07-09
3287,oily,dehydration,sensitivity,2026-04-16
3288,dry,aging,acne,2025-03-04
3289,oily,dehydration,sensitivity,2026-04-24
3290,oily,dullness,acne,2025-03-25
3291,combination,acne,aging,2025-09-30
3292,combination,acne,pigmentation,2025-10-18
3293,dry,acne,aging,2025-04-16
3294,dry,acne,dullness,2025-02-06
3295,oily,pigmentation,dullness,2024-08-26
3296,sensitive,acne,aging,2025-12-07
3297,dry,sensitivity,pigmentation,2024-11-20
3298,normal,sensitivity,pigmentation,2024-11-03
3299,combination,pigmentation,dehydration,2024-07-09
3300,normal,pigmentation,acne,2024-08-01
3301,sensitive,dehydration,pigmentation,2024-12-06
3302,dry,dullness,acne,2025-12-03
3303,sensitive,dullness,pigmentation,2025-02-14
3304,dry,sensitivity,aging,2024-12-10
3305,oily,dullness,aging,2025-12-05
3306,dry,dehydration,pigmentation,2024-11-19
3307,dry,dullness,sensitivity,2025-02-08
3308,oily,dullness,acne,2025-07-13
3309,oily,pigmentation,sensitivity,2024-10-15
3310,normal,dullness,sensitivity,2026-05-03
3311,combination,sensitivity,pigmentation,2025-02-22
3312,combination,aging,sensitivity,2024-12-09
3313,normal,acne,sensitivity,2026-06-07
3314,dry,dullness,sensitivity,2025-09-12
3315,combination,dehydration,pigmentation,2025-06-24
3316,normal,sensitivity,dullness,2026-02-04
3317,sensitive,dullness,pigmentation,2024-10-02
3318,dry,dehydration,sensitivity,2025-04-04
3319,dry,pigmentation,dullness,2025-12-17
3320,oily,aging,pigmentation,2025-08-21
3321,oily,aging,pigmentation,2026-04-16
3322,oily,pigmentation,sensitivity,2026-05-03
3323,sensitive,dehydration,sensitivity,2025-01-07
3324,sensitive,sensitivity,aging,2024-07-17
3325,combination,pigmentation,aging,2025-12-16
3326,sensitive,acne,aging,2026-01-09
3327,oily,dehydration,dullness,2025-02-22
3328,dry,sensitivity,pigmentation,2025-06-28
3329,dry,sensitivity,acne,2026-03-27
3330,normal,pigmentation,sensitivity,2025-03-06
3331,sensitive,dehydration,aging,2026-02-03
3332,normal,dehydration,aging,2026-04-13
3333,dry,dehydration,dullness,2025-08-01
3334,normal,dehydration,aging,2025-01-12
3335,oily,sensitivity,dullness,2025-06-21
3336,dry,aging,pigmentation,2025-03-20
3337,combination,acne,aging,2026-01-14
3338,oily,pigmentation,dehydration,2025-07-11
3339,normal,sensitivity,aging,2025-01-31
3340,normal,sensitivity,dullness,2025-06-15
3341,combination,acne,dullness,2026-01-12
3342,dry,aging,sensitivity,2024-08-08
3343,oily,pigmentation,aging,2026-05-18
3344,sensitive,pigmentation,sensitivity,2024-09-09
3345,combination,dullness,dehydration,2025-01-23
3346,sensitive,dullness,acne,2026-04-16
3347,sensitive,aging,sensitivity,2026-01-01
3348,oily,aging,acne,2025-10-10
3349,oily,dullness,acne,2024-08-05
3350,sensitive,dehydration,sensitivity,2025-06-24
3351,oily,acne,dullness,2025-12-30
3352,normal,acne,aging,2024-09-02
3353,oily,aging,dehydration,2026-04-11
3354,sensitive,aging,dehydration,2024-11-17
3355,normal,sensitivity,acne,2024-11-06
3356,combination,sensitivity,dehydration,2025-09-27
3357,oily,dullness,sensitivity,2026-06-05
3358,normal,acne,dullness,2024-09-27
3359,oily,acne,sensitivity,2024-07-29
3360,combination,aging,dehydration,2025-10-03
3361,normal,dullness,aging,2026-02-21
3362,sensitive,dullness,acne,2025-12-20
3363,oily,acne,sensitivity,2026-03-29
3364,normal,sensitivity,aging,2025-04-17
3365,oily,aging,dullness,2025-06-22
3366,sensitive,dullness,aging,2025-10-19
3367,sensitive,acne,sensitivity,2025-03-18
3368,dry,dehydration,dullness,2025-04-08
3369,combination,dullness,dehydration,2026-06-28
3370,oily,pigmentation,acne,2025-09-10
3371,normal,pigmentation,dullness,2024-10-13
3372,dry,aging,pigmentation,2024-12-02
3373,dry,acne,sensitivity,2024-10-20
3374,combination,sensitivity,acne,2024-08-08
3375,sensitive,dehydration,acne,2026-05-23
3376,combination,sensitivity,pigmentation,2025-12-21
3377,combination,aging,dehydration,2025-08-05
3378,combination,dullness,acne,2025-06-29
3379,normal,aging,sensitivity,2024-12-09
3380,dry,aging,acne,2025-01-23
3381,normal,dullness,pigmentation,2025-02-05
3382,sensitive,aging,dehydration,2026-03-13
3383,normal,dehydration,sensitivity,2025-02-26
3384,normal,acne,dehydration,2024-12-02
3385,sensitive,pigmentation,aging,2025-01-03
3386,dry,sensitivity,acne,2025-05-06
3387,sensitive,sensitivity,dullness,2026-05-03
3388,sensitive,dehydration,acne,2026-03-19
3389,dry,aging,dullness,2025-01-09
3390,sensitive,aging,dehydration,2024-10-10
3391,dry,acne,dullness,2024-11-10
3392,combination,pigmentation,acne,2025-08-29
3393,sensitive,dehydration,dullness,2025-05-03
3394,oily,aging,acne,2026-02-27
3395,dry,aging,pigmentation,2025-04-30
3396,sensitive,acne,dullness,2026-02-14
3397,combination,aging,sensitivity,2024-12-02
3398,normal,dehydration,dullness,2024-12-09
3399,oily,dullness,sensitivity,2026-05-30
3400,sensitive,dullness,aging,2024-08-21
3401,normal,sensitivity,dehydration,2024-12-02
3402,normal,pigmentation,dullness,2025-10-03
3403,oily,pigmentation,sensitivity,2025-08-11
3404,normal,dullness,pigmentation,2026-05-10
3405,dry,aging,acne,2024-08-21
3406,dry,sensitivity,pigmentation,2026-04-24
3407,dry,acne,sensitivity,2024-08-31
3408,sensitive,acne,dullness,2025-03-15
3409,sensitive,aging,dullness,2024-09-03
3410,combination,aging,dullness,2025-10-08
3411,oily,sensitivity,dullness,2024-09-20
3412,normal,aging,sensitivity,2025-08-29
3413,dry,aging,dullness,2025-10-24
3414,oily,pigmentation,dehydration,2025-11-02
3415,combination,aging,sensitivity,2024-08-10
3416,combination,dullness,dehydration,2025-07-31
3417,sensitive,dullness,sensitivity,2025-07-22
3418,normal,dullness,acne,2025-03-23
3419,oily,aging,acne,2025-05-26
3420,dry,acne,dehydration,2025-06-06
3421,combination,acne,pigmentation,2025-10-02
3422,sensitive,acne,dehydration,2026-03-08
3423,sensitive,dullness,aging,2024-07-09
3424,dry,sensitivity,acne,2025-07-12
3425,sensitive,sensitivity,dehydration,2024-07-26
3426,normal,pigmentation,aging,2025-08-04
3427,combination,acne,dehydration,2025-04-24
3428,normal,dullness,sensitivity,2025-06-03
3429,sensitive,acne,dehydration,2024-07-31
3430,dry,dullness,aging,2026-04-17
3431,dry,aging,pigmentation,2025-06-23
3432,sensitive,sensitivity,dehydration,2026-03-16
3433,dry,dullness,aging,2024-10-10
3434,dry,dehydration,acne,2025-06-14
3435,dry,aging,sensitivity,2024-08-31
3436,sensitive,sensitivity,dullness,2025-12-17
3437,dry,dullness,dehydration,2026-03-09
3438,sensitive,dullness,acne,2025-04-03
3439,normal,aging,sensitivity,2026-03-22
3440,normal,aging,pigmentation,2025-10-07
3441,normal,sensitivity,acne,2025-11-19
3442,oily,aging,dullness,2026-01-26
3443,combination,acne,pigmentation,2026-04-02
3444,dry,aging,sensitivity,2025-03-14
3445,normal,aging,sensitivity,2024-12-29
3446,sensitive,aging,sensitivity,2025-09-22
3447,dry,acne,aging,2025-12-13
3448,combination,acne,aging,2026-03-13
3449,sensitive,pigmentation,dehydration,2025-02-27
3450,combination,aging,dullness,2024-11-22
3451,combination,acne,dehydration,2025-06-01
3452,oily,aging,dullness,2025-08-25
3453,combination,pigmentation,sensitivity,2025-03-20
3454,dry,acne,dullness,2024-09-06
3455,normal,pigmentation,acne,2024-07-13
3456,normal,pigmentation,sensitivity,2026-02-15
3457,sensitive,acne,dullness,2025-07-23
3458,oily,dehydration,aging,2024-10-04
3459,normal,acne,pigmentation,2025-03-31
3460,dry,dullness,dehydration,2024-11-17
3461,combination,dullness,acne,2024-07-09
3462,normal,dehydration,dullness,2026-04-22
3463,normal,dullness,aging,2025-04-15
3464,oily,dullness,sensitivity,2025-06-13
3465,dry,dehydration,acne,2025-12-10
3466,sensitive,sensitivity,dehydration,2025-03-16
3467,combination,pigmentation,dehydration,2026-04-22
3468,dry,dehydration,sensitivity,2025-07-09
3469,combination,aging,dehydration,2025-09-06
3470,normal,acne,sensitivity,2025-09-24
3471,dry,dullness,aging,2025-04-14
3472,sensitive,sensitivity,dehydration,2024-08-16
3473,sensitive,acne,pigmentation,2024-08-13
3474,normal,acne,sensitivity,2025-02-09
3475,dry,sensitivity,acne,2025-11-07
3476,dry,dullness,aging,2024-07-30
3477,combination,pigmentation,acne,2024-07-07
3478,combination,dehydration,acne,2024-10-26
3479,combination,aging,dullness,2024-10-06
3480,sensitive,pigmentation,sensitivity,2024-11-16
3481,sensitive,pigmentation,aging,2024-12-28
3482,dry,dullness,acne,2025-01-22
3483,sensitive,acne,aging,2025-03-27
3484,dry,aging,sensitivity,2025-03-21
3485,combination,pigmentation,acne,2025-09-25
3486,oily,acne,sensitivity,2024-09-26
3487,dry,dehydration,pigmentation,2025-03-30
3488,normal,acne,aging,2025-04-14
3489,combination,sensitivity,dehydration,2025-01-10
3490,sensitive,acne,dullness,2026-05-12
3491,oily,aging,dullness,2024-09-03
3492,sensitive,acne,sensitivity,2025-05-07
3493,dry,aging,pigmentation,2024-08-15
3494,sensitive,dullness,sensitivity,2026-04-22
3495,normal,acne,pigmentation,2026-01-17
3496,combination,dullness,dehydration,2024-08-12
3497,oily,dehydration,pigmentation,2025-02-15
3498,combination,aging,dehydration,2025-03-21
3499,oily,acne,dehydration,2025-09-14
3500,combination,dehydration,aging,2025-05-26
3501,oily,pigmentation,aging,2025-06-02
3502,sensitive,acne,sensitivity,2026-02-12
3503,dry,aging,dullness,2025-05-18
3504,dry,pigmentation,aging,2025-06-24
3505,oily,acne,dehydration,2025-11-20
3506,normal,dehydration,aging,2025-10-29
3507,normal,dullness,aging,2024-12-22
3508,normal,sensitivity,aging,2025-02-28
3509,oily,aging,sensitivity,2025-07-28
3510,dry,aging,acne,2025-04-21
3511,normal,sensitivity,dullness,2026-01-11
3512,combination,acne,dehydration,2025-07-07
3513,oily,aging,dehydration,2025-05-22
3514,oily,dehydration,dullness,2026-01-03
3515,dry,pigmentation,dullness,2026-03-05
3516,normal,sensitivity,pigmentation,2025-06-17
3517,oily,pigmentation,dullness,2024-08-18
3518,normal,aging,dehydration,2025-08-03
3519,sensitive,sensitivity,pigmentation,2024-09-16
3520,normal,pigmentation,dehydration,2024-10-22
3521,normal,sensitivity,dullness,2025-01-08
3522,dry,acne,dullness,2024-09-21
3523,normal,pigmentation,acne,2025-09-09
3524,oily,dullness,acne,2024-12-28
3525,dry,dullness,acne,2026-03-23
3526,dry,sensitivity,acne,2025-11-15
3527,oily,sensitivity,dehydration,2025-05-18
3528,oily,dehydration,sensitivity,2026-06-09
3529,oily,dullness,dehydration,2024-12-24
3530,oily,pigmentation,acne,2024-08-29
3531,dry,dehydration,pigmentation,2026-04-21
3532,oily,dullness,dehydration,2024-07-11
3533,oily,acne,dullness,2026-05-03
3534,normal,dehydration,pigmentation,2026-04-05
3535,oily,aging,dullness,2024-12-26
3536,oily,aging,acne,2025-02-20
3537,oily,aging,acne,2024-08-21
3538,oily,dehydration,sensitivity,2025-08-30
3539,combination,pigmentation,sensitivity,2025-05-14
3540,normal,aging,dehydration,2026-03-20
3541,sensitive,acne,dehydration,2025-02-16
3542,combination,aging,dehydration,2024-07-07
3543,oily,acne,aging,2025-04-26
3544,sensitive,dullness,acne,2024-08-23
3545,oily,sensitivity,aging,2025-09-22
3546,sensitive,aging,dehydration,2024-07-18
3547,combination,sensitivity,dehydration,2025-06-09
3548,normal,sensitivity,dullness,2026-03-23
3549,dry,acne,dullness,2025-10-14
3550,sensitive,dullness,sensitivity,2025-07-12
3551,combination,dullness,acne,2026-05-19
3552,combination,aging,dullness,2024-09-20
3553,normal,dehydration,dullness,2026-01-13
3554,sensitive,aging,dullness,2025-02-28
3555,combination,acne,dehydration,2024-09-02
3556,combination,dullness,sensitivity,2025-08-23
3557,sensitive,pigmentation,sensitivity,2025-04-17
3558,dry,aging,dehydration,2025-06-24
3559,oily,dullness,dehydration,2024-12-25
3560,combination,dehydration,dullness,2026-06-08
3561,oily,pigmentation,sensitivity,2025-10-17
3562,oily,aging,dullness,2025-04-15
3563,combination,acne,pigmentation,2026-05-01
3564,sensitive,aging,sensitivity,2024-10-16
3565,sensitive,dullness,aging,2025-03-31
3566,dry,dullness,acne,2026-07-04
3567,combination,pigmentation,aging,2026-06-28
3568,oily,acne,dehydration,2026-03-12
3569,sensitive,dullness,acne,2025-03-08
3570,dry,dullness,pigmentation,2025-06-23
3571,sensitive,acne,aging,2025-07-19
3572,normal,dullness,dehydration,2025-05-22
3573,sensitive,acne,pigmentation,2025-07-10
3574,dry,aging,acne,2025-10-29
3575,normal,dullness,pigmentation,2026-07-01
3576,sensitive,dehydration,acne,2026-06-16
3577,sensitive,dehydration,sensitivity,2025-02-18
3578,normal,dehydration,aging,2025-01-09
3579,normal,pigmentation,aging,2026-01-12
3580,oily,sensitivity,acne,2026-01-10
3581,normal,aging,sensitivity,2025-09-11
3582,sensitive,aging,acne,2025-03-22
3583,dry,dehydration,dullness,2025-04-29
3584,dry,pigmentation,sensitivity,2025-05-24
3585,sensitive,acne,sensitivity,2026-06-10
3586,dry,dehydration,aging,2025-08-26
3587,combination,dullness,aging,2025-01-02
3588,sensitive,dullness,dehydration,2025-05-01
3589,sensitive,acne,pigmentation,2024-11-24
3590,normal,dullness,pigmentation,2025-02-13
3591,oily,pigmentation,acne,2024-09-17
3592,dry,dullness,pigmentation,2025-05-14
3593,normal,dullness,sensitivity,2025-05-16
3594,combination,dehydration,pigmentation,2025-05-25
3595,dry,sensitivity,acne,2025-12-25
3596,dry,pigmentation,dullness,2025-08-22
3597,dry,acne,dehydration,2026-03-05
3598,combination,dullness,dehydration,2025-08-26
3599,dry,sensitivity,aging,2026-03-19
3600,sensitive,acne,aging,2025-07-13
3601,combination,aging,sensitivity,2024-08-08
3602,sensitive,aging,acne,2025-08-10
3603,oily,pigmentation,acne,2025-01-13
3604,sensitive,dullness,acne,2025-08-20
3605,normal,pigmentation,acne,2024-09-12
3606,oily,aging,acne,2026-02-03
3607,dry,sensitivity,dehydration,2024-11-04
3608,sensitive,aging,acne,2025-01-23
3609,sensitive,acne,dullness,2024-09-25
3610,sensitive,sensitivity,dullness,2026-03-31
3611,combination,pigmentation,dullness,2024-09-20
3612,sensitive,dehydration,aging,2024-09-10
3613,sensitive,dehydration,aging,2025-12-02
3614,oily,dullness,pigmentation,2025-04-06
3615,sensitive,acne,pigmentation,2025-05-04
3616,combination,sensitivity,aging,2026-06-01
3617,oily,dehydration,aging,2025-06-18
3618,combination,aging,dullness,2025-03-12
3619,combination,sensitivity,dullness,2026-02-07
3620,oily,dehydration,dullness,2025-10-15
3621,normal,dehydration,pigmentation,2025-05-05
3622,dry,pigmentation,acne,2024-08-26
3623,dry,dullness,aging,2026-05-23
3624,combination,pigmentation,dehydration,2024-08-21
3625,normal,acne,sensitivity,2024-11-17
3626,sensitive,aging,pigmentation,2024-10-26
3627,sensitive,acne,pigmentation,2026-06-02
3628,dry,acne,sensitivity,2025-05-17
3629,normal,dehydration,sensitivity,2025-10-10
3630,normal,dullness,acne,2024-09-03
3631,combination,aging,pigmentation,2025-01-11
3632,combination,pigmentation,sensitivity,2025-03-18
3633,oily,dehydration,acne,2026-06-16
3634,sensitive,dullness,pigmentation,2024-10-05
3635,normal,dullness,sensitivity,2025-07-14
3636,combination,pigmentation,dullness,2026-03-12
3637,combination,acne,sensitivity,2024-10-06
3638,combination,acne,pigmentation,2024-09-14
3639,oily,acne,sensitivity,2025-07-08
3640,sensitive,sensitivity,aging,2025-03-10
3641,sensitive,aging,dullness,2025-04-16
3642,normal,dullness,pigmentation,2025-11-27
3643,normal,sensitivity,acne,2025-01-05
3644,combination,sensitivity,pigmentation,2024-07-07
3645,normal,pigmentation,dullness,2024-08-23
3646,combination,aging,acne,2025-02-19
3647,sensitive,aging,dehydration,2025-10-16
3648,sensitive,acne,dehydration,2024-09-10
3649,normal,dehydration,sensitivity,2024-08-28
3650,sensitive,dullness,pigmentation,2026-07-02
3651,oily,aging,acne,2025-11-01
3652,oily,dullness,sensitivity,2025-05-29
3653,combination,dehydration,dullness,2025-05-10
3654,combination,acne,dullness,2025-02-01
3655,sensitive,dullness,pigmentation,2025-06-26
3656,combination,sensitivity,acne,2026-06-26
3657,combination,dehydration,dullness,2026-03-07
3658,normal,dullness,sensitivity,2024-12-26
3659,dry,acne,dehydration,2025-02-15
3660,combination,dehydration,sensitivity,2025-03-17
3661,combination,dehydration,sensitivity,2025-08-18
3662,combination,aging,dullness,2025-12-18
3663,normal,dullness,aging,2025-11-23
3664,normal,dullness,sensitivity,2025-02-18
3665,combination,acne,sensitivity,2025-07-03
3666,combination,pigmentation,dehydration,2026-04-02
3667,combination,dehydration,sensitivity,2025-09-17
3668,oily,sensitivity,aging,2024-11-11
3669,combination,pigmentation,dehydration,2025-04-25
3670,dry,aging,dehydration,2024-10-11
3671,oily,sensitivity,dullness,2025-06-30
3672,oily,acne,sensitivity,2025-07-17
3673,combination,pigmentation,acne,2024-08-12
3674,oily,acne,dullness,2025-07-01
3675,sensitive,pigmentation,acne,2026-03-30
3676,combination,dullness,aging,2025-09-16
3677,dry,aging,dullness,2025-03-20
3678,sensitive,sensitivity,dullness,2025-10-27
3679,combination,sensitivity,dullness,2025-09-10
3680,sensitive,sensitivity,acne,2024-10-06
3681,sensitive,dehydration,aging,2025-08-22
3682,oily,dehydration,dullness,2025-11-26
3683,dry,dullness,sensitivity,2026-04-19
3684,combination,sensitivity,dehydration,2025-09-15
3685,normal,acne,sensitivity,2024-12-23
3686,oily,dehydration,aging,2025-11-29
3687,oily,acne,dehydration,2025-07-27
3688,normal,aging,sensitivity,2025-03-13
3689,normal,pigmentation,dehydration,2024-08-27
3690,oily,dullness,acne,2024-11-18
3691,combination,dehydration,pigmentation,2025-12-09
3692,sensitive,acne,dullness,2026-03-08
3693,oily,dullness,aging,2025-03-03
3694,dry,pigmentation,sensitivity,2026-01-01
3695,dry,acne,aging,2025-09-23
3696,sensitive,aging,sensitivity,2026-04-21
3697,dry,dullness,sensitivity,2024-12-17
3698,combination,pigmentation,aging,2026-03-11
3699,dry,aging,dehydration,2025-10-01
3700,sensitive,sensitivity,acne,2025-09-12
3701,oily,aging,pigmentation,2026-06-05
3702,dry,sensitivity,acne,2024-12-16
3703,dry,sensitivity,pigmentation,2025-04-10
3704,normal,aging,dehydration,2025-06-06
3705,normal,dullness,sensitivity,2026-02-26
3706,combination,dehydration,acne,2026-05-29
3707,oily,aging,acne,2026-05-27
3708,sensitive,aging,pigmentation,2025-04-06
3709,combination,pigmentation,aging,2025-01-06
3710,normal,acne,aging,2024-12-02
3711,dry,acne,dullness,2024-11-28
3712,normal,aging,dehydration,2025-09-22
3713,normal,dehydration,aging,2026-07-06
3714,dry,pigmentation,dullness,2026-01-08
3715,sensitive,pigmentation,dehydration,2024-12-08
3716,dry,pigmentation,dehydration,2024-12-25
3717,dry,dullness,sensitivity,2025-06-30
3718,dry,pigmentation,sensitivity,2026-06-19
3719,sensitive,pigmentation,sensitivity,2024-12-16
3720,dry,acne,dullness,2024-11-17
3721,sensitive,pigmentation,dehydration,2026-01-22
3722,combination,pigmentation,acne,2024-11-26
3723,sensitive,dehydration,dullness,2025-03-26
3724,normal,sensitivity,dehydration,2024-09-25
3725,oily,aging,dullness,2025-04-05
3726,normal,acne,sensitivity,2026-05-02
3727,oily,acne,sensitivity,2025-03-21
3728,combination,pigmentation,acne,2026-04-19
3729,dry,aging,acne,2025-12-29
3730,sensitive,dullness,sensitivity,2024-10-07
3731,sensitive,pigmentation,sensitivity,2024-07-29
3732,normal,aging,sensitivity,2025-07-24
3733,combination,pigmentation,acne,2025-12-06
3734,normal,dullness,sensitivity,2025-09-23
3735,dry,dehydration,aging,2026-01-10
3736,dry,acne,dehydration,2025-05-13
3737,dry,aging,pigmentation,2025-09-02
3738,combination,dullness,dehydration,2026-05-25
3739,sensitive,dehydration,dullness,2025-04-17
3740,normal,dullness,sensitivity,2025-03-23
3741,dry,dullness,aging,2025-03-06
3742,dry,dehydration,sensitivity,2024-08-15
3743,normal,aging,dehydration,2025-02-07
3744,combination,dullness,pigmentation,2025-02-28
3745,dry,pigmentation,dehydration,2026-02-02
3746,normal,aging,acne,2025-08-01
3747,combination,acne,dullness,2025-08-23
3748,normal,aging,dullness,2024-08-03
3749,normal,acne,dehydration,2025-07-25
3750,normal,pigmentation,dehydration,2025-02-18
3751,combination,aging,sensitivity,2025-06-06
3752,sensitive,dullness,sensitivity,2026-05-26
3753,normal,sensitivity,dehydration,2024-08-22
3754,dry,acne,dehydration,2025-03-04
3755,oily,sensitivity,acne,2026-01-19
3756,dry,pigmentation,aging,2026-05-24
3757,sensitive,dehydration,sensitivity,2024-08-21
3758,combination,dehydration,sensitivity,2025-11-24
3759,oily,sensitivity,dullness,2026-06-24
3760,combination,acne,dehydration,2025-04-12
3761,oily,sensitivity,aging,2026-06-25
3762,combination,acne,dullness,2026-01-30
3763,combination,sensitivity,dehydration,2024-09-21
3764,sensitive,dullness,aging,2026-06-09
3765,combination,aging,sensitivity,2025-01-03
3766,combination,aging,sensitivity,2025-04-11
3767,sensitive,acne,dullness,2025-11-25
3768,sensitive,dehydration,dullness,2025-12-10
3769,normal,dehydration,aging,2025-07-24
3770,dry,sensitivity,pigmentation,2025-06-12
3771,combination,dehydration,dullness,2024-09-24
3772,dry,sensitivity,pigmentation,2025-12-28
3773,combination,sensitivity,dullness,2025-05-01
3774,oily,aging,pigmentation,2025-02-20
3775,combination,dehydration,dullness,2026-06-27
3776,oily,pigmentation,aging,2024-09-20
3777,combination,dehydration,acne,2024-07-11
3778,normal,dullness,pigmentation,2026-05-04
3779,normal,aging,dullness,2025-12-27
3780,combination,dullness,dehydration,2024-12-09
3781,oily,pigmentation,dullness,2024-11-22
3782,dry,dullness,acne,2026-03-14
3783,oily,aging,dullness,2024-09-04
3784,sensitive,pigmentation,aging,2025-11-08
3785,normal,sensitivity,pigmentation,2025-12-04
3786,combination,acne,dullness,2025-10-18
3787,oily,dehydration,pigmentation,2025-03-03
3788,oily,pigmentation,sensitivity,2026-02-06
3789,normal,pigmentation,acne,2025-06-05
3790,dry,acne,pigmentation,2026-05-13
3791,oily,acne,dehydration,2026-03-21
3792,oily,acne,pigmentation,2024-12-22
3793,dry,dehydration,acne,2025-09-29
3794,sensitive,sensitivity,pigmentation,2024-12-03
3795,normal,dullness,pigmentation,2025-01-13
3796,dry,acne,aging,2024-07-08
3797,sensitive,sensitivity,dehydration,2026-03-28
3798,oily,dullness,sensitivity,2024-08-22
3799,oily,dullness,aging,2024-09-22
3800,oily,sensitivity,dehydration,2025-08-23
3801,normal,aging,sensitivity,2026-03-30
3802,combination,aging,dullness,2026-03-31
3803,normal,dehydration,aging,2025-06-28
3804,oily,dullness,acne,2026-06-29
3805,oily,dehydration,acne,2026-04-28
3806,normal,dehydration,pigmentation,2025-06-13
3807,oily,sensitivity,pigmentation,2025-05-21
3808,oily,pigmentation,dullness,2024-10-15
3809,combination,acne,sensitivity,2024-07-24
3810,sensitive,aging,dehydration,2025-12-23
3811,dry,dullness,acne,2025-11-07
3812,combination,dehydration,aging,2026-02-11
3813,sensitive,pigmentation,dullness,2026-01-23
3814,combination,dehydration,aging,2025-08-20
3815,dry,dehydration,dullness,2024-07-11
3816,oily,dehydration,dullness,2024-09-21
3817,combination,dehydration,sensitivity,2024-09-07
3818,normal,sensitivity,aging,2025-08-10
3819,sensitive,dullness,dehydration,2025-03-13
3820,normal,aging,acne,2025-01-24
3821,oily,aging,dehydration,2026-01-10
3822,oily,dehydration,dullness,2025-08-02
3823,combination,pigmentation,aging,2025-05-30
3824,oily,dullness,aging,2025-10-07
3825,combination,dullness,sensitivity,2025-07-26
3826,normal,dullness,aging,2025-08-18
3827,dry,aging,dullness,2026-05-23
3828,combination,dehydration,acne,2024-12-22
3829,sensitive,acne,aging,2024-09-16
3830,oily,dehydration,dullness,2025-01-01
3831,normal,dehydration,aging,2024-08-23
3832,dry,sensitivity,dehydration,2025-08-25
3833,normal,sensitivity,aging,2026-05-27
3834,sensitive,aging,acne,2025-12-23
3835,oily,acne,dehydration,2024-10-20
3836,sensitive,dullness,pigmentation,2026-03-27
3837,oily,acne,sensitivity,2025-06-02
3838,combination,pigmentation,acne,2026-07-05
3839,normal,dehydration,pigmentation,2025-11-12
3840,normal,dullness,acne,2026-04-15
3841,normal,dullness,pigmentation,2026-04-15
3842,combination,dehydration,aging,2026-03-08
3843,combination,acne,sensitivity,2025-06-08
3844,dry,dehydration,aging,2025-02-17
3845,normal,dullness,aging,2025-12-08
3846,combination,aging,acne,2024-11-16
3847,sensitive,aging,pigmentation,2025-09-23
3848,dry,dullness,pigmentation,2025-01-14
3849,sensitive,dullness,aging,2025-06-14
3850,dry,aging,dullness,2025-01-24
3851,sensitive,pigmentation,acne,2024-07-21
3852,oily,pigmentation,dullness,2024-07-10
3853,oily,aging,acne,2025-05-03
3854,dry,pigmentation,dullness,2024-08-02
3855,combination,dullness,acne,2025-02-09
3856,sensitive,sensitivity,dullness,2025-12-22
3857,dry,acne,dullness,2024-08-22
3858,oily,pigmentation,sensitivity,2026-03-22
3859,dry,acne,pigmentation,2025-07-29
3860,combination,sensitivity,dehydration,2026-03-16
3861,combination,dehydration,pigmentation,2024-12-10
3862,sensitive,pigmentation,sensitivity,2024-09-20
3863,dry,aging,dehydration,2024-11-15
3864,sensitive,dehydration,pigmentation,2026-04-23
3865,sensitive,sensitivity,aging,2025-12-21
3866,sensitive,dullness,dehydration,2025-10-31
3867,combination,pigmentation,dehydration,2026-04-13
3868,normal,dehydration,aging,2025-06-14
3869,dry,dehydration,dullness,2026-06-12
3870,sensitive,dullness,aging,2025-04-14
3871,oily,acne,aging,2025-05-12
3872,oily,dehydration,aging,2025-04-27
3873,normal,acne,pigmentation,2024-09-07
3874,combination,sensitivity,dehydration,2024-12-09
3875,sensitive,sensitivity,dehydration,2025-12-29
3876,sensitive,dullness,aging,2025-05-15
3877,sensitive,dullness,acne,2024-11-27
3878,dry,acne,aging,2024-10-22
3879,oily,sensitivity,dullness,2025-03-23
3880,oily,pigmentation,sensitivity,2026-05-06
3881,normal,pigmentation,dullness,2025-08-23
3882,dry,dehydration,pigmentation,2024-10-17
3883,combination,sensitivity,dullness,2026-05-14
3884,combination,aging,sensitivity,2025-05-01
3885,oily,dullness,sensitivity,2025-06-06
3886,combination,dullness,sensitivity,2026-01-25
3887,oily,pigmentation,dehydration,2025-10-28
3888,oily,dullness,sensitivity,2024-07-22
3889,oily,sensitivity,pigmentation,2025-04-27
3890,normal,aging,dullness,2024-08-19
3891,combination,dehydration,acne,2025-07-27
3892,normal,dehydration,aging,2024-10-26
3893,combination,sensitivity,pigmentation,2025-04-09
3894,dry,dehydration,sensitivity,2024-09-08
3895,sensitive,sensitivity,dehydration,2025-11-10
3896,normal,dehydration,pigmentation,2025-09-30
3897,combination,sensitivity,aging,2026-06-07
3898,oily,dehydration,pigmentation,2026-01-21
3899,dry,sensitivity,aging,2026-03-27
3900,normal,sensitivity,aging,2026-02-23
3901,combination,sensitivity,dullness,2025-11-23
3902,normal,dullness,aging,2024-10-06
3903,combination,dehydration,dullness,2025-10-03
3904,oily,sensitivity,aging,2024-11-09
3905,normal,aging,dehydration,2024-11-18
3906,sensitive,acne,pigmentation,2024-07-19
3907,sensitive,sensitivity,aging,2025-06-30
3908,normal,dullness,aging,2024-10-24
3909,oily,aging,dehydration,2025-09-03
3910,normal,dehydration,dullness,2025-03-31
3911,dry,acne,dehydration,2024-11-21
3912,normal,aging,acne,2026-03-24
3913,oily,pigmentation,dehydration,2026-05-25
3914,combination,pigmentation,sensitivity,2026-03-08
3915,sensitive,sensitivity,acne,2025-01-25
3916,oily,dullness,dehydration,2025-07-25
3917,oily,acne,pigmentation,2025-12-14
3918,normal,aging,acne,2024-12-22
3919,oily,pigmentation,dehydration,2026-06-25
3920,sensitive,sensitivity,pigmentation,2026-03-02
3921,normal,pigmentation,aging,2025-07-28
3922,sensitive,aging,sensitivity,2024-09-05
3923,combination,aging,dehydration,2025-01-05
3924,combination,pigmentation,aging,2025-02-22
3925,sensitive,dehydration,sensitivity,2025-02-02
3926,combination,dullness,pigmentation,2025-11-20
3927,combination,aging,acne,2025-08-13
3928,oily,aging,dehydration,2024-09-27
3929,sensitive,dehydration,pigmentation,2025-01-19
3930,sensitive,acne,aging,2025-04-25
3931,sensitive,sensitivity,aging,2026-05-07
3932,oily,dullness,dehydration,2025-01-17
3933,sensitive,pigmentation,acne,2025-10-12
3934,sensitive,dullness,pigmentation,2025-09-28
3935,oily,sensitivity,dehydration,2025-03-01
3936,normal,pigmentation,dullness,2025-09-22
3937,combination,dullness,aging,2025-05-14
3938,combination,dullness,acne,2026-06-27
3939,sensitive,dehydration,sensitivity,2026-02-21
3940,combination,dullness,sensitivity,2025-06-08
3941,combination,dehydration,dullness,2024-08-05
3942,dry,dehydration,aging,2024-12-27
3943,normal,sensitivity,dullness,2025-09-04
3944,normal,aging,dehydration,2024-07-28
3945,oily,dehydration,aging,2025-12-17
3946,sensitive,pigmentation,acne,2024-09-22
3947,oily,sensitivity,acne,2025-09-15
3948,dry,sensitivity,pigmentation,2026-05-04
3949,normal,pigmentation,aging,2026-07-05
3950,oily,dullness,dehydration,2024-07-20
3951,dry,dehydration,dullness,2025-03-24
3952,dry,acne,aging,2026-03-19
3953,sensitive,dehydration,sensitivity,2024-07-11
3954,combination,dehydration,sensitivity,2026-06-06
3955,combination,sensitivity,dehydration,2025-11-04
3956,normal,pigmentation,dehydration,2025-01-05
3957,combination,dehydration,aging,2026-05-29
3958,sensitive,dehydration,acne,2024-09-12
3959,oily,acne,dehydration,2025-02-26
3960,dry,dehydration,dullness,2024-08-11
3961,normal,dullness,pigmentation,2024-11-01
3962,normal,sensitivity,aging,2024-11-10
3963,sensitive,acne,aging,2026-01-21
3964,dry,sensitivity,pigmentation,2026-02-07
3965,oily,dullness,acne,2026-01-10
3966,normal,pigmentation,dehydration,2026-03-16
3967,sensitive,aging,dullness,2025-03-08
3968,dry,dehydration,sensitivity,2026-05-24
3969,combination,sensitivity,aging,2025-08-27
3970,sensitive,pigmentation,aging,2025-05-07
3971,combination,sensitivity,aging,2025-06-08
3972,normal,dullness,sensitivity,2025-07-15
3973,oily,pigmentation,dullness,2026-01-24
3974,dry,dullness,dehydration,2026-04-18
3975,oily,dehydration,pigmentation,2024-07-14
3976,sensitive,acne,pigmentation,2025-08-01
3977,sensitive,acne,dehydration,2025-04-28
3978,normal,acne,sensitivity,2025-05-18
3979,combination,dullness,aging,2025-10-10
3980,oily,acne,dehydration,2025-01-24
3981,combination,sensitivity,dehydration,2025-10-04
3982,oily,acne,sensitivity,2025-09-07
3983,sensitive,acne,dehydration,2024-11-26
3984,sensitive,pigmentation,dullness,2025-11-16
3985,normal,dehydration,pigmentation,2025-02-10
3986,dry,sensitivity,dehydration,2025-03-07
3987,dry,pigmentation,sensitivity,2026-06-14
3988,oily,dullness,sensitivity,2025-02-21
3989,combination,dehydration,sensitivity,2024-11-28
3990,combination,dehydration,sensitivity,2025-12-21
3991,sensitive,acne,aging,2024-09-06
3992,sensitive,sensitivity,dehydration,2026-06-22
3993,oily,sensitivity,aging,2026-02-25
3994,dry,dehydration,sensitivity,2024-08-14
3995,combination,dullness,aging,2024-10-19
3996,dry,aging,sensitivity,2024-12-31
3997,oily,sensitivity,pigmentation,2025-04-21
3998,normal,sensitivity,dehydration,2026-02-09
3999,sensitive,dullness,sensitivity,2025-07-14
4000,combination,dehydration,aging,2025-05-19
4001,dry,aging,pigmentation,2026-05-02
4002,normal,dehydration,pigmentation,2025-04-28
4003,oily,acne,dehydration,2026-05-02
4004,combination,sensitivity,pigmentation,2026-04-05
4005,normal,dullness,aging,2026-03-04
4006,normal,dullness,dehydration,2026-02-16
4007,dry,pigmentation,dullness,2026-05-08
4008,sensitive,dullness,aging,2024-08-06
4009,oily,acne,dullness,2024-11-27
4010,oily,sensitivity,acne,2025-06-30
4011,dry,dehydration,pigmentation,2025-10-10
4012,normal,aging,dehydration,2026-02-17
4013,sensitive,sensitivity,aging,2024-08-12
4014,combination,dehydration,acne,2024-11-30
4015,dry,acne,aging,2025-01-03
4016,oily,acne,sensitivity,2025-07-28
4017,dry,pigmentation,aging,2026-06-16
4018,oily,acne,dehydration,2025-03-27
4019,oily,dullness,dehydration,2025-07-15
4020,sensitive,dullness,acne,2025-12-01
4021,oily,dullness,pigmentation,2025-11-18
4022,oily,acne,sensitivity,2026-05-25
4023,combination,sensitivity,pigmentation,2024-10-07
4024,dry,sensitivity,acne,2026-03-08
4025,combination,dullness,pigmentation,2024-11-19
4026,oily,acne,sensitivity,2024-07-25
4027,dry,aging,sensitivity,2026-06-03
4028,combination,dehydration,sensitivity,2025-04-07
4029,sensitive,dehydration,pigmentation,2026-05-19
4030,combination,pigmentation,dullness,2024-11-06
4031,combination,dehydration,pigmentation,2025-07-01
4032,combination,sensitivity,acne,2026-06-21
4033,dry,dullness,sensitivity,2024-12-19
4034,dry,aging,pigmentation,2024-12-24
4035,combination,dullness,dehydration,2024-08-29
4036,oily,acne,sensitivity,2025-07-17
4037,sensitive,dullness,acne,2024-08-23
4038,sensitive,acne,dullness,2025-03-07
4039,dry,acne,sensitivity,2025-06-17
4040,dry,dullness,sensitivity,2025-10-18
4041,dry,dullness,aging,2025-12-04
4042,sensitive,sensitivity,pigmentation,2025-04-09
4043,sensitive,dullness,sensitivity,2025-01-12
4044,oily,sensitivity,aging,2026-06-10
4045,combination,dehydration,aging,2025-09-08
4046,oily,aging,dehydration,2026-06-03
4047,combination,sensitivity,dullness,2025-09-20
4048,dry,aging,dullness,2024-11-30
4049,dry,dullness,pigmentation,2025-02-17
4050,combination,acne,dehydration,2026-04-07
4051,dry,pigmentation,dehydration,2025-01-28
4052,dry,dullness,pigmentation,2026-06-26
4053,sensitive,pigmentation,sensitivity,2026-06-27
4054,normal,dullness,aging,2024-09-07
4055,oily,acne,aging,2026-06-13
4056,dry,pigmentation,dehydration,2025-12-24
4057,normal,dullness,acne,2026-04-01
4058,combination,dullness,sensitivity,2025-05-07
4059,dry,sensitivity,dehydration,2025-06-20
4060,combination,sensitivity,aging,2024-10-31
4061,oily,dehydration,pigmentation,2024-07-15
4062,oily,acne,pigmentation,2025-01-07
4063,sensitive,dullness,acne,2025-07-30
4064,combination,pigmentation,sensitivity,2026-06-02
4065,sensitive,pigmentation,dehydration,2024-08-31
4066,dry,pigmentation,sensitivity,2025-05-22
4067,normal,aging,dullness,2026-01-29
4068,combination,acne,pigmentation,2025-06-05
4069,sensitive,dullness,sensitivity,2025-09-23
4070,oily,acne,aging,2025-10-24
4071,oily,dullness,aging,2025-08-09
4072,sensitive,dullness,aging,2025-01-02
4073,normal,pigmentation,dehydration,2026-03-09
4074,normal,acne,dullness,2024-08-01
4075,dry,dehydration,acne,2026-05-22
4076,oily,dehydration,pigmentation,2026-03-21
4077,normal,pigmentation,sensitivity,2025-02-27
4078,sensitive,sensitivity,dullness,2026-03-22
4079,dry,pigmentation,acne,2024-12-15
4080,sensitive,sensitivity,aging,2025-01-15
4081,normal,acne,aging,2025-08-26
4082,dry,dullness,dehydration,2025-08-08
4083,sensitive,acne,dehydration,2024-07-06
4084,sensitive,pigmentation,acne,2024-12-02
4085,combination,aging,sensitivity,2025-03-31
4086,sensitive,acne,sensitivity,2026-03-25
4087,dry,aging,dehydration,2025-05-01
4088,normal,pigmentation,aging,2026-06-07
4089,normal,acne,dehydration,2026-01-03
4090,normal,sensitivity,acne,2025-02-11
4091,sensitive,sensitivity,acne,2025-09-12
4092,oily,sensitivity,dullness,2024-07-09
4093,dry,acne,dullness,2024-08-19
4094,combination,aging,acne,2026-04-28
4095,normal,pigmentation,sensitivity,2024-09-29
4096,combination,pigmentation,dullness,2024-10-13
4097,combination,aging,acne,2026-04-20
4098,oily,dullness,acne,2025-09-28
4099,sensitive,aging,sensitivity,2024-08-12
4100,dry,pigmentation,sensitivity,2026-06-24
4101,oily,sensitivity,pigmentation,2026-05-25
4102,normal,sensitivity,aging,2025-06-29
4103,oily,pigmentation,dehydration,2024-08-09
4104,oily,pigmentation,aging,2025-12-15
4105,oily,dullness,sensitivity,2024-12-19
4106,combination,aging,dullness,2025-02-15
4107,oily,sensitivity,acne,2026-03-22
4108,normal,aging,sensitivity,2025-12-08
4109,combination,acne,sensitivity,2025-04-06
4110,dry,acne,sensitivity,2025-07-19
4111,oily,acne,dehydration,2026-01-14
4112,combination,aging,sensitivity,2026-02-10
4113,oily,pigmentation,dullness,2025-05-25
4114,normal,sensitivity,pigmentation,2024-11-08
4115,dry,sensitivity,dullness,2025-09-08
4116,combination,acne,sensitivity,2024-08-29
4117,oily,sensitivity,dehydration,2025-03-06
4118,oily,dullness,sensitivity,2025-09-15
4119,dry,pigmentation,dehydration,2025-02-05
4120,oily,aging,sensitivity,2025-08-12
4121,sensitive,aging,dullness,2024-12-30
4122,normal,pigmentation,aging,2024-07-18
4123,normal,sensitivity,acne,2024-12-08
4124,dry,acne,dehydration,2026-03-25
4125,sensitive,acne,aging,2026-05-15
4126,combination,pigmentation,sensitivity,2024-11-22
4127,oily,acne,aging,2024-10-25
4128,oily,acne,dehydration,2025-05-18
4129,combination,aging,dullness,2026-01-08
4130,combination,aging,dehydration,2024-10-01
4131,oily,acne,aging,2025-08-13
4132,normal,dehydration,pigmentation,2025-12-05
4133,sensitive,sensitivity,aging,2025-10-12
4134,combination,dehydration,sensitivity,2025-12-02
4135,normal,dullness,pigmentation,2025-12-12
4136,normal,sensitivity,dehydration,2025-11-10
4137,normal,aging,dullness,2025-03-01
4138,dry,aging,dullness,2026-06-24
4139,normal,acne,sensitivity,2025-10-14
4140,combination,dehydration,aging,2026-03-04
4141,sensitive,acne,sensitivity,2025-03-20
4142,normal,dullness,pigmentation,2024-07-09
4143,oily,dehydration,aging,2024-12-08
4144,combination,pigmentation,aging,2026-01-06
4145,oily,dullness,acne,2025-06-26
4146,dry,pigmentation,dullness,2026-06-22
4147,combination,aging,pigmentation,2025-09-08
4148,normal,dullness,dehydration,2025-12-15
4149,normal,pigmentation,aging,2025-07-05
4150,dry,dehydration,pigmentation,2025-09-11
4151,dry,aging,pigmentation,2025-02-22
4152,combination,aging,pigmentation,2025-06-01
4153,normal,dehydration,pigmentation,2024-08-19
4154,normal,pigmentation,dehydration,2026-05-17
4155,dry,aging,dehydration,2024-08-15
4156,oily,sensitivity,dehydration,2024-12-06
4157,sensitive,aging,dullness,2025-01-31
4158,dry,acne,pigmentation,2024-11-10
4159,oily,pigmentation,dehydration,2026-05-31
4160,oily,sensitivity,pigmentation,2026-02-01
4161,combination,dehydration,pigmentation,2026-07-06
4162,dry,dehydration,dullness,2024-11-30
4163,combination,pigmentation,dullness,2025-10-20
4164,dry,sensitivity,dehydration,2025-10-15
4165,sensitive,aging,dehydration,2025-04-16
4166,sensitive,dehydration,acne,2025-08-31
4167,combination,sensitivity,acne,2025-03-28
4168,oily,pigmentation,sensitivity,2024-08-21
4169,combination,sensitivity,dehydration,2025-11-06
4170,sensitive,dullness,aging,2024-09-23
4171,dry,dehydration,sensitivity,2025-06-12
4172,dry,dehydration,aging,2025-10-05
4173,combination,pigmentation,aging,2024-09-03
4174,dry,dehydration,aging,2025-07-15
4175,combination,pigmentation,sensitivity,2026-04-04
4176,dry,pigmentation,aging,2025-12-09
4177,dry,acne,pigmentation,2024-10-26
4178,sensitive,pigmentation,aging,2025-06-25
4179,combination,sensitivity,dullness,2025-05-23
4180,combination,pigmentation,sensitivity,2025-02-23
4181,sensitive,aging,dullness,2026-02-14
4182,dry,aging,sensitivity,2026-04-30
4183,oily,dehydration,aging,2025-08-19
4184,normal,dullness,sensitivity,2024-09-02
4185,oily,dullness,pigmentation,2026-04-05
4186,combination,sensitivity,pigmentation,2025-01-27
4187,dry,aging,dehydration,2024-07-21
4188,dry,dehydration,acne,2026-04-27
4189,oily,sensitivity,pigmentation,2026-03-31
4190,normal,dehydration,pigmentation,2024-10-09
4191,combination,acne,aging,2026-04-18
4192,dry,pigmentation,dullness,2025-01-09
4193,sensitive,dullness,pigmentation,2024-12-01
4194,oily,aging,dehydration,2025-11-20
4195,combination,pigmentation,sensitivity,2025-12-05
4196,combination,aging,dullness,2025-06-20
4197,combination,acne,pigmentation,2025-07-01
4198,oily,pigmentation,acne,2024-10-16
4199,normal,dehydration,pigmentation,2025-04-29
4200,dry,acne,dehydration,2024-07-29
4201,sensitive,sensitivity,dullness,2026-01-12
4202,sensitive,aging,dullness,2025-12-13
4203,dry,dehydration,dullness,2026-01-11
4204,oily,pigmentation,dehydration,2025-03-18
4205,dry,dehydration,dullness,2026-06-12
4206,normal,dullness,acne,2024-10-16
4207,normal,sensitivity,aging,2024-12-19
4208,normal,acne,dehydration,2024-07-14
4209,dry,dehydration,sensitivity,2024-08-05
4210,sensitive,pigmentation,sensitivity,2026-05-16
4211,oily,aging,pigmentation,2025-01-06
4212,sensitive,acne,dehydration,2025-07-03
4213,combination,sensitivity,acne,2025-01-15
4214,sensitive,dullness,pigmentation,2024-10-06
4215,sensitive,sensitivity,acne,2025-05-06
4216,normal,dullness,dehydration,2026-07-04
4217,combination,acne,aging,2024-10-12
4218,dry,aging,dehydration,2025-08-21
4219,combination,aging,dullness,2025-08-05
4220,oily,acne,pigmentation,2025-05-05
4221,oily,sensitivity,dullness,2024-09-08
4222,combination,sensitivity,aging,2025-06-17
4223,normal,dullness,dehydration,2026-02-05
4224,combination,dullness,acne,2025-01-17
4225,sensitive,dehydration,aging,2025-03-31
4226,oily,dehydration,aging,2026-05-20
4227,combination,acne,aging,2025-06-12
4228,sensitive,dullness,dehydration,2024-12-09
4229,dry,dehydration,dullness,2024-09-28
4230,oily,dehydration,aging,2025-12-12
4231,oily,dullness,aging,2025-06-20
4232,normal,sensitivity,pigmentation,2024-11-11
4233,sensitive,dullness,dehydration,2025-05-06
4234,dry,aging,dehydration,2025-09-03
4235,dry,aging,dehydration,2026-02-22
4236,oily,dehydration,aging,2026-06-05
4237,normal,sensitivity,dullness,2025-02-17
4238,oily,pigmentation,aging,2024-08-01
4239,sensitive,pigmentation,dehydration,2025-04-23
4240,dry,dullness,sensitivity,2024-12-13
4241,dry,dehydration,aging,2025-02-26
4242,dry,aging,dehydration,2025-10-25
4243,normal,dullness,acne,2025-06-19
4244,oily,acne,dehydration,2025-12-21
4245,dry,pigmentation,dullness,2026-01-24
4246,dry,sensitivity,acne,2025-05-02
4247,dry,dullness,pigmentation,2025-03-21
4248,oily,sensitivity,dehydration,2024-07-15
4249,normal,pigmentation,dehydration,2026-01-15
4250,dry,pigmentation,acne,2025-12-06
4251,combination,sensitivity,acne,2026-03-07
4252,dry,sensitivity,dehydration,2024-08-12
4253,normal,sensitivity,dehydration,2024-12-12
4254,dry,pigmentation,dullness,2025-11-07
4255,dry,dehydration,sensitivity,2024-07-28
4256,dry,aging,acne,2025-02-07
4257,dry,sensitivity,dehydration,2025-07-23
4258,oily,sensitivity,acne,2025-09-30
4259,sensitive,aging,acne,2025-05-16
4260,oily,pigmentation,acne,2026-05-05
4261,dry,sensitivity,acne,2026-03-03
4262,dry,aging,sensitivity,2024-08-21
4263,dry,aging,dullness,2026-02-05
4264,sensitive,dullness,dehydration,2026-03-09
4265,combination,sensitivity,aging,2024-10-16
4266,normal,acne,aging,2024-08-15
4267,dry,sensitivity,acne,2024-11-16
4268,normal,aging,pigmentation,2026-04-22
4269,oily,acne,aging,2024-10-31
4270,combination,pigmentation,acne,2025-12-23
4271,sensitive,aging,dullness,2026-06-28
4272,combination,dehydration,pigmentation,2024-09-01
4273,normal,dullness,pigmentation,2025-12-23
4274,dry,acne,dullness,2025-03-12
4275,oily,aging,sensitivity,2026-05-14
4276,sensitive,pigmentation,sensitivity,2026-02-18
4277,oily,pigmentation,aging,2024-10-01
4278,sensitive,dehydration,dullness,2025-04-30
4279,sensitive,dehydration,aging,2024-07-06
4280,normal,acne,dehydration,2026-02-25
4281,combination,dullness,acne,2024-09-23
4282,normal,aging,dehydration,2024-10-05
4283,oily,aging,sensitivity,2024-08-30
4284,combination,dehydration,aging,2026-05-31
4285,oily,pigmentation,acne,2026-04-21
4286,sensitive,dehydration,dullness,2025-06-14
4287,sensitive,aging,dullness,2026-04-13
4288,normal,acne,pigmentation,2026-05-21
4289,sensitive,dehydration,dullness,2024-11-20
4290,dry,sensitivity,pigmentation,2025-02-13
4291,oily,dullness,acne,2024-10-28
4292,normal,dehydration,sensitivity,2024-08-21
4293,combination,acne,pigmentation,2026-03-24
4294,oily,aging,sensitivity,2024-11-06
4295,normal,aging,acne,2026-06-05
4296,normal,dehydration,aging,2025-10-08
4297,combination,aging,pigmentation,2025-12-01
4298,sensitive,dehydration,sensitivity,2026-01-14
4299,oily,pigmentation,dullness,2025-01-27
4300,oily,dullness,acne,2026-04-09
4301,dry,pigmentation,dehydration,2024-11-22
4302,sensitive,dullness,dehydration,2024-10-06
4303,oily,acne,dullness,2025-03-07
4304,oily,dehydration,dullness,2026-05-08
4305,sensitive,acne,pigmentation,2025-04-26
4306,sensitive,sensitivity,dehydration,2025-04-03
4307,sensitive,sensitivity,aging,2025-10-07
4308,sensitive,dullness,acne,2025-10-11
4309,normal,sensitivity,dullness,2025-07-29
4310,sensitive,dehydration,aging,2024-07-09
4311,combination,acne,dehydration,2026-07-04
4312,normal,dehydration,sensitivity,2025-06-30
4313,dry,aging,dehydration,2025-11-17
4314,oily,sensitivity,dehydration,2025-05-31
4315,sensitive,sensitivity,acne,2026-07-04
4316,dry,sensitivity,dullness,2024-09-04
4317,normal,aging,sensitivity,2025-08-06
4318,combination,pigmentation,aging,2024-07-28
4319,normal,acne,pigmentation,2026-03-16
4320,oily,acne,sensitivity,2025-05-06
4321,sensitive,sensitivity,acne,2025-02-25
4322,combination,dullness,dehydration,2024-12-01
4323,combination,aging,dullness,2026-06-30
4324,dry,aging,acne,2025-03-29
4325,normal,pigmentation,acne,2026-03-20
4326,dry,dullness,dehydration,2025-08-28
4327,normal,aging,acne,2026-05-28
4328,combination,dehydration,aging,2026-05-26
4329,oily,acne,aging,2024-12-23
4330,normal,sensitivity,acne,2025-01-28
4331,oily,acne,dullness,2024-09-20
4332,dry,aging,dullness,2025-02-10
4333,normal,aging,dullness,2025-04-27
4334,normal,dehydration,pigmentation,2026-04-12
4335,normal,dullness,aging,2024-12-24
4336,combination,pigmentation,acne,2026-01-19
4337,sensitive,aging,acne,2026-04-20
4338,dry,dullness,sensitivity,2025-01-17
4339,sensitive,aging,dehydration,2025-05-03
4340,combination,acne,dehydration,2026-03-19
4341,oily,pigmentation,aging,2025-05-31
4342,combination,dullness,acne,2025-02-16
4343,combination,pigmentation,sensitivity,2025-07-07
4344,dry,dullness,aging,2025-01-28
4345,dry,acne,pigmentation,2025-07-03
4346,combination,dehydration,acne,2025-10-21
4347,oily,pigmentation,dullness,2026-01-24
4348,oily,dullness,acne,2025-12-30
4349,sensitive,sensitivity,acne,2024-11-22
4350,dry,aging,pigmentation,2025-10-07
4351,sensitive,acne,sensitivity,2025-01-29
4352,combination,acne,aging,2025-10-17
4353,combination,aging,sensitivity,2025-06-17
4354,combination,acne,dullness,2025-04-19
4355,combination,sensitivity,acne,2025-07-22
4356,normal,sensitivity,dehydration,2025-01-09
4357,normal,sensitivity,dullness,2024-08-30
4358,dry,sensitivity,pigmentation,2024-10-15
4359,sensitive,dullness,acne,2024-09-01
4360,normal,pigmentation,dullness,2026-06-15
4361,oily,aging,dehydration,2024-12-28
4362,sensitive,pigmentation,dullness,2025-01-21
4363,combination,sensitivity,acne,2025-09-08
4364,normal,aging,pigmentation,2025-11-19
4365,combination,aging,acne,2026-05-29
4366,normal,dehydration,dullness,2024-10-31
4367,oily,aging,dullness,2024-10-30
4368,oily,aging,acne,2026-05-12
4369,normal,pigmentation,dehydration,2025-05-07
4370,combination,acne,dehydration,2025-05-30
4371,combination,acne,sensitivity,2026-03-02
4372,oily,aging,dehydration,2025-05-31
4373,dry,sensitivity,acne,2024-11-20
4374,normal,pigmentation,aging,2025-11-10
4375,dry,dullness,acne,2025-01-22
4376,combination,pigmentation,aging,2024-07-27
4377,dry,pigmentation,aging,2025-08-08
4378,dry,acne,pigmentation,2026-04-19
4379,oily,dullness,sensitivity,2025-12-01
4380,normal,dullness,dehydration,2026-03-29
4381,normal,aging,sensitivity,2025-10-22
4382,oily,dullness,pigmentation,2025-03-23
4383,dry,aging,dehydration,2026-02-08
4384,combination,pigmentation,aging,2025-06-26
4385,dry,dehydration,pigmentation,2024-07-07
4386,sensitive,dullness,dehydration,2025-12-25
4387,dry,acne,dehydration,2024-10-01
4388,oily,aging,dehydration,2025-11-26
4389,dry,aging,sensitivity,2025-04-14
4390,combination,dehydration,acne,2026-03-14
4391,oily,pigmentation,dullness,2025-12-23
4392,normal,sensitivity,acne,2024-10-10
4393,oily,dullness,acne,2025-05-01
4394,oily,acne,pigmentation,2025-05-16
4395,combination,aging,acne,2025-06-28
4396,combination,sensitivity,pigmentation,2026-01-09
4397,dry,pigmentation,dehydration,2024-08-26
4398,dry,dehydration,pigmentation,2025-09-22
4399,oily,dehydration,aging,2026-06-28
4400,sensitive,dehydration,aging,2024-09-12
4401,dry,acne,dullness,2026-06-02
4402,oily,aging,pigmentation,2024-09-26
4403,dry,aging,dehydration,2025-12-24
4404,normal,aging,acne,2026-05-17
4405,dry,sensitivity,pigmentation,2026-01-26
4406,normal,acne,dehydration,2025-03-15
4407,dry,dullness,acne,2025-06-03
4408,oily,sensitivity,dehydration,2026-03-17
4409,dry,sensitivity,pigmentation,2025-11-29
4410,dry,dullness,acne,2026-02-02
4411,oily,sensitivity,acne,2025-03-16
4412,combination,aging,acne,2024-10-13
4413,dry,dullness,dehydration,2026-01-01
4414,sensitive,dullness,acne,2024-09-20
4415,combination,acne,pigmentation,2025-09-11
4416,combination,acne,aging,2026-05-07
4417,combination,sensitivity,aging,2025-11-13
4418,oily,pigmentation,dullness,2024-10-06
4419,sensitive,aging,dehydration,2024-11-22
4420,oily,dullness,dehydration,2025-01-20
4421,sensitive,dullness,pigmentation,2025-09-18
4422,normal,dullness,pigmentation,2024-12-16
4423,sensitive,sensitivity,aging,2025-02-02
4424,combination,dehydration,sensitivity,2024-12-05
4425,dry,sensitivity,acne,2025-05-25
4426,normal,dullness,pigmentation,2025-07-01
4427,dry,sensitivity,dehydration,2024-07-30
4428,combination,dullness,aging,2024-08-13
4429,sensitive,dullness,acne,2025-06-10
4430,normal,dehydration,pigmentation,2026-02-10
4431,normal,sensitivity,acne,2025-09-11
4432,oily,acne,pigmentation,2025-07-02
4433,normal,sensitivity,dullness,2025-02-27
4434,oily,dehydration,pigmentation,2025-11-16
4435,combination,sensitivity,aging,2026-06-03
4436,normal,dehydration,acne,2024-11-12
4437,sensitive,sensitivity,pigmentation,2024-08-12
4438,normal,pigmentation,acne,2026-05-07
4439,dry,pigmentation,acne,2025-11-16
4440,dry,pigmentation,sensitivity,2025-08-23
4441,dry,pigmentation,dullness,2024-12-28
4442,dry,pigmentation,sensitivity,2024-12-18
4443,sensitive,aging,dehydration,2025-10-29
4444,combination,pigmentation,dehydration,2025-11-20
4445,sensitive,acne,pigmentation,2025-09-13
4446,combination,dullness,pigmentation,2026-01-12
4447,dry,dehydration,sensitivity,2025-08-21
4448,oily,acne,dehydration,2025-12-27
4449,combination,dullness,pigmentation,2026-05-23
4450,normal,dullness,dehydration,2025-01-31
4451,normal,dehydration,pigmentation,2024-12-08
4452,dry,acne,aging,2025-12-09
4453,combination,dehydration,pigmentation,2025-09-16
4454,sensitive,acne,pigmentation,2025-09-15
4455,sensitive,pigmentation,sensitivity,2026-06-20
4456,oily,pigmentation,dehydration,2025-06-03
4457,combination,sensitivity,pigmentation,2025-08-05
4458,oily,pigmentation,acne,2024-08-18
4459,oily,dehydration,aging,2025-10-08
4460,sensitive,sensitivity,dullness,2024-12-03
4461,oily,sensitivity,acne,2025-09-24
4462,dry,pigmentation,dehydration,2026-02-21
4463,combination,acne,dehydration,2025-10-25
4464,sensitive,pigmentation,acne,2024-09-29
4465,combination,dehydration,aging,2025-12-31
4466,oily,pigmentation,aging,2024-10-27
4467,sensitive,dullness,pigmentation,2025-03-07
4468,normal,aging,dullness,2025-01-08
4469,normal,dehydration,acne,2025-01-02
4470,sensitive,dullness,aging,2025-06-24
4471,combination,dullness,aging,2025-04-23
4472,normal,dehydration,dullness,2026-05-16
4473,combination,sensitivity,pigmentation,2025-02-10
4474,oily,aging,acne,2025-02-01
4475,normal,dullness,pigmentation,2026-04-22
4476,dry,dullness,sensitivity,2025-06-23
4477,normal,dehydration,dullness,2025-06-29
4478,dry,aging,pigmentation,2025-11-22
4479,normal,aging,dullness,2026-05-19
4480,combination,sensitivity,dullness,2026-06-29
4481,combination,sensitivity,aging,2026-02-04
4482,dry,dullness,pigmentation,2026-01-19
4483,normal,acne,dullness,2026-02-02
4484,oily,pigmentation,dullness,2025-04-20
4485,combination,aging,dullness,2025-09-02
4486,dry,dehydration,pigmentation,2026-04-15
4487,combination,dehydration,dullness,2026-05-06
4488,dry,dehydration,dullness,2025-03-14
4489,sensitive,acne,aging,2024-08-22
4490,dry,aging,pigmentation,2024-11-14
4491,oily,dehydration,acne,2024-12-30
4492,oily,sensitivity,aging,2025-11-16
4493,sensitive,acne,aging,2025-02-07
4494,dry,sensitivity,aging,2026-05-08
4495,dry,acne,dullness,2026-03-03
4496,sensitive,pigmentation,sensitivity,2026-03-26
4497,dry,sensitivity,aging,2026-02-22
4498,dry,dehydration,pigmentation,2025-10-18
4499,dry,sensitivity,dullness,2026-06-05
4500,dry,dullness,acne,2024-11-19
4501,sensitive,dullness,acne,2025-01-30
4502,combination,dullness,dehydration,2025-03-30
4503,normal,dullness,aging,2026-02-28
4504,sensitive,dullness,dehydration,2024-10-10
4505,oily,pigmentation,acne,2026-07-02
4506,dry,sensitivity,dullness,2024-07-10
4507,dry,aging,pigmentation,2025-01-21
4508,combination,dullness,dehydration,2026-02-08
4509,dry,dehydration,acne,2026-02-13
4510,normal,dullness,dehydration,2025-02-14
4511,dry,dullness,acne,2024-11-23
4512,combination,acne,sensitivity,2025-07-30
4513,oily,pigmentation,sensitivity,2026-05-24
4514,normal,aging,acne,2025-07-11
4515,normal,aging,pigmentation,2025-07-21
4516,sensitive,sensitivity,acne,2025-11-10
4517,dry,sensitivity,dullness,2024-09-14
4518,oily,dehydration,acne,2025-10-29
4519,sensitive,aging,acne,2026-01-09
4520,combination,acne,dehydration,2025-02-27
4521,normal,dehydration,aging,2025-04-11
4522,sensitive,sensitivity,aging,2025-04-09
4523,combination,aging,acne,2025-07-03
4524,normal,dehydration,pigmentation,2025-11-16
4525,normal,sensitivity,dullness,2025-12-30
4526,combination,dullness,acne,2026-04-11
4527,oily,pigmentation,dullness,2026-02-21
4528,oily,acne,aging,2025-05-10
4529,combination,dehydration,acne,2025-09-13
4530,combination,dullness,pigmentation,2025-01-12
4531,oily,acne,sensitivity,2024-11-26
4532,oily,acne,pigmentation,2025-05-24
4533,sensitive,sensitivity,acne,2026-04-21
4534,sensitive,pigmentation,dehydration,2026-07-04
4535,oily,pigmentation,sensitivity,2026-01-20
4536,combination,dullness,dehydration,2025-12-12
4537,oily,aging,dehydration,2026-05-14
4538,sensitive,sensitivity,acne,2024-12-14
4539,normal,dehydration,sensitivity,2025-10-11
4540,normal,aging,dullness,2025-01-10
4541,combination,pigmentation,sensitivity,2026-02-04
4542,sensitive,sensitivity,dehydration,2026-06-29
4543,normal,dullness,acne,2026-03-28
4544,sensitive,sensitivity,acne,2025-07-28
4545,combination,aging,pigmentation,2025-07-21
4546,sensitive,acne,aging,2025-08-21
4547,combination,sensitivity,acne,2024-08-04
4548,normal,pigmentation,aging,2025-03-17
4549,combination,sensitivity,pigmentation,2025-01-17
4550,normal,dehydration,aging,2026-04-06
4551,oily,pigmentation,dullness,2025-07-31
4552,oily,dehydration,pigmentation,2025-04-08
4553,oily,acne,aging,2025-05-05
4554,combination,aging,pigmentation,2024-08-13
4555,sensitive,aging,acne,2025-07-24
4556,dry,dullness,pigmentation,2025-10-08
4557,oily,dullness,acne,2024-08-15
4558,normal,dullness,acne,2025-11-02
4559,sensitive,aging,pigmentation,2025-05-16
4560,sensitive,dehydration,aging,2026-06-16
4561,combination,acne,sensitivity,2026-03-07
4562,combination,dehydration,sensitivity,2026-05-26
4563,oily,acne,sensitivity,2025-09-04
4564,oily,acne,sensitivity,2024-08-25
4565,normal,dehydration,aging,2026-05-15
4566,dry,acne,sensitivity,2024-07-23
4567,sensitive,dehydration,pigmentation,2024-10-09
4568,sensitive,acne,aging,2026-07-02
4569,dry,acne,dehydration,2026-06-25
4570,dry,sensitivity,dullness,2024-09-16
4571,sensitive,pigmentation,aging,2025-05-05
4572,oily,sensitivity,pigmentation,2026-03-01
4573,combination,aging,dehydration,2024-08-08
4574,normal,dehydration,pigmentation,2025-05-22
4575,sensitive,sensitivity,acne,2025-03-29
4576,sensitive,acne,dehydration,2025-02-26
4577,oily,pigmentation,aging,2026-02-09
4578,oily,dullness,aging,2025-10-17
4579,dry,sensitivity,dullness,2026-04-03
4580,dry,pigmentation,dullness,2025-06-15
4581,oily,pigmentation,dullness,2024-07-15
4582,normal,aging,acne,2025-04-04
4583,oily,pigmentation,aging,2025-02-16
4584,sensitive,pigmentation,sensitivity,2026-02-15
4585,combination,acne,dullness,2025-06-05
4586,sensitive,dehydration,acne,2024-07-10
4587,dry,dehydration,dullness,2026-05-03
4588,dry,acne,dehydration,2026-02-07
4589,sensitive,dullness,dehydration,2025-01-26
4590,dry,dullness,pigmentation,2026-06-29
4591,sensitive,dullness,acne,2026-02-05
4592,oily,sensitivity,dullness,2024-08-15
4593,oily,dullness,acne,2026-06-22
4594,sensitive,dehydration,dullness,2025-08-27
4595,sensitive,acne,sensitivity,2025-11-07
4596,oily,acne,pigmentation,2025-09-18
4597,normal,dullness,acne,2025-12-30
4598,oily,sensitivity,pigmentation,2025-12-17
4599,normal,aging,sensitivity,2024-12-27
4600,sensitive,dullness,dehydration,2026-06-18
4601,normal,pigmentation,dehydration,2026-04-03
4602,normal,aging,dullness,2025-12-25
4603,dry,dehydration,aging,2024-11-09
4604,sensitive,dullness,acne,2025-09-22
4605,dry,acne,sensitivity,2026-06-11
4606,combination,sensitivity,dehydration,2025-06-21
4607,dry,sensitivity,dullness,2025-04-04
4608,combination,aging,sensitivity,2025-08-06
4609,normal,aging,acne,2026-05-03
4610,combination,dullness,pigmentation,2024-10-02
4611,oily,dehydration,sensitivity,2024-10-17
4612,dry,aging,dehydration,2024-09-08
4613,sensitive,acne,sensitivity,2024-08-01
4614,combination,acne,aging,2025-11-17
4615,combination,dehydration,sensitivity,2025-09-01
4616,combination,dehydration,dullness,2024-08-04
4617,dry,dehydration,dullness,2025-08-12
4618,combination,acne,dehydration,2024-10-12
4619,sensitive,pigmentation,sensitivity,2025-03-20
4620,normal,aging,dehydration,2024-08-27
4621,sensitive,pigmentation,dullness,2026-06-29
4622,normal,aging,pigmentation,2025-02-05
4623,normal,dullness,aging,2024-11-28
4624,oily,pigmentation,dehydration,2026-02-12
4625,dry,acne,aging,2025-01-15
4626,dry,aging,dullness,2026-02-14
4627,oily,dehydration,sensitivity,2024-09-13
4628,oily,dullness,acne,2024-09-10
4629,sensitive,pigmentation,dehydration,2026-07-04
4630,dry,pigmentation,sensitivity,2025-07-01
4631,oily,dullness,aging,2025-09-30
4632,dry,pigmentation,dullness,2024-09-24
4633,dry,sensitivity,acne,2025-11-14
4634,oily,sensitivity,dehydration,2025-01-26
4635,oily,acne,dehydration,2026-04-12
4636,sensitive,sensitivity,aging,2026-02-01
4637,normal,acne,pigmentation,2024-07-16
4638,combination,aging,sensitivity,2025-09-28
4639,sensitive,dehydration,aging,2024-12-24
4640,normal,pigmentation,acne,2024-07-29
4641,normal,pigmentation,dehydration,2024-07-31
4642,oily,acne,dullness,2026-06-22
4643,normal,dehydration,acne,2026-01-17
4644,oily,acne,dullness,2025-01-30
4645,oily,aging,dullness,2024-08-28
4646,combination,aging,dullness,2024-07-21
4647,sensitive,sensitivity,dullness,2025-01-26
4648,oily,sensitivity,pigmentation,2026-04-21
4649,dry,dehydration,dullness,2025-01-10
4650,dry,dehydration,acne,2025-12-20
4651,dry,dullness,aging,2024-11-22
4652,normal,aging,dullness,2025-06-02
4653,dry,acne,pigmentation,2026-02-22
4654,dry,sensitivity,aging,2024-10-28
4655,oily,aging,pigmentation,2024-07-14
4656,oily,aging,dullness,2025-07-01
4657,oily,acne,dullness,2024-11-20
4658,combination,pigmentation,dullness,2026-05-24
4659,combination,dullness,pigmentation,2025-12-20
4660,combination,aging,sensitivity,2026-04-05
4661,normal,dullness,pigmentation,2025-12-11
4662,combination,pigmentation,dullness,2025-10-05
4663,oily,acne,aging,2025-08-25
4664,dry,sensitivity,dullness,2025-11-13
4665,dry,aging,dehydration,2025-06-03
4666,normal,aging,acne,2026-01-27
4667,dry,pigmentation,aging,2025-10-25
4668,oily,dullness,sensitivity,2024-10-30
4669,sensitive,dullness,dehydration,2025-05-22
4670,combination,aging,dullness,2026-06-17
4671,oily,sensitivity,pigmentation,2025-11-09
4672,sensitive,sensitivity,aging,2024-11-07
4673,dry,pigmentation,aging,2026-02-25
4674,normal,dullness,dehydration,2024-09-01
4675,normal,sensitivity,dehydration,2025-12-02
4676,dry,aging,sensitivity,2025-04-02
4677,combination,acne,dehydration,2025-07-24
4678,combination,acne,dehydration,2025-04-05
4679,sensitive,dehydration,sensitivity,2024-12-01
4680,oily,sensitivity,dullness,2026-03-20
4681,dry,acne,sensitivity,2025-10-22
4682,oily,dullness,acne,2025-05-17
4683,sensitive,aging,pigmentation,2025-12-28
4684,oily,pigmentation,acne,2025-10-05
4685,combination,dullness,acne,2024-09-27
4686,sensitive,sensitivity,acne,2026-01-20
4687,normal,pigmentation,sensitivity,2026-02-18
4688,dry,acne,sensitivity,2025-05-06
4689,oily,aging,sensitivity,2026-04-25
4690,sensitive,pigmentation,acne,2026-07-06
4691,oily,dehydration,pigmentation,2024-10-09
4692,oily,dullness,acne,2025-12-16
4693,normal,acne,sensitivity,2026-04-09
4694,normal,aging,dullness,2025-03-14
4695,sensitive,dehydration,pigmentation,2025-07-20
4696,normal,aging,dullness,2025-08-08
4697,oily,dullness,pigmentation,2025-08-20
4698,oily,pigmentation,acne,2026-03-22
4699,dry,pigmentation,acne,2024-10-17
4700,oily,acne,aging,2026-07-06
4701,normal,acne,dehydration,2025-07-18
4702,oily,acne,sensitivity,2025-12-21
4703,combination,dullness,aging,2025-03-24
4704,normal,acne,dullness,2025-05-31
4705,sensitive,dullness,dehydration,2025-09-28
4706,dry,sensitivity,aging,2025-06-11
4707,combination,dehydration,aging,2026-01-22
4708,combination,dullness,pigmentation,2026-04-02
4709,sensitive,acne,aging,2024-09-13
4710,combination,aging,dehydration,2025-04-14
4711,dry,sensitivity,dullness,2025-03-16
4712,sensitive,aging,sensitivity,2024-07-06
4713,normal,dehydration,pigmentation,2024-09-14
4714,combination,dehydration,dullness,2025-05-05
4715,oily,pigmentation,aging,2024-12-04
4716,combination,acne,aging,2025-06-16
4717,normal,acne,sensitivity,2026-01-14
4718,normal,pigmentation,acne,2025-04-07
4719,combination,pigmentation,dullness,2024-09-07
4720,oily,dullness,aging,2024-10-01
4721,combination,dullness,sensitivity,2025-07-02
4722,normal,aging,dullness,2024-08-14
4723,normal,dehydration,acne,2026-02-12
4724,oily,dehydration,pigmentation,2026-06-07
4725,dry,dehydration,sensitivity,2025-09-15
4726,combination,sensitivity,acne,2026-02-07
4727,oily,aging,acne,2024-08-05
4728,normal,dehydration,aging,2026-04-13
4729,oily,aging,acne,2025-06-11
4730,sensitive,pigmentation,acne,2024-12-19
4731,normal,acne,aging,2026-04-16
4732,sensitive,acne,sensitivity,2026-06-03
4733,sensitive,sensitivity,pigmentation,2025-05-28
4734,dry,pigmentation,acne,2024-09-15
4735,normal,sensitivity,dullness,2026-06-25
4736,combination,dehydration,acne,2026-06-21
4737,oily,aging,dehydration,2024-08-29
4738,dry,sensitivity,aging,2025-04-22
4739,dry,sensitivity,aging,2025-02-09
4740,combination,sensitivity,pigmentation,2025-12-17
4741,dry,aging,dehydration,2025-11-20
4742,combination,pigmentation,acne,2025-07-28
4743,combination,acne,dehydration,2026-01-31
4744,dry,sensitivity,acne,2025-08-17
4745,sensitive,sensitivity,dullness,2024-08-08
4746,dry,dullness,dehydration,2025-01-05
4747,sensitive,acne,dullness,2024-10-09
4748,dry,dehydration,sensitivity,2025-07-08
4749,normal,pigmentation,sensitivity,2024-12-08
4750,dry,dullness,dehydration,2025-09-02
4751,oily,dullness,sensitivity,2025-04-11
4752,oily,acne,pigmentation,2025-01-19
4753,normal,acne,pigmentation,2024-11-11
4754,normal,acne,pigmentation,2024-08-29
4755,dry,sensitivity,aging,2026-04-20
4756,sensitive,sensitivity,dehydration,2024-12-03
4757,combination,aging,dehydration,2025-02-03
4758,oily,aging,acne,2025-01-14
4759,combination,aging,sensitivity,2026-06-26
4760,sensitive,aging,dehydration,2025-07-15
4761,normal,dullness,dehydration,2024-08-03
4762,normal,aging,acne,2024-09-16
4763,oily,dullness,dehydration,2026-01-19
4764,dry,aging,sensitivity,2025-07-16
4765,combination,dullness,dehydration,2024-10-13
4766,oily,sensitivity,dullness,2024-08-25
4767,combination,pigmentation,acne,2025-11-06
4768,oily,acne,aging,2024-11-27
4769,oily,dullness,sensitivity,2024-11-03
4770,oily,acne,dullness,2026-03-19
4771,dry,pigmentation,dehydration,2026-06-13
4772,sensitive,dehydration,acne,2026-06-02
4773,oily,aging,dehydration,2026-03-22
4774,normal,dullness,dehydration,2025-01-11
4775,dry,dehydration,acne,2025-09-25
4776,oily,acne,dullness,2025-02-20
4777,dry,aging,acne,2026-05-02
4778,sensitive,acne,dehydration,2025-04-22
4779,oily,aging,sensitivity,2025-01-08
4780,oily,pigmentation,sensitivity,2024-07-23
4781,normal,sensitivity,aging,2025-11-15
4782,combination,pigmentation,dullness,2025-06-03
4783,dry,pigmentation,dullness,2025-07-18
4784,sensitive,acne,dullness,2025-10-25
4785,normal,acne,aging,2025-03-26
4786,dry,pigmentation,sensitivity,2025-05-20
4787,combination,pigmentation,aging,2024-11-05
4788,oily,dehydration,sensitivity,2026-06-16
4789,dry,sensitivity,aging,2026-01-25
4790,combination,sensitivity,acne,2025-05-09
4791,oily,sensitivity,acne,2025-05-13
4792,normal,sensitivity,pigmentation,2024-09-15
4793,normal,aging,dullness,2025-02-28
4794,dry,aging,dehydration,2026-07-03
4795,dry,dullness,acne,2025-07-14
4796,oily,pigmentation,dullness,2024-10-27
4797,combination,dullness,aging,2024-10-06
4798,oily,sensitivity,acne,2024-11-27
4799,dry,pigmentation,sensitivity,2025-07-22
4800,combination,dehydration,pigmentation,2026-04-20
4801,sensitive,sensitivity,dullness,2026-02-01
4802,combination,dullness,pigmentation,2024-10-25
4803,dry,aging,dullness,2025-10-31
4804,sensitive,pigmentation,sensitivity,2024-12-25
4805,sensitive,pigmentation,dullness,2026-06-10
4806,sensitive,pigmentation,sensitivity,2025-07-13
4807,combination,dehydration,acne,2024-08-11
4808,normal,dullness,sensitivity,2026-01-08
4809,dry,pigmentation,sensitivity,2026-06-14
4810,normal,dullness,aging,2025-12-08
4811,dry,dehydration,dullness,2026-05-21
4812,dry,acne,dehydration,2025-04-15
4813,combination,acne,dullness,2026-02-16
4814,combination,sensitivity,aging,2026-01-07
4815,sensitive,dehydration,dullness,2025-05-03
4816,dry,dullness,sensitivity,2025-11-11
4817,normal,sensitivity,dehydration,2025-03-18
4818,dry,dullness,pigmentation,2024-08-25
4819,combination,dullness,pigmentation,2024-08-25
4820,normal,pigmentation,dehydration,2025-01-19
4821,combination,dehydration,dullness,2024-07-28
4822,sensitive,dehydration,aging,2025-01-14
4823,normal,pigmentation,aging,2026-05-18
4824,normal,dehydration,aging,2024-08-07
4825,combination,dehydration,aging,2025-05-18
4826,combination,acne,sensitivity,2026-07-02
4827,oily,acne,sensitivity,2025-04-09
4828,combination,dullness,aging,2026-01-09
4829,normal,dullness,dehydration,2025-06-11
4830,combination,dullness,pigmentation,2025-03-13
4831,dry,aging,pigmentation,2026-06-16
4832,oily,sensitivity,dehydration,2025-08-20
4833,dry,aging,sensitivity,2026-05-27
4834,dry,pigmentation,acne,2026-04-15
4835,normal,acne,sensitivity,2026-02-02
4836,combination,sensitivity,acne,2024-12-12
4837,oily,dehydration,dullness,2025-09-08
4838,oily,aging,acne,2026-06-02
4839,normal,pigmentation,dehydration,2025-01-06
4840,normal,acne,pigmentation,2025-06-04
4841,sensitive,acne,sensitivity,2026-03-25
4842,oily,acne,aging,2025-05-21
4843,oily,dullness,acne,2026-01-06
4844,oily,pigmentation,dullness,2025-03-29
4845,sensitive,acne,sensitivity,2024-08-13
4846,sensitive,pigmentation,dehydration,2025-11-18
4847,normal,dehydration,sensitivity,2025-01-08
4848,oily,aging,dullness,2026-06-19
4849,oily,acne,sensitivity,2025-09-12
4850,normal,dehydration,acne,2024-09-25
4851,normal,aging,acne,2026-05-13
4852,sensitive,pigmentation,aging,2024-08-26
4853,oily,dehydration,dullness,2026-04-29
4854,oily,sensitivity,dullness,2025-07-19
4855,oily,dullness,sensitivity,2026-02-24
4856,sensitive,acne,sensitivity,2026-06-21
4857,normal,pigmentation,dullness,2025-10-24
4858,sensitive,dullness,aging,2025-05-08
4859,dry,sensitivity,aging,2025-01-24
4860,sensitive,sensitivity,aging,2025-11-18
4861,oily,sensitivity,acne,2025-07-12
4862,normal,dehydration,acne,2026-02-23
4863,normal,dullness,dehydration,2025-01-19
4864,sensitive,dullness,aging,2026-03-05
4865,normal,dehydration,sensitivity,2024-10-15
4866,combination,dehydration,sensitivity,2026-02-25
4867,combination,dullness,dehydration,2025-03-08
4868,dry,acne,sensitivity,2025-11-07
4869,normal,sensitivity,dehydration,2024-07-08
4870,sensitive,acne,dehydration,2025-12-13
4871,oily,aging,dullness,2024-08-12
4872,normal,aging,sensitivity,2024-11-02
4873,oily,sensitivity,dehydration,2025-07-29
4874,combination,acne,pigmentation,2025-07-09
4875,oily,aging,acne,2025-10-21
4876,sensitive,aging,dullness,2025-08-28
4877,combination,acne,sensitivity,2025-07-31
4878,combination,pigmentation,dehydration,2026-03-22
4879,sensitive,aging,pigmentation,2025-11-12
4880,sensitive,sensitivity,aging,2024-10-04
4881,dry,aging,acne,2024-07-21
4882,normal,sensitivity,dehydration,2026-05-27
4883,combination,dehydration,acne,2025-01-17
4884,oily,dehydration,aging,2026-01-12
4885,oily,sensitivity,aging,2025-03-16
4886,dry,dehydration,pigmentation,2025-04-08
4887,sensitive,dehydration,aging,2024-10-02
4888,combination,acne,aging,2025-02-08
4889,dry,dehydration,sensitivity,2024-11-11
4890,combination,acne,dullness,2024-11-28
4891,normal,dehydration,dullness,2025-03-20
4892,combination,dullness,dehydration,2025-09-10
4893,oily,dehydration,acne,2025-11-02
4894,oily,dullness,pigmentation,2025-10-26
4895,combination,aging,sensitivity,2025-10-17
4896,combination,aging,acne,2025-12-08
4897,normal,dullness,acne,2025-11-21
4898,combination,aging,pigmentation,2025-05-17
4899,sensitive,aging,pigmentation,2025-12-21
4900,combination,aging,sensitivity,2025-10-25
4901,dry,dullness,acne,2025-02-03
4902,sensitive,pigmentation,dullness,2025-11-09
4903,sensitive,dullness,acne,2026-04-20
4904,sensitive,pigmentation,acne,2026-06-24
4905,oily,pigmentation,dehydration,2024-12-24
4906,sensitive,aging,acne,2024-08-12
4907,dry,acne,dullness,2025-02-23
4908,sensitive,dullness,pigmentation,2026-05-23
4909,sensitive,dehydration,aging,2025-05-21
4910,sensitive,sensitivity,aging,2025-12-20
4911,normal,pigmentation,acne,2025-11-14
4912,combination,dullness,aging,2024-09-01
4913,oily,dullness,dehydration,2024-11-11
4914,sensitive,dehydration,acne,2025-01-15
4915,sensitive,dullness,aging,2025-07-05
4916,oily,dehydration,pigmentation,2025-05-10
4917,oily,sensitivity,pigmentation,2024-09-05
4918,dry,acne,dehydration,2025-03-10
4919,normal,aging,acne,2025-05-09
4920,combination,dullness,dehydration,2026-04-27
4921,normal,dullness,dehydration,2024-07-08
4922,normal,aging,pigmentation,2024-11-22
4923,combination,pigmentation,sensitivity,2025-10-13
4924,sensitive,dullness,sensitivity,2026-01-05
4925,dry,dehydration,dullness,2024-07-29
4926,oily,acne,pigmentation,2024-08-07
4927,dry,dullness,aging,2025-09-02
4928,combination,sensitivity,acne,2026-01-18
4929,oily,dullness,pigmentation,2024-11-30
4930,dry,sensitivity,dehydration,2025-04-05
4931,oily,aging,acne,2024-09-17
4932,sensitive,acne,dehydration,2025-06-03
4933,normal,dehydration,acne,2025-05-29
4934,normal,pigmentation,dullness,2026-03-24
4935,dry,acne,aging,2025-04-22
4936,combination,pigmentation,aging,2025-10-14
4937,normal,sensitivity,pigmentation,2026-02-06
4938,combination,dehydration,acne,2024-12-12
4939,dry,pigmentation,sensitivity,2025-10-27
4940,dry,dullness,sensitivity,2026-02-01
4941,sensitive,aging,dullness,2024-08-03
4942,combination,pigmentation,sensitivity,2024-08-02
4943,normal,sensitivity,aging,2025-07-10
4944,normal,dehydration,acne,2025-12-03
4945,oily,aging,acne,2026-03-10
4946,sensitive,aging,dehydration,2025-04-04
4947,dry,dehydration,aging,2025-04-16
4948,combination,aging,dullness,2025-04-10
4949,dry,aging,sensitivity,2024-12-22
4950,dry,aging,sensitivity,2025-07-27
4951,dry,aging,dehydration,2025-02-22
4952,oily,dullness,pigmentation,2025-03-14
4953,sensitive,acne,aging,2024-12-02
4954,oily,aging,acne,2025-01-09
4955,dry,aging,dehydration,2026-06-10
4956,oily,pigmentation,dehydration,2025-04-10
4957,oily,aging,acne,2024-07-23
4958,dry,aging,pigmentation,2025-05-23
4959,normal,aging,dehydration,2025-06-14
4960,normal,sensitivity,aging,2025-04-19
4961,dry,dullness,acne,2025-05-23
4962,combination,dullness,aging,2025-09-16
4963,normal,pigmentation,acne,2024-07-10
4964,dry,sensitivity,dullness,2026-05-16
4965,normal,acne,sensitivity,2024-11-18
4966,oily,dullness,dehydration,2026-03-12
4967,dry,pigmentation,sensitivity,2026-02-06
4968,dry,dehydration,dullness,2025-04-19
4969,oily,aging,acne,2025-03-27
4970,normal,pigmentation,dehydration,2024-08-28
4971,normal,acne,sensitivity,2025-12-03
4972,dry,dehydration,aging,2026-06-18
4973,normal,aging,pigmentation,2026-01-01
4974,sensitive,pigmentation,aging,2025-06-04
4975,normal,sensitivity,dullness,2025-10-18
4976,normal,acne,dullness,2026-01-03
4977,combination,aging,pigmentation,2024-09-06
4978,oily,acne,sensitivity,2025-05-22
4979,normal,acne,sensitivity,2025-03-02
4980,sensitive,acne,aging,2025-01-05
4981,normal,pigmentation,dehydration,2025-09-10
4982,normal,sensitivity,acne,2025-01-15
4983,oily,aging,pigmentation,2024-08-01
4984,combination,sensitivity,pigmentation,2025-01-23
4985,oily,pigmentation,sensitivity,2025-12-02
4986,oily,dehydration,pigmentation,2024-12-14
4987,normal,acne,sensitivity,2026-01-15
4988,normal,acne,sensitivity,2026-05-14
4989,normal,acne,dehydration,2025-08-16
4990,normal,sensitivity,dullness,2025-06-29
4991,sensitive,dehydration,sensitivity,2025-07-28
4992,combination,dehydration,dullness,2025-12-27
4993,normal,sensitivity,acne,2025-12-19
4994,combination,pigmentation,dehydration,2024-09-01
4995,sensitive,dehydration,acne,2025-12-05
4996,dry,dullness,sensitivity,2024-12-11
4997,sensitive,dullness,aging,2025-12-30
4998,normal,dullness,sensitivity,2026-04-19
4999,sensitive,aging,sensitivity,2026-05-21
5000,combination,acne,aging,2026-01-10
5001,oily,acne,sensitivity,2024-10-30
5002,oily,dullness,pigmentation,2025-08-08
5003,sensitive,dullness,acne,2025-02-13
5004,sensitive,dehydration,sensitivity,2024-08-02
5005,sensitive,dullness,dehydration,2026-06-01
5006,normal,pigmentation,dullness,2026-04-17
5007,combination,aging,sensitivity,2024-09-02
5008,normal,aging,pigmentation,2025-05-17
5009,sensitive,sensitivity,acne,2025-04-11
5010,dry,dullness,acne,2025-10-30
5011,normal,dullness,sensitivity,2024-11-09
5012,oily,dehydration,sensitivity,2025-03-21
5013,combination,aging,acne,2025-12-30
5014,normal,sensitivity,dullness,2025-03-19
5015,sensitive,dehydration,dullness,2026-07-04
5016,normal,sensitivity,aging,2026-01-12
5017,oily,dehydration,acne,2026-02-07
5018,combination,dullness,aging,2024-12-09
5019,sensitive,acne,aging,2025-01-15
5020,sensitive,dullness,pigmentation,2026-05-01
5021,normal,acne,sensitivity,2024-09-12
5022,combination,dullness,dehydration,2024-11-15
5023,sensitive,dehydration,dullness,2025-08-23
5024,combination,dullness,sensitivity,2026-02-02
5025,normal,pigmentation,dehydration,2025-09-02
5026,oily,acne,aging,2025-05-02
5027,dry,dehydration,sensitivity,2025-04-02
5028,oily,dehydration,aging,2025-10-26
5029,sensitive,aging,sensitivity,2026-04-23
5030,dry,dehydration,pigmentation,2025-04-17
5031,dry,dehydration,pigmentation,2025-02-06
5032,normal,dullness,pigmentation,2025-12-23
5033,dry,acne,sensitivity,2025-03-26
5034,oily,sensitivity,aging,2025-05-17
5035,oily,aging,dullness,2025-07-05
5036,dry,dehydration,acne,2026-07-01
5037,normal,sensitivity,aging,2025-11-24
5038,combination,aging,dullness,2025-10-06
5039,normal,dullness,sensitivity,2024-11-04
5040,dry,acne,aging,2024-11-09
5041,dry,sensitivity,dehydration,2024-10-06
5042,oily,acne,dullness,2025-08-02
5043,dry,dullness,aging,2025-11-10
5044,combination,aging,sensitivity,2025-07-07
5045,normal,acne,dullness,2024-12-05
5046,dry,aging,pigmentation,2025-04-08
5047,sensitive,sensitivity,dullness,2025-04-23
5048,sensitive,pigmentation,dullness,2025-08-23
5049,dry,pigmentation,dullness,2025-02-12
5050,normal,pigmentation,sensitivity,2024-10-11
5051,combination,acne,pigmentation,2025-03-05
5052,oily,pigmentation,aging,2025-09-15
5053,normal,dullness,dehydration,2024-10-30
5054,normal,dehydration,aging,2024-08-16
5055,oily,dehydration,pigmentation,2024-12-01
5056,normal,dehydration,sensitivity,2024-10-03
5057,normal,dehydration,aging,2025-12-24
5058,normal,aging,acne,2025-09-02
5059,dry,sensitivity,dullness,2026-01-05
5060,sensitive,pigmentation,aging,2025-10-12
5061,combination,dehydration,dullness,2025-01-16
5062,sensitive,acne,pigmentation,2025-02-27
5063,sensitive,dehydration,pigmentation,2026-07-04
5064,sensitive,acne,dullness,2024-12-31
5065,combination,pigmentation,dullness,2026-02-16
5066,sensitive,aging,dehydration,2026-02-21
5067,combination,dehydration,sensitivity,2025-06-04
5068,oily,acne,dullness,2026-01-11
5069,oily,pigmentation,sensitivity,2024-08-02
5070,normal,aging,dehydration,2026-03-22
5071,normal,dehydration,pigmentation,2026-03-18
5072,combination,sensitivity,dehydration,2024-12-27
5073,oily,dullness,sensitivity,2025-12-09
5074,sensitive,dullness,sensitivity,2025-01-30
5075,oily,aging,dullness,2025-02-23
5076,dry,dehydration,pigmentation,2026-02-18
5077,dry,acne,aging,2025-05-09
5078,oily,acne,sensitivity,2025-06-09
5079,normal,pigmentation,dullness,2026-04-28
5080,combination,pigmentation,sensitivity,2024-12-25
5081,dry,aging,dullness,2024-10-18
5082,combination,sensitivity,pigmentation,2024-08-13
5083,oily,dullness,dehydration,2026-05-03
5084,combination,aging,sensitivity,2026-02-26
5085,combination,pigmentation,aging,2024-11-10
5086,dry,dullness,dehydration,2025-11-26
5087,normal,pigmentation,dehydration,2025-04-05
5088,dry,sensitivity,aging,2025-10-25
5089,oily,aging,dehydration,2026-01-28
5090,combination,dullness,acne,2025-04-06
5091,normal,sensitivity,aging,2026-02-06
5092,dry,pigmentation,sensitivity,2026-03-29
5093,oily,aging,sensitivity,2025-06-14
5094,normal,dullness,aging,2026-02-15
5095,combination,pigmentation,dullness,2026-02-16
5096,oily,acne,pigmentation,2024-12-13
5097,sensitive,pigmentation,dehydration,2025-06-15
5098,dry,acne,pigmentation,2025-06-05
5099,normal,dehydration,aging,2026-03-24
5100,dry,acne,aging,2026-03-11
5101,combination,pigmentation,dullness,2025-09-24
5102,combination,sensitivity,aging,2025-09-26
5103,dry,dullness,dehydration,2025-08-10
5104,combination,dehydration,acne,2026-03-30
5105,oily,dehydration,dullness,2024-09-18
5106,sensitive,pigmentation,sensitivity,2025-10-14
5107,sensitive,dullness,acne,2024-11-17
5108,normal,pigmentation,dehydration,2025-09-17
5109,dry,dullness,acne,2025-07-26
5110,dry,dehydration,dullness,2026-04-16
5111,combination,sensitivity,dehydration,2025-02-27
5112,sensitive,sensitivity,aging,2026-05-24
5113,normal,acne,sensitivity,2025-01-06
5114,oily,pigmentation,aging,2024-09-30
5115,dry,dullness,sensitivity,2025-10-15
5116,dry,pigmentation,dullness,2024-09-26
5117,dry,dullness,pigmentation,2025-02-11
5118,combination,sensitivity,dullness,2026-07-05
5119,normal,pigmentation,dehydration,2026-02-08
5120,oily,sensitivity,pigmentation,2025-03-25
5121,normal,sensitivity,aging,2025-02-09
5122,sensitive,sensitivity,pigmentation,2026-04-29
5123,sensitive,acne,dullness,2025-02-21
5124,sensitive,pigmentation,dullness,2024-11-21
5125,oily,acne,sensitivity,2026-04-30
5126,sensitive,acne,dehydration,2024-10-02
5127,dry,acne,pigmentation,2025-06-12
5128,combination,aging,pigmentation,2025-04-12
5129,sensitive,acne,dehydration,2026-05-31
5130,sensitive,pigmentation,dullness,2025-04-14
5131,dry,sensitivity,aging,2025-08-08
5132,dry,sensitivity,acne,2025-10-08
5133,combination,sensitivity,acne,2024-12-13
5134,oily,acne,dullness,2026-01-05
5135,sensitive,dullness,pigmentation,2026-05-24
5136,oily,dullness,sensitivity,2025-07-07
5137,combination,acne,aging,2025-01-09
5138,sensitive,sensitivity,dehydration,2026-03-31
5139,oily,aging,pigmentation,2024-07-17
5140,normal,sensitivity,aging,2025-03-02
5141,dry,acne,pigmentation,2024-08-23
5142,oily,dullness,pigmentation,2025-07-28
5143,sensitive,acne,dehydration,2026-04-07
5144,combination,sensitivity,dehydration,2026-02-27
5145,sensitive,dullness,aging,2025-07-06
5146,sensitive,acne,dehydration,2025-05-02
5147,combination,pigmentation,aging,2025-01-16
5148,normal,aging,dehydration,2024-12-02
5149,dry,acne,dehydration,2024-12-26
5150,combination,acne,dehydration,2025-05-02
5151,oily,sensitivity,aging,2026-06-23
5152,sensitive,sensitivity,aging,2025-06-14
5153,dry,dullness,pigmentation,2024-11-15
5154,sensitive,sensitivity,aging,2024-10-25
5155,normal,dullness,dehydration,2024-11-04
5156,normal,acne,sensitivity,2026-06-29
5157,normal,dehydration,acne,2025-08-22
5158,oily,acne,aging,2025-04-12
5159,oily,dehydration,sensitivity,2026-01-07
5160,normal,aging,sensitivity,2025-09-10
5161,dry,acne,sensitivity,2026-04-26
5162,oily,pigmentation,aging,2026-02-15
5163,dry,dehydration,acne,2026-07-02
5164,normal,sensitivity,acne,2024-07-20
5165,dry,dullness,dehydration,2024-10-16
5166,oily,acne,dehydration,2025-09-14
5167,sensitive,sensitivity,pigmentation,2026-07-03
5168,oily,dehydration,aging,2025-11-03
5169,dry,aging,sensitivity,2025-08-23
5170,oily,dullness,pigmentation,2026-03-05
5171,sensitive,sensitivity,acne,2025-03-10
5172,combination,aging,dehydration,2024-07-07
5173,normal,acne,dullness,2024-10-28
5174,dry,acne,pigmentation,2024-10-19
5175,dry,dullness,acne,2024-11-06
5176,oily,sensitivity,aging,2026-05-16
5177,dry,dehydration,pigmentation,2025-05-29
5178,combination,dullness,acne,2025-05-19
5179,oily,pigmentation,sensitivity,2026-04-24
5180,combination,aging,acne,2026-03-21
5181,normal,acne,pigmentation,2025-05-19
5182,sensitive,aging,acne,2025-01-29
5183,sensitive,dullness,aging,2026-02-04
5184,normal,sensitivity,dehydration,2025-07-18
5185,sensitive,sensitivity,pigmentation,2026-05-13
5186,sensitive,dehydration,aging,2026-04-17
5187,normal,acne,sensitivity,2025-05-08
5188,oily,dehydration,acne,2025-05-25
5189,normal,pigmentation,acne,2025-01-04
5190,dry,dullness,pigmentation,2024-09-09
5191,sensitive,sensitivity,dullness,2026-02-18
5192,normal,sensitivity,dullness,2025-10-30
5193,combination,dullness,pigmentation,2024-10-19
5194,oily,pigmentation,acne,2026-05-30
5195,dry,dullness,aging,2024-11-08
5196,combination,dehydration,pigmentation,2024-08-15
5197,normal,dullness,acne,2026-04-24
5198,normal,aging,acne,2026-03-25
5199,combination,aging,pigmentation,2025-02-21
5200,normal,dullness,sensitivity,2025-07-24
5201,combination,acne,aging,2024-07-15
5202,combination,sensitivity,dullness,2025-06-03
5203,normal,acne,sensitivity,2025-03-15
5204,sensitive,sensitivity,dehydration,2026-01-14
5205,combination,acne,pigmentation,2025-11-11
5206,combination,dullness,aging,2026-02-27
5207,sensitive,aging,acne,2026-03-21
5208,sensitive,dullness,dehydration,2026-04-15
5209,combination,aging,dullness,2024-09-22
5210,oily,sensitivity,pigmentation,2026-05-16
5211,oily,acne,sensitivity,2025-06-24
5212,oily,sensitivity,dullness,2025-06-30
5213,combination,dehydration,pigmentation,2026-05-27
5214,sensitive,dehydration,aging,2024-10-29
5215,normal,acne,dullness,2025-07-05
5216,dry,acne,sensitivity,2026-04-05
5217,sensitive,aging,dullness,2026-04-03
5218,sensitive,pigmentation,dullness,2025-02-09
5219,oily,dehydration,acne,2025-04-10
5220,dry,sensitivity,dehydration,2025-09-08
5221,dry,aging,sensitivity,2025-09-13
5222,normal,dehydration,aging,2026-06-11
5223,normal,acne,sensitivity,2026-06-13
5224,normal,dehydration,sensitivity,2025-06-10
5225,combination,acne,sensitivity,2025-10-14
5226,combination,dehydration,sensitivity,2026-01-03
5227,dry,aging,acne,2025-10-02
5228,sensitive,aging,acne,2025-04-20
5229,oily,pigmentation,acne,2025-12-04
5230,dry,aging,dullness,2025-10-24
5231,oily,sensitivity,dehydration,2025-12-12
5232,combination,dehydration,aging,2025-03-06
5233,dry,aging,dullness,2026-05-27
5234,oily,pigmentation,dehydration,2024-09-03
5235,dry,dullness,aging,2025-05-27
5236,normal,dehydration,pigmentation,2026-01-09
5237,combination,pigmentation,dullness,2024-12-28
5238,normal,dehydration,acne,2024-08-18
5239,normal,sensitivity,aging,2026-05-25
5240,normal,sensitivity,dehydration,2026-02-07
5241,dry,dullness,pigmentation,2026-03-23
5242,normal,pigmentation,sensitivity,2026-05-16
5243,normal,pigmentation,sensitivity,2025-01-13
5244,normal,dehydration,aging,2026-02-16
5245,dry,aging,sensitivity,2025-09-29
5246,dry,acne,dehydration,2024-11-18
5247,combination,dehydration,acne,2025-04-15
5248,normal,acne,dullness,2025-02-26
5249,normal,sensitivity,pigmentation,2026-04-26
5250,combination,aging,pigmentation,2024-07-27
5251,oily,aging,acne,2026-05-07
5252,combination,acne,dullness,2025-02-03
5253,sensitive,pigmentation,dehydration,2025-03-26
5254,combination,sensitivity,aging,2025-09-08
5255,dry,dullness,pigmentation,2024-11-01
5256,dry,sensitivity,pigmentation,2024-09-22
5257,oily,sensitivity,dehydration,2026-05-16
5258,dry,acne,aging,2024-08-05
5259,sensitive,aging,dullness,2026-01-11
5260,dry,sensitivity,dullness,2024-12-05
5261,normal,aging,acne,2024-11-14
5262,oily,dullness,sensitivity,2025-05-26
5263,combination,dullness,pigmentation,2024-10-13
5264,combination,dehydration,aging,2024-11-10
5265,normal,sensitivity,dullness,2025-06-19
5266,normal,sensitivity,dehydration,2026-02-26
5267,combination,dullness,aging,2025-08-23
5268,sensitive,dullness,acne,2024-09-16
5269,sensitive,aging,dehydration,2026-02-08
5270,combination,acne,pigmentation,2024-07-06
5271,oily,dehydration,pigmentation,2026-02-24
5272,combination,acne,dehydration,2025-03-07
5273,dry,dehydration,aging,2025-03-25
5274,combination,aging,dullness,2026-02-13
5275,sensitive,dehydration,aging,2025-07-26
5276,dry,sensitivity,dullness,2026-03-23
5277,dry,dullness,pigmentation,2025-10-13
5278,normal,dullness,acne,2024-08-04
5279,dry,aging,dullness,2026-05-28
5280,oily,aging,sensitivity,2024-10-08
5281,sensitive,acne,dehydration,2025-02-26
5282,sensitive,acne,dullness,2025-01-05
5283,normal,dehydration,pigmentation,2025-12-12
5284,sensitive,sensitivity,aging,2024-08-12
5285,normal,acne,dullness,2026-01-02
5286,combination,pigmentation,dullness,2025-07-04
5287,dry,dullness,pigmentation,2026-06-10
5288,normal,dehydration,acne,2024-09-26
5289,dry,dehydration,pigmentation,2025-02-06
5290,dry,dehydration,pigmentation,2026-03-09
5291,normal,acne,dehydration,2025-03-10
5292,normal,pigmentation,acne,2026-02-23
5293,dry,aging,acne,2025-08-16
5294,sensitive,acne,pigmentation,2025-06-27
5295,normal,aging,acne,2024-08-25
5296,sensitive,aging,dehydration,2025-11-05
5297,oily,sensitivity,acne,2026-06-27
5298,sensitive,pigmentation,aging,2025-08-24
5299,oily,sensitivity,dehydration,2024-08-28
5300,normal,dehydration,pigmentation,2024-11-30
5301,oily,dehydration,acne,2026-05-24
5302,normal,dehydration,sensitivity,2026-05-28
5303,oily,sensitivity,dullness,2024-12-30
5304,combination,pigmentation,sensitivity,2025-01-26
5305,dry,aging,dehydration,2025-05-25
5306,normal,dullness,dehydration,2026-05-03
5307,dry,sensitivity,pigmentation,2025-12-14
5308,sensitive,acne,dehydration,2024-10-25
5309,oily,aging,dullness,2026-03-27
5310,combination,pigmentation,dullness,2026-02-09
5311,normal,pigmentation,aging,2025-08-10
5312,normal,dehydration,pigmentation,2025-01-15
5313,dry,pigmentation,aging,2024-11-08
5314,dry,dehydration,sensitivity,2025-04-30
5315,combination,sensitivity,acne,2025-07-11
5316,combination,dehydration,aging,2025-09-28
5317,combination,pigmentation,dehydration,2026-06-05
5318,oily,acne,sensitivity,2025-12-23
5319,sensitive,aging,dehydration,2026-01-31
5320,dry,dullness,sensitivity,2026-05-25
5321,dry,dehydration,acne,2025-01-08
5322,normal,aging,pigmentation,2025-10-21
5323,sensitive,pigmentation,dehydration,2025-06-29
5324,dry,sensitivity,pigmentation,2026-02-10
5325,normal,sensitivity,dullness,2025-04-30
5326,dry,dullness,acne,2026-03-29
5327,combination,dehydration,sensitivity,2025-02-26
5328,dry,sensitivity,dullness,2025-01-13
5329,oily,aging,dullness,2025-11-21
5330,combination,acne,pigmentation,2026-02-01
5331,combination,dullness,pigmentation,2024-12-13
5332,normal,aging,sensitivity,2026-01-24
5333,dry,dehydration,acne,2026-02-26
5334,normal,dehydration,sensitivity,2025-10-31
5335,sensitive,aging,sensitivity,2024-07-30
5336,oily,aging,acne,2025-08-02
5337,sensitive,aging,dehydration,2025-12-26
5338,combination,dullness,acne,2025-06-26
5339,dry,dullness,sensitivity,2025-10-25
5340,combination,dullness,aging,2025-03-08
5341,dry,dullness,pigmentation,2025-08-20
5342,sensitive,sensitivity,pigmentation,2025-05-02
5343,combination,pigmentation,dehydration,2025-08-22
5344,combination,pigmentation,acne,2025-07-19
5345,dry,dehydration,acne,2025-08-14
5346,dry,sensitivity,acne,2025-09-22
5347,combination,dullness,sensitivity,2024-08-01
5348,combination,aging,acne,2025-12-24
5349,dry,aging,pigmentation,2024-11-25
5350,combination,aging,dehydration,2025-02-03
5351,dry,acne,pigmentation,2025-06-16
5352,combination,dullness,dehydration,2025-11-16
5353,oily,pigmentation,dehydration,2025-07-18
5354,combination,pigmentation,aging,2024-10-23
5355,sensitive,dullness,dehydration,2026-02-23
5356,normal,sensitivity,dullness,2025-05-04
5357,sensitive,pigmentation,acne,2024-12-24
5358,sensitive,sensitivity,pigmentation,2025-03-30
5359,oily,dullness,acne,2026-03-23
5360,dry,sensitivity,aging,2025-06-30
5361,sensitive,aging,acne,2026-02-23
5362,normal,sensitivity,dehydration,2024-08-27
5363,combination,dullness,aging,2025-10-22
5364,normal,dehydration,acne,2025-09-01
5365,dry,dullness,aging,2024-10-18
5366,oily,aging,dullness,2025-08-28
5367,oily,dullness,aging,2026-02-15
5368,combination,sensitivity,acne,2024-09-22
5369,sensitive,dehydration,sensitivity,2025-03-20
5370,dry,acne,pigmentation,2025-04-20
5371,sensitive,dehydration,sensitivity,2026-05-12
5372,sensitive,sensitivity,aging,2025-08-12
5373,dry,dehydration,aging,2025-08-05
5374,dry,aging,acne,2025-12-27
5375,sensitive,aging,dullness,2025-05-20
5376,sensitive,dehydration,acne,2026-01-08
5377,oily,dullness,dehydration,2025-07-27
5378,dry,aging,dullness,2024-11-28
5379,combination,aging,acne,2025-01-15
5380,combination,aging,acne,2025-12-14
5381,oily,acne,aging,2026-02-05
5382,normal,acne,aging,2026-07-02
5383,dry,acne,sensitivity,2025-10-27
5384,dry,aging,sensitivity,2026-06-22
5385,oily,dullness,sensitivity,2026-04-04
5386,normal,aging,pigmentation,2024-07-21
5387,dry,sensitivity,acne,2024-10-19
5388,normal,pigmentation,dullness,2025-05-23
5389,combination,aging,acne,2024-12-17
5390,normal,pigmentation,dehydration,2025-07-14
5391,oily,pigmentation,aging,2025-04-23
5392,oily,dullness,aging,2024-09-04
5393,normal,pigmentation,dullness,2026-05-10
5394,normal,pigmentation,sensitivity,2025-10-22
5395,combination,dehydration,acne,2026-04-10
5396,oily,dehydration,aging,2024-12-02
5397,normal,pigmentation,acne,2024-11-12
5398,dry,acne,dehydration,2025-01-25
5399,normal,pigmentation,acne,2025-04-17
5400,normal,dullness,acne,2025-07-23
5401,normal,sensitivity,acne,2026-06-19
5402,sensitive,acne,dullness,2024-12-17
5403,sensitive,acne,dullness,2024-09-21
5404,combination,dullness,pigmentation,2024-07-31
5405,oily,sensitivity,pigmentation,2025-10-30
5406,dry,dullness,pigmentation,2026-02-10
5407,sensitive,sensitivity,aging,2025-03-15
5408,normal,dullness,pigmentation,2026-06-24
5409,combination,acne,dullness,2026-05-23
5410,sensitive,aging,dehydration,2024-11-13
5411,oily,dehydration,acne,2024-08-06
5412,combination,dullness,aging,2025-09-14
5413,combination,pigmentation,aging,2025-06-30
5414,normal,pigmentation,dullness,2025-06-04
5415,dry,dullness,acne,2026-03-27
5416,dry,aging,dullness,2026-01-25
5417,dry,dullness,aging,2025-11-30
5418,oily,aging,dehydration,2024-10-29
5419,combination,aging,dehydration,2025-08-20
5420,sensitive,dullness,sensitivity,2025-01-25
5421,normal,acne,pigmentation,2026-02-14
5422,normal,aging,acne,2024-08-09
5423,oily,aging,sensitivity,2024-09-29
5424,dry,dehydration,acne,2025-07-24
5425,dry,dehydration,dullness,2026-01-23
5426,dry,aging,acne,2024-07-23
5427,normal,pigmentation,dehydration,2024-11-23
5428,oily,pigmentation,dehydration,2025-06-28
5429,oily,pigmentation,sensitivity,2025-12-23
5430,normal,pigmentation,aging,2025-04-08
5431,normal,dehydration,dullness,2025-10-09
5432,dry,acne,aging,2025-03-01
5433,dry,acne,pigmentation,2024-11-05
5434,combination,dullness,acne,2025-07-13
5435,combination,pigmentation,acne,2026-06-01
5436,normal,dehydration,aging,2025-05-21
5437,combination,dehydration,acne,2024-10-17
5438,oily,dehydration,acne,2026-01-24
5439,combination,aging,sensitivity,2024-08-04
5440,combination,aging,dehydration,2025-10-15
5441,combination,aging,pigmentation,2025-02-21
5442,combination,pigmentation,dullness,2025-02-08
5443,normal,dullness,sensitivity,2026-02-23
5444,normal,sensitivity,acne,2026-06-08
5445,dry,pigmentation,sensitivity,2024-08-12
5446,dry,acne,pigmentation,2025-02-09
5447,sensitive,dullness,aging,2025-04-01
5448,combination,aging,pigmentation,2025-11-26
5449,combination,dehydration,sensitivity,2026-04-18
5450,oily,sensitivity,acne,2025-12-20
5451,dry,sensitivity,dehydration,2025-06-01
5452,sensitive,aging,dullness,2025-02-15
5453,normal,sensitivity,aging,2025-11-15
5454,sensitive,acne,sensitivity,2026-01-30
5455,dry,aging,dullness,2026-01-05
5456,oily,pigmentation,sensitivity,2024-08-03
5457,oily,sensitivity,pigmentation,2025-04-02
5458,dry,dullness,acne,2024-07-12
5459,combination,aging,pigmentation,2026-07-02
5460,normal,acne,dehydration,2025-08-06
5461,normal,dehydration,acne,2025-08-06
5462,oily,dullness,aging,2025-09-16
5463,sensitive,sensitivity,aging,2025-09-23
5464,dry,aging,dullness,2026-05-10
5465,oily,acne,aging,2026-06-13
5466,combination,aging,dehydration,2024-12-15
5467,oily,dullness,pigmentation,2025-08-18
5468,dry,pigmentation,acne,2026-03-10
5469,combination,acne,pigmentation,2025-10-25
5470,dry,dehydration,aging,2024-08-23
5471,combination,dullness,aging,2025-07-30
5472,combination,aging,pigmentation,2024-07-12
5473,sensitive,dullness,pigmentation,2026-03-10
5474,oily,dehydration,acne,2026-04-08
5475,oily,acne,pigmentation,2025-05-20
5476,combination,aging,pigmentation,2025-02-22
5477,dry,pigmentation,dehydration,2024-07-19
5478,sensitive,acne,aging,2025-07-31
5479,oily,acne,dehydration,2026-02-10
5480,combination,aging,acne,2025-06-06
5481,normal,dullness,aging,2025-11-24
5482,oily,dullness,aging,2026-02-25
5483,dry,dehydration,dullness,2026-05-03
5484,normal,aging,dullness,2025-01-24
5485,combination,dullness,dehydration,2025-03-24
5486,oily,dehydration,acne,2026-03-07
5487,dry,dullness,pigmentation,2025-05-24
5488,sensitive,sensitivity,aging,2024-09-27
5489,normal,pigmentation,acne,2024-11-15
5490,dry,dehydration,dullness,2025-08-09
5491,combination,dehydration,dullness,2026-05-26
5492,sensitive,dullness,dehydration,2025-03-29
5493,oily,acne,dehydration,2025-06-24
5494,dry,dullness,aging,2024-09-01
5495,sensitive,sensitivity,dehydration,2025-05-28
5496,oily,dullness,sensitivity,2025-01-13
5497,sensitive,acne,dehydration,2025-06-15
5498,combination,pigmentation,dehydration,2025-06-06
5499,normal,dullness,dehydration,2025-11-16
5500,oily,dehydration,acne,2025-09-15
5501,normal,aging,dehydration,2025-12-02
5502,dry,sensitivity,dehydration,2025-08-03
5503,oily,dehydration,sensitivity,2024-08-10
5504,sensitive,pigmentation,aging,2025-10-30
5505,combination,pigmentation,dehydration,2025-08-02
5506,normal,sensitivity,aging,2024-08-14
5507,oily,dullness,acne,2026-03-18
5508,oily,sensitivity,acne,2026-01-03
5509,combination,sensitivity,aging,2025-07-11
5510,normal,aging,pigmentation,2025-09-10
5511,combination,acne,pigmentation,2025-10-30
5512,sensitive,sensitivity,dullness,2024-12-15
5513,normal,dullness,dehydration,2025-07-07
5514,normal,acne,aging,2025-10-13
5515,combination,dullness,aging,2025-07-21
5516,sensitive,acne,aging,2024-09-26
5517,combination,pigmentation,dehydration,2024-07-17
5518,sensitive,aging,dehydration,2026-01-10
5519,combination,aging,acne,2026-06-07
5520,combination,dullness,acne,2026-06-14
5521,combination,sensitivity,aging,2025-08-15
5522,sensitive,aging,pigmentation,2025-04-03
5523,sensitive,dehydration,pigmentation,2026-05-30
5524,normal,sensitivity,aging,2025-06-30
5525,sensitive,dehydration,dullness,2025-09-17
5526,oily,pigmentation,dehydration,2024-08-23
5527,combination,dehydration,dullness,2025-04-21
5528,dry,pigmentation,sensitivity,2025-08-31
5529,oily,aging,pigmentation,2025-05-04
5530,oily,dullness,acne,2026-03-29
5531,combination,pigmentation,dehydration,2025-07-24
5532,normal,acne,pigmentation,2025-11-07
5533,combination,sensitivity,acne,2026-02-24
5534,combination,dehydration,sensitivity,2025-09-22
5535,oily,acne,dehydration,2025-03-26
5536,sensitive,aging,dehydration,2025-05-06
5537,oily,pigmentation,dullness,2024-08-01
5538,normal,sensitivity,dullness,2025-12-18
5539,normal,sensitivity,pigmentation,2025-02-10
5540,normal,dehydration,sensitivity,2025-05-30
5541,dry,aging,sensitivity,2024-10-06
5542,oily,acne,dullness,2024-09-11
5543,dry,pigmentation,aging,2025-02-04
5544,sensitive,acne,aging,2025-08-31
5545,dry,dehydration,acne,2025-06-12
5546,normal,acne,dehydration,2025-03-17
5547,oily,dehydration,acne,2024-11-24
5548,oily,sensitivity,acne,2026-01-20
5549,dry,pigmentation,dullness,2024-10-06
5550,sensitive,dehydration,pigmentation,2024-11-28
5551,sensitive,sensitivity,dullness,2026-05-03
5552,dry,aging,dullness,2025-12-21
5553,sensitive,aging,pigmentation,2026-01-15
5554,sensitive,pigmentation,dullness,2025-05-09
5555,combination,aging,dehydration,2026-02-04
5556,combination,sensitivity,acne,2025-11-29
5557,oily,dullness,sensitivity,2026-02-18
5558,dry,pigmentation,dehydration,2026-05-18
5559,combination,dullness,pigmentation,2025-08-05
5560,oily,dehydration,aging,2025-11-15
5561,combination,acne,dullness,2025-07-03
5562,oily,dehydration,sensitivity,2026-02-02
5563,sensitive,pigmentation,dullness,2025-12-09
5564,oily,pigmentation,sensitivity,2024-09-22
5565,oily,aging,acne,2024-11-25
5566,sensitive,dullness,acne,2025-12-24
5567,dry,sensitivity,aging,2026-03-10
5568,dry,pigmentation,dehydration,2024-07-24
5569,dry,pigmentation,acne,2025-02-24
5570,dry,aging,sensitivity,2025-07-12
5571,sensitive,sensitivity,aging,2025-02-10
5572,sensitive,sensitivity,pigmentation,2026-01-26
5573,dry,aging,sensitivity,2025-08-28
5574,sensitive,dehydration,aging,2025-09-23
5575,sensitive,sensitivity,dehydration,2025-01-26
5576,combination,sensitivity,dullness,2026-02-22
5577,combination,dehydration,aging,2025-07-14
5578,normal,dullness,pigmentation,2024-11-04
5579,combination,sensitivity,acne,2026-02-13
5580,dry,pigmentation,dullness,2026-04-10
5581,combination,aging,dehydration,2024-11-13
5582,normal,dehydration,aging,2024-10-06
5583,sensitive,acne,dehydration,2025-08-26
5584,oily,dullness,dehydration,2026-06-03
5585,combination,sensitivity,acne,2025-06-06
5586,sensitive,pigmentation,dehydration,2025-11-29
5587,dry,dehydration,dullness,2025-05-03
5588,normal,aging,dullness,2026-03-26
5589,normal,sensitivity,dehydration,2024-11-25
5590,normal,dullness,dehydration,2025-02-21
5591,oily,acne,aging,2025-03-22
5592,combination,dehydration,aging,2025-06-27
5593,combination,acne,dehydration,2026-01-27
5594,sensitive,pigmentation,acne,2024-08-19
5595,normal,sensitivity,acne,2025-12-24
5596,dry,sensitivity,acne,2025-10-12
5597,combination,acne,dullness,2024-08-28
5598,sensitive,aging,sensitivity,2026-06-07
5599,sensitive,acne,aging,2026-04-06
5600,sensitive,pigmentation,sensitivity,2024-12-27
5601,dry,sensitivity,pigmentation,2025-10-11
5602,normal,pigmentation,acne,2025-05-09
5603,oily,dullness,dehydration,2025-05-08
5604,combination,dehydration,aging,2024-11-09
5605,sensitive,sensitivity,aging,2025-04-09
5606,oily,aging,dullness,2025-08-29
5607,combination,dehydration,aging,2025-05-31
5608,combination,aging,dullness,2025-01-13
5609,sensitive,acne,dullness,2025-10-02
5610,oily,pigmentation,sensitivity,2026-03-03
5611,dry,dehydration,sensitivity,2025-07-16
5612,dry,dehydration,acne,2024-07-06
5613,sensitive,dullness,sensitivity,2026-04-16
5614,dry,dehydration,dullness,2026-03-02
5615,combination,dehydration,acne,2024-07-09
5616,sensitive,aging,pigmentation,2024-11-07
5617,sensitive,pigmentation,dehydration,2026-04-12
5618,oily,sensitivity,dehydration,2026-02-01
5619,normal,sensitivity,dehydration,2025-02-17
5620,oily,acne,aging,2024-12-11
5621,oily,dehydration,pigmentation,2025-01-16
5622,oily,acne,dehydration,2024-10-15
5623,dry,sensitivity,acne,2025-07-01
5624,normal,dullness,pigmentation,2024-10-04
5625,dry,dehydration,pigmentation,2025-04-27
5626,sensitive,dehydration,sensitivity,2025-07-24
5627,combination,dullness,aging,2025-03-28
5628,oily,pigmentation,dullness,2025-08-27
5629,combination,dehydration,dullness,2025-04-19
5630,oily,dullness,sensitivity,2024-11-04
5631,combination,dullness,acne,2024-08-05
5632,combination,pigmentation,dullness,2025-05-09
5633,combination,acne,sensitivity,2026-07-02
5634,dry,dullness,aging,2025-04-08
5635,sensitive,aging,acne,2026-01-03
5636,combination,dullness,aging,2026-01-15
5637,dry,aging,acne,2024-09-30
5638,combination,sensitivity,pigmentation,2025-08-14
5639,oily,dehydration,dullness,2024-12-06
5640,normal,aging,sensitivity,2025-10-09
5641,sensitive,dehydration,acne,2025-04-19
5642,dry,dullness,dehydration,2025-03-07
5643,sensitive,dullness,pigmentation,2024-09-22
5644,sensitive,dullness,sensitivity,2026-02-13
5645,sensitive,sensitivity,dullness,2025-05-22
5646,oily,pigmentation,aging,2025-09-13
5647,normal,aging,acne,2025-08-01
5648,normal,pigmentation,sensitivity,2024-10-24
5649,normal,dullness,acne,2026-03-29
5650,normal,sensitivity,dullness,2025-06-02
5651,normal,dullness,aging,2025-09-26
5652,sensitive,pigmentation,acne,2024-09-19
5653,oily,sensitivity,aging,2026-01-29
5654,combination,dehydration,dullness,2026-01-18
5655,dry,aging,pigmentation,2026-05-01
5656,dry,acne,pigmentation,2025-08-19
5657,normal,aging,dehydration,2026-06-29
5658,normal,dehydration,aging,2025-07-06
5659,combination,dullness,acne,2026-01-24
5660,sensitive,pigmentation,aging,2025-09-17
5661,oily,acne,dullness,2025-04-20
5662,dry,sensitivity,pigmentation,2025-02-21
5663,normal,aging,acne,2026-05-23
5664,combination,dehydration,pigmentation,2026-03-20
5665,combination,aging,dullness,2025-11-16
5666,combination,acne,pigmentation,2025-06-22
5667,dry,aging,dehydration,2024-09-29
5668,normal,dehydration,sensitivity,2026-03-27
5669,sensitive,aging,pigmentation,2026-05-18
5670,sensitive,dullness,sensitivity,2025-04-03
5671,dry,aging,acne,2024-07-21
5672,sensitive,aging,dullness,2024-11-07
5673,normal,pigmentation,dehydration,2025-05-19
5674,sensitive,pigmentation,acne,2026-06-22
5675,combination,pigmentation,sensitivity,2025-05-11
5676,dry,dehydration,acne,2025-08-06
5677,combination,aging,acne,2025-08-14
5678,dry,dehydration,pigmentation,2025-07-11
5679,sensitive,pigmentation,dullness,2025-05-22
5680,oily,pigmentation,acne,2025-01-26
5681,oily,sensitivity,dehydration,2026-02-16
5682,sensitive,sensitivity,aging,2026-05-13
5683,dry,aging,dullness,2026-05-30
5684,combination,pigmentation,dehydration,2025-09-13
5685,combination,dehydration,pigmentation,2025-06-30
5686,combination,acne,sensitivity,2024-12-09
5687,sensitive,aging,acne,2025-08-24
5688,dry,dullness,sensitivity,2025-06-13
5689,sensitive,dehydration,pigmentation,2024-07-23
5690,dry,acne,pigmentation,2025-01-04
5691,dry,acne,dullness,2025-02-16
5692,combination,pigmentation,dehydration,2025-10-13
5693,normal,acne,dullness,2026-03-17
5694,dry,dullness,acne,2024-09-02
5695,combination,sensitivity,aging,2025-05-28
5696,oily,pigmentation,sensitivity,2026-05-11
5697,oily,aging,sensitivity,2025-07-19
5698,sensitive,pigmentation,aging,2026-05-01
5699,sensitive,acne,dehydration,2024-07-19
5700,dry,dehydration,aging,2025-06-15
5701,sensitive,pigmentation,sensitivity,2024-12-10
5702,dry,dullness,pigmentation,2025-07-27
5703,dry,dehydration,sensitivity,2026-06-22
5704,combination,sensitivity,dehydration,2025-03-27
5705,dry,pigmentation,acne,2025-03-16
5706,normal,dullness,dehydration,2026-01-20
5707,combination,sensitivity,pigmentation,2025-01-29
5708,dry,aging,dehydration,2026-01-22
5709,combination,acne,sensitivity,2025-02-16
5710,sensitive,pigmentation,acne,2025-01-05
5711,dry,dehydration,acne,2026-03-28
5712,normal,dehydration,aging,2025-12-05
5713,combination,pigmentation,dullness,2026-03-09
5714,sensitive,pigmentation,aging,2025-01-21
5715,normal,pigmentation,dullness,2026-01-15
5716,combination,pigmentation,aging,2025-03-25
5717,oily,dehydration,dullness,2025-09-04
5718,sensitive,sensitivity,dullness,2026-05-07
5719,oily,acne,pigmentation,2024-09-29
5720,combination,dehydration,pigmentation,2025-02-02
5721,normal,dehydration,acne,2025-12-27
5722,combination,dullness,acne,2024-10-02
5723,sensitive,sensitivity,dehydration,2025-02-03
5724,combination,acne,sensitivity,2024-11-17
5725,dry,dehydration,dullness,2026-02-26
5726,dry,acne,aging,2026-06-30
5727,combination,sensitivity,acne,2026-05-22
5728,oily,aging,dullness,2025-06-07
5729,combination,acne,pigmentation,2024-12-08
5730,combination,dehydration,aging,2024-09-07
5731,normal,dehydration,aging,2024-08-03
5732,oily,aging,pigmentation,2025-04-25
5733,normal,pigmentation,aging,2025-04-01
5734,combination,acne,aging,2025-12-06
5735,sensitive,sensitivity,dullness,2026-07-06
5736,combination,pigmentation,sensitivity,2026-02-14
5737,dry,sensitivity,aging,2026-05-27
5738,normal,dullness,dehydration,2025-02-21
5739,dry,dehydration,pigmentation,2025-07-04
5740,oily,dehydration,sensitivity,2024-12-20
5741,sensitive,sensitivity,aging,2026-03-20
5742,sensitive,acne,sensitivity,2024-09-07
5743,normal,sensitivity,acne,2025-01-27
5744,combination,acne,pigmentation,2024-09-12
5745,oily,sensitivity,dullness,2025-03-19
5746,oily,pigmentation,aging,2025-10-31
5747,combination,sensitivity,dehydration,2025-04-05
5748,dry,acne,dehydration,2025-04-21
5749,normal,aging,sensitivity,2026-02-24
5750,oily,dullness,sensitivity,2026-04-23
5751,normal,sensitivity,pigmentation,2025-03-18
5752,dry,acne,aging,2026-04-28
5753,oily,acne,sensitivity,2026-04-24
5754,dry,dullness,pigmentation,2026-05-15
5755,oily,acne,aging,2025-04-08
5756,combination,dehydration,sensitivity,2024-08-28
5757,dry,acne,dullness,2025-07-08
5758,combination,sensitivity,dullness,2026-03-17
5759,combination,dullness,pigmentation,2025-06-27
5760,oily,sensitivity,pigmentation,2025-07-19
5761,oily,acne,dullness,2025-04-29
5762,oily,pigmentation,aging,2025-08-24
5763,oily,aging,sensitivity,2025-06-13
5764,oily,acne,dehydration,2025-11-11
5765,dry,acne,aging,2024-09-12
5766,combination,pigmentation,dullness,2025-06-08
5767,dry,dehydration,pigmentation,2025-11-21
5768,dry,dehydration,dullness,2026-07-04
5769,combination,acne,dehydration,2025-02-25
5770,combination,acne,sensitivity,2025-10-02
5771,dry,dullness,dehydration,2026-01-05
5772,dry,aging,pigmentation,2025-07-21
5773,combination,dehydration,sensitivity,2025-07-17
5774,oily,pigmentation,dullness,2024-11-26
5775,combination,aging,sensitivity,2025-06-05
5776,normal,pigmentation,dullness,2025-02-09
5777,dry,pigmentation,acne,2025-03-20
5778,oily,dehydration,dullness,2024-10-23
5779,sensitive,aging,sensitivity,2026-07-02
5780,oily,dullness,acne,2025-10-04
5781,oily,acne,dehydration,2025-01-30
5782,oily,dullness,pigmentation,2026-03-25
5783,normal,aging,sensitivity,2025-08-17
5784,normal,sensitivity,dehydration,2025-09-16
5785,combination,aging,dullness,2024-11-25
5786,sensitive,acne,aging,2024-08-02
5787,sensitive,dehydration,sensitivity,2026-04-20
5788,sensitive,acne,pigmentation,2026-01-31
5789,combination,sensitivity,acne,2024-12-18
5790,normal,aging,acne,2026-03-01
5791,sensitive,dehydration,dullness,2025-07-08
5792,oily,dullness,acne,2024-08-15
5793,dry,aging,sensitivity,2024-07-24
5794,normal,dullness,sensitivity,2024-08-11
5795,combination,pigmentation,aging,2026-03-30
5796,dry,acne,dullness,2026-03-19
5797,normal,dehydration,sensitivity,2026-02-28
5798,sensitive,sensitivity,dullness,2024-12-21
5799,combination,sensitivity,aging,2026-02-26
5800,combination,pigmentation,dullness,2025-08-26
5801,oily,aging,dullness,2024-11-15
5802,dry,aging,dehydration,2025-07-12
5803,combination,dehydration,sensitivity,2024-08-18
5804,normal,dullness,pigmentation,2025-07-07
5805,dry,dehydration,pigmentation,2025-10-02
5806,oily,sensitivity,dullness,2024-07-29
5807,combination,aging,sensitivity,2025-06-02
5808,normal,dullness,aging,2026-02-22
5809,combination,dullness,pigmentation,2025-03-30
5810,dry,sensitivity,acne,2024-12-18
5811,sensitive,aging,dullness,2024-11-01
5812,sensitive,pigmentation,acne,2026-07-02
5813,dry,aging,dehydration,2026-04-18
5814,normal,dullness,pigmentation,2025-04-03
5815,combination,sensitivity,dullness,2025-01-10
5816,oily,dehydration,aging,2025-03-16
5817,combination,acne,aging,2025-09-30
5818,normal,dullness,sensitivity,2025-01-02
5819,dry,acne,dullness,2025-05-09
5820,combination,aging,dullness,2024-08-29
5821,sensitive,sensitivity,pigmentation,2025-10-11
5822,sensitive,sensitivity,aging,2025-01-01
5823,normal,acne,aging,2026-03-23
5824,oily,acne,aging,2025-01-17
5825,combination,dehydration,dullness,2025-01-18
5826,combination,aging,dehydration,2026-01-02
5827,oily,aging,pigmentation,2026-05-22
5828,sensitive,sensitivity,dehydration,2024-07-11
5829,oily,sensitivity,dullness,2026-05-12
5830,combination,sensitivity,acne,2025-07-29
5831,dry,dehydration,acne,2026-07-06
5832,oily,sensitivity,dehydration,2025-09-04
5833,normal,dehydration,sensitivity,2024-11-13
5834,dry,sensitivity,aging,2025-07-05
5835,dry,dullness,acne,2026-01-12
5836,normal,acne,sensitivity,2025-09-21
5837,normal,dehydration,dullness,2026-04-30
5838,oily,sensitivity,pigmentation,2025-04-29
5839,dry,pigmentation,dehydration,2026-07-03
5840,sensitive,aging,acne,2025-10-24
5841,sensitive,dullness,aging,2026-05-23
5842,normal,dullness,acne,2026-01-12
5843,combination,dehydration,sensitivity,2026-05-18
5844,oily,aging,pigmentation,2024-08-27
5845,normal,sensitivity,aging,2024-12-19
5846,oily,dehydration,sensitivity,2024-08-27
5847,oily,sensitivity,acne,2025-02-22
5848,sensitive,dullness,sensitivity,2025-07-09
5849,sensitive,acne,dehydration,2026-03-01
5850,oily,sensitivity,dehydration,2024-08-02
5851,oily,acne,dullness,2024-09-04
5852,combination,pigmentation,aging,2025-09-06
5853,dry,pigmentation,acne,2026-01-23
5854,sensitive,pigmentation,sensitivity,2025-09-26
5855,combination,dehydration,pigmentation,2025-09-21
5856,combination,aging,dullness,2024-09-04
5857,combination,pigmentation,acne,2026-05-19
5858,dry,acne,pigmentation,2025-03-31
5859,dry,pigmentation,sensitivity,2024-12-22
5860,sensitive,dehydration,pigmentation,2024-12-26
5861,combination,dehydration,pigmentation,2026-02-15
5862,combination,pigmentation,dehydration,2025-09-08
5863,combination,acne,aging,2025-10-29
5864,dry,dullness,acne,2025-09-12
5865,normal,dehydration,acne,2026-05-04
5866,combination,acne,dullness,2026-05-07
5867,sensitive,dehydration,aging,2026-06-19
5868,normal,pigmentation,sensitivity,2024-07-30
5869,normal,pigmentation,aging,2025-09-05
5870,sensitive,dullness,aging,2026-01-21
5871,sensitive,acne,pigmentation,2024-11-30
5872,combination,pigmentation,dullness,2025-07-10
5873,sensitive,acne,aging,2025-10-13
5874,dry,pigmentation,dullness,2026-04-14
5875,sensitive,dehydration,acne,2025-09-27
5876,oily,pigmentation,dullness,2025-03-21
5877,normal,acne,dullness,2025-04-07
5878,dry,pigmentation,sensitivity,2025-09-24
5879,sensitive,acne,sensitivity,2025-04-14
5880,oily,dullness,sensitivity,2024-12-22
5881,oily,sensitivity,pigmentation,2024-08-25
5882,normal,pigmentation,sensitivity,2025-06-15
5883,normal,dehydration,sensitivity,2026-01-21
5884,dry,aging,sensitivity,2026-04-03
5885,oily,acne,aging,2026-03-13
5886,normal,dehydration,aging,2026-06-29
5887,normal,pigmentation,aging,2025-05-25
5888,oily,dullness,aging,2026-02-01
5889,sensitive,dullness,sensitivity,2026-01-22
5890,dry,dullness,acne,2025-01-23
5891,sensitive,acne,dullness,2025-11-15
5892,combination,pigmentation,dehydration,2024-11-08
5893,oily,dehydration,pigmentation,2026-03-28
5894,dry,sensitivity,pigmentation,2025-10-30
5895,combination,acne,dehydration,2026-05-30
5896,sensitive,aging,sensitivity,2025-06-10
5897,oily,sensitivity,pigmentation,2026-04-06
5898,normal,pigmentation,dullness,2026-01-12
5899,sensitive,aging,sensitivity,2025-01-15
5900,normal,sensitivity,dehydration,2024-10-01
5901,normal,sensitivity,dehydration,2025-06-03
5902,oily,dullness,sensitivity,2024-07-31
5903,oily,dehydration,acne,2024-12-30
5904,sensitive,dullness,dehydration,2025-01-02
5905,oily,pigmentation,dehydration,2024-07-12
5906,oily,sensitivity,pigmentation,2026-05-03
5907,combination,acne,sensitivity,2026-01-18
5908,normal,acne,dullness,2025-08-21
5909,sensitive,dullness,sensitivity,2025-04-10
5910,combination,sensitivity,dehydration,2024-07-12
5911,oily,dehydration,dullness,2026-04-25
5912,dry,dehydration,acne,2026-01-20
5913,sensitive,aging,dullness,2025-12-01
5914,oily,aging,dehydration,2025-03-03
5915,combination,aging,dehydration,2024-08-10
5916,oily,pigmentation,dehydration,2024-08-19
5917,dry,aging,pigmentation,2025-01-06
5918,dry,acne,sensitivity,2024-12-18
5919,sensitive,pigmentation,sensitivity,2025-09-06
5920,normal,sensitivity,dehydration,2025-04-17
5921,oily,dehydration,sensitivity,2026-03-04
5922,sensitive,acne,pigmentation,2025-07-01
5923,sensitive,pigmentation,acne,2025-12-05
5924,normal,pigmentation,sensitivity,2024-08-27
5925,normal,pigmentation,dullness,2025-10-11
5926,oily,dehydration,aging,2025-09-21
5927,sensitive,sensitivity,acne,2025-09-15
5928,combination,dehydration,aging,2024-09-16
5929,oily,aging,pigmentation,2024-08-24
5930,dry,acne,dullness,2025-08-25
5931,normal,acne,dehydration,2024-07-09
5932,combination,dehydration,aging,2024-12-30
5933,dry,dehydration,dullness,2024-10-26
5934,dry,dullness,acne,2024-09-05
5935,normal,dullness,sensitivity,2025-11-05
5936,dry,sensitivity,pigmentation,2025-05-30
5937,oily,dehydration,acne,2025-12-10
5938,combination,acne,pigmentation,2025-11-22
5939,normal,aging,acne,2025-08-01
5940,oily,acne,aging,2026-05-30
5941,dry,aging,acne,2026-01-30
5942,combination,dullness,dehydration,2024-11-22
5943,oily,pigmentation,dullness,2026-03-07
5944,sensitive,acne,aging,2025-04-08
5945,dry,aging,dullness,2024-12-24
5946,oily,dullness,aging,2025-12-26
5947,dry,dehydration,pigmentation,2025-08-05
5948,normal,acne,sensitivity,2024-10-03
5949,normal,pigmentation,acne,2024-11-03
5950,combination,dehydration,sensitivity,2024-09-02
5951,combination,dehydration,dullness,2025-04-03
5952,normal,sensitivity,acne,2024-09-26
5953,oily,dehydration,dullness,2025-09-18
5954,sensitive,sensitivity,dullness,2025-04-23
5955,sensitive,dullness,aging,2025-03-06
5956,sensitive,sensitivity,aging,2024-07-23
5957,dry,aging,dullness,2025-10-10
5958,sensitive,sensitivity,acne,2024-10-05
5959,sensitive,aging,dullness,2025-06-29
5960,normal,aging,pigmentation,2026-04-21
5961,oily,dehydration,pigmentation,2025-03-14
5962,sensitive,aging,dehydration,2024-07-19
5963,normal,acne,pigmentation,2025-08-09
5964,dry,sensitivity,acne,2025-05-31
5965,sensitive,aging,dehydration,2024-08-28
5966,oily,sensitivity,dullness,2024-09-02
5967,sensitive,aging,pigmentation,2025-09-17
5968,sensitive,sensitivity,dullness,2024-12-28
5969,oily,dullness,aging,2025-04-01
5970,oily,dehydration,acne,2025-03-20
5971,sensitive,dehydration,acne,2025-01-26
5972,dry,pigmentation,sensitivity,2025-11-10
5973,combination,dehydration,sensitivity,2025-11-26
5974,oily,sensitivity,dehydration,2026-06-17
5975,normal,dullness,pigmentation,2024-10-19
5976,combination,sensitivity,acne,2025-12-16
5977,normal,sensitivity,acne,2025-03-01
5978,oily,dullness,pigmentation,2025-02-20
5979,dry,aging,acne,2025-02-07
5980,sensitive,sensitivity,pigmentation,2024-10-14
5981,sensitive,pigmentation,sensitivity,2024-10-10
5982,sensitive,dullness,acne,2026-07-05
5983,normal,dehydration,aging,2024-10-30
5984,normal,sensitivity,aging,2026-02-04
5985,oily,pigmentation,dehydration,2025-03-22
5986,dry,acne,aging,2025-03-01
5987,normal,aging,dullness,2026-05-28
5988,combination,sensitivity,acne,2025-12-11
5989,normal,dullness,dehydration,2024-09-09
5990,combination,acne,sensitivity,2026-03-25
5991,oily,acne,dullness,2026-01-18
5992,combination,aging,dehydration,2026-05-08
5993,normal,aging,pigmentation,2026-03-07
5994,sensitive,acne,sensitivity,2025-03-27
5995,oily,aging,dehydration,2024-10-30
5996,dry,aging,dehydration,2025-04-28
5997,normal,pigmentation,dehydration,2025-12-10
5998,normal,pigmentation,acne,2024-10-17
5999,sensitive,dullness,pigmentation,2025-10-11
6000,oily,sensitivity,aging,2025-11-18
6001,sensitive,sensitivity,pigmentation,2025-07-02
6002,normal,dullness,sensitivity,2026-03-29
6003,sensitive,acne,pigmentation,2025-10-19
6004,combination,sensitivity,dullness,2024-11-29
6005,combination,sensitivity,dehydration,2025-04-18
6006,dry,pigmentation,sensitivity,2024-07-14
6007,dry,aging,dehydration,2024-12-16
6008,sensitive,acne,dullness,2025-10-16
6009,oily,dehydration,dullness,2024-12-23
6010,oily,dehydration,pigmentation,2024-10-12
6011,dry,acne,sensitivity,2025-04-01
6012,sensitive,dehydration,pigmentation,2024-12-26
6013,sensitive,aging,sensitivity,2025-07-04
6014,combination,dullness,acne,2024-09-08
6015,combination,pigmentation,dullness,2026-01-14
6016,oily,dehydration,pigmentation,2025-08-30
6017,dry,aging,dehydration,2026-01-02
6018,oily,sensitivity,dullness,2026-04-23
6019,sensitive,acne,dehydration,2025-04-12
6020,sensitive,dullness,sensitivity,2026-04-11
6021,dry,pigmentation,acne,2026-01-22
6022,dry,sensitivity,aging,2024-12-26
6023,dry,dullness,aging,2026-01-11
6024,normal,dehydration,aging,2024-10-13
6025,combination,acne,sensitivity,2026-06-01
6026,sensitive,dehydration,dullness,2025-08-06
6027,combination,acne,aging,2026-05-18
6028,sensitive,aging,dehydration,2026-05-24
6029,combination,pigmentation,acne,2024-12-05
6030,dry,acne,aging,2026-05-19
6031,normal,dullness,pigmentation,2024-09-22
6032,sensitive,pigmentation,aging,2025-04-25
6033,sensitive,dullness,aging,2025-07-19
6034,normal,dehydration,aging,2024-09-03
6035,dry,pigmentation,dehydration,2025-09-26
6036,oily,dehydration,pigmentation,2025-09-17
6037,combination,pigmentation,sensitivity,2025-09-10
6038,dry,pigmentation,dullness,2025-03-18
6039,combination,dullness,sensitivity,2024-10-25
6040,dry,dullness,sensitivity,2025-06-05
6041,dry,dullness,dehydration,2025-12-13
6042,dry,pigmentation,acne,2024-09-24
6043,dry,dullness,pigmentation,2025-04-25
6044,sensitive,pigmentation,dehydration,2024-11-05
6045,combination,pigmentation,acne,2025-08-25
6046,combination,sensitivity,dullness,2026-02-11
6047,oily,acne,dullness,2024-08-15
6048,combination,aging,dullness,2025-02-26
6049,oily,aging,sensitivity,2025-11-24
6050,dry,pigmentation,aging,2024-10-25
6051,combination,dehydration,aging,2026-06-30
6052,oily,aging,dullness,2024-08-25
6053,dry,dehydration,pigmentation,2025-05-10
6054,dry,aging,dehydration,2025-05-01
6055,normal,sensitivity,acne,2026-06-27
6056,normal,dehydration,pigmentation,2026-02-28
6057,oily,pigmentation,dullness,2025-01-26
6058,sensitive,sensitivity,pigmentation,2025-05-24
6059,sensitive,sensitivity,dehydration,2026-04-04
6060,dry,dullness,sensitivity,2025-03-07
6061,combination,acne,dullness,2025-01-07
6062,sensitive,dullness,dehydration,2025-12-19
6063,dry,dehydration,acne,2025-02-18
6064,oily,aging,dehydration,2024-07-25
6065,dry,acne,dehydration,2025-07-19
6066,dry,dullness,dehydration,2026-01-20
6067,dry,dehydration,dullness,2024-08-02
6068,dry,pigmentation,aging,2024-09-08
6069,oily,aging,acne,2025-08-07
6070,normal,acne,pigmentation,2025-08-30
6071,oily,dehydration,dullness,2024-11-04
6072,sensitive,sensitivity,dullness,2026-07-06
6073,sensitive,dehydration,dullness,2025-11-20
6074,sensitive,aging,pigmentation,2025-06-04
6075,normal,acne,sensitivity,2025-03-15
6076,oily,aging,acne,2025-04-03
6077,dry,sensitivity,dehydration,2025-10-09
6078,oily,acne,pigmentation,2024-10-09
6079,combination,pigmentation,sensitivity,2025-03-19
6080,sensitive,sensitivity,dehydration,2025-06-06
6081,normal,dullness,sensitivity,2024-08-19
6082,dry,pigmentation,acne,2026-04-29
6083,dry,acne,dullness,2025-02-03
6084,normal,aging,sensitivity,2024-08-28
6085,sensitive,dullness,sensitivity,2025-03-10
6086,sensitive,sensitivity,acne,2025-05-19
6087,combination,sensitivity,dehydration,2025-10-13
6088,combination,aging,acne,2025-12-20
6089,dry,aging,sensitivity,2025-06-02
6090,sensitive,sensitivity,dehydration,2024-09-17
6091,dry,dehydration,sensitivity,2025-08-03
6092,normal,pigmentation,sensitivity,2026-04-09
6093,oily,dehydration,pigmentation,2025-07-18
6094,combination,dehydration,aging,2026-04-26
6095,dry,pigmentation,aging,2024-08-21
6096,sensitive,sensitivity,dullness,2025-06-10
6097,sensitive,pigmentation,sensitivity,2026-01-31
6098,normal,dullness,aging,2025-04-06
6099,sensitive,aging,dehydration,2025-06-08
6100,dry,dehydration,sensitivity,2025-06-28
6101,dry,sensitivity,acne,2025-04-30
6102,normal,aging,dullness,2024-08-26
6103,combination,aging,dehydration,2024-10-19
6104,oily,dehydration,dullness,2025-12-26
6105,normal,sensitivity,acne,2026-01-12
6106,sensitive,sensitivity,acne,2024-07-13
6107,oily,dehydration,sensitivity,2025-03-22
6108,sensitive,dehydration,acne,2026-06-22
6109,sensitive,dehydration,aging,2025-06-14
6110,sensitive,sensitivity,pigmentation,2026-04-11
6111,normal,acne,dullness,2026-06-15
6112,combination,dullness,sensitivity,2026-02-21
6113,combination,acne,sensitivity,2026-01-01
6114,sensitive,dullness,dehydration,2026-05-09
6115,oily,aging,dehydration,2024-11-03
6116,oily,pigmentation,dehydration,2025-08-20
6117,normal,sensitivity,dehydration,2025-05-29
6118,dry,dehydration,pigmentation,2024-10-12
6119,combination,dullness,dehydration,2024-11-02
6120,dry,sensitivity,aging,2024-11-14
6121,dry,acne,aging,2026-02-13
6122,combination,dullness,sensitivity,2025-01-08
6123,normal,acne,sensitivity,2024-07-09
6124,combination,pigmentation,acne,2026-07-01
6125,oily,pigmentation,dullness,2024-10-10
6126,dry,dullness,acne,2024-10-12
6127,oily,dullness,acne,2024-10-29
6128,normal,dehydration,dullness,2025-09-20
6129,dry,aging,pigmentation,2026-02-11
6130,dry,sensitivity,pigmentation,2025-01-18
6131,oily,aging,dullness,2025-04-07
6132,combination,acne,pigmentation,2025-01-21
6133,normal,acne,pigmentation,2025-12-31
6134,combination,acne,dehydration,2026-02-27
6135,sensitive,aging,acne,2024-09-15
6136,oily,aging,pigmentation,2025-06-25
6137,oily,sensitivity,acne,2024-10-22
6138,sensitive,acne,pigmentation,2024-08-28
6139,oily,pigmentation,aging,2025-08-05
6140,combination,sensitivity,dullness,2025-12-26
6141,dry,acne,pigmentation,2024-09-20
6142,oily,aging,acne,2025-01-30
6143,combination,pigmentation,acne,2025-03-07
6144,normal,dullness,dehydration,2024-08-05
6145,oily,sensitivity,dullness,2026-01-07
6146,normal,pigmentation,dehydration,2025-10-16
6147,combination,aging,pigmentation,2026-06-08
6148,sensitive,aging,dehydration,2025-09-26
6149,oily,dehydration,acne,2025-08-14
6150,normal,sensitivity,acne,2025-08-10
6151,oily,acne,dehydration,2026-03-18
6152,normal,aging,pigmentation,2024-11-22
6153,sensitive,dehydration,sensitivity,2025-07-14
6154,dry,acne,dullness,2025-08-19
6155,oily,dehydration,aging,2024-10-13
6156,sensitive,pigmentation,sensitivity,2025-07-16
6157,oily,dullness,aging,2024-09-22
6158,sensitive,sensitivity,dullness,2026-01-25
6159,sensitive,dullness,aging,2024-10-23
6160,dry,sensitivity,dehydration,2024-07-14
6161,dry,dullness,aging,2025-01-04
6162,dry,pigmentation,dehydration,2024-09-22
6163,dry,dehydration,pigmentation,2025-01-11
6164,oily,dullness,acne,2025-04-24
6165,dry,pigmentation,acne,2024-12-25
6166,sensitive,acne,aging,2024-08-03
6167,dry,dullness,pigmentation,2025-04-20
6168,sensitive,dullness,pigmentation,2025-02-19
6169,normal,dehydration,sensitivity,2026-05-10
6170,sensitive,acne,dullness,2024-08-04
6171,combination,dullness,dehydration,2024-12-15
6172,dry,dehydration,aging,2026-03-10
6173,normal,sensitivity,aging,2025-12-07
6174,dry,sensitivity,pigmentation,2026-01-23
6175,combination,pigmentation,aging,2025-11-15
6176,combination,pigmentation,aging,2024-09-27
6177,sensitive,dullness,pigmentation,2025-08-01
6178,combination,aging,pigmentation,2025-09-03
6179,sensitive,pigmentation,dullness,2024-12-14
6180,normal,acne,sensitivity,2025-10-08
6181,dry,acne,dullness,2024-09-27
6182,normal,aging,dehydration,2025-01-01
6183,oily,dehydration,pigmentation,2025-12-31
6184,normal,acne,dehydration,2025-04-02
6185,oily,acne,sensitivity,2025-07-19
6186,normal,pigmentation,dehydration,2025-10-28
6187,dry,sensitivity,pigmentation,2024-09-12
6188,normal,sensitivity,dullness,2025-09-19
6189,oily,aging,sensitivity,2026-04-12
6190,combination,acne,aging,2025-09-11
6191,normal,acne,dullness,2025-06-24
6192,oily,sensitivity,aging,2026-04-05
6193,dry,aging,dullness,2025-01-10
6194,oily,acne,pigmentation,2026-01-20
6195,dry,sensitivity,dullness,2026-04-30
6196,dry,dullness,dehydration,2025-06-09
6197,sensitive,aging,sensitivity,2026-03-11
6198,dry,aging,acne,2024-12-12
6199,oily,pigmentation,dullness,2026-05-17
6200,oily,sensitivity,pigmentation,2025-09-03
6201,normal,dehydration,dullness,2026-05-30
6202,normal,pigmentation,aging,2025-09-29
6203,dry,dehydration,aging,2024-08-23
6204,oily,pigmentation,aging,2025-03-18
6205,oily,aging,pigmentation,2025-06-10
6206,normal,dehydration,pigmentation,2026-03-14
6207,sensitive,acne,pigmentation,2025-11-20
6208,sensitive,dehydration,aging,2025-10-01
6209,dry,pigmentation,aging,2025-05-10
6210,sensitive,dehydration,acne,2026-02-04
6211,oily,aging,sensitivity,2024-07-06
6212,sensitive,acne,dehydration,2025-03-17
6213,combination,dehydration,pigmentation,2025-11-21
6214,dry,pigmentation,acne,2026-04-15
6215,sensitive,sensitivity,aging,2025-04-28
6216,sensitive,sensitivity,pigmentation,2025-08-13
6217,combination,pigmentation,dullness,2025-03-01
6218,oily,dullness,aging,2025-04-27
6219,oily,aging,acne,2025-03-25
6220,normal,dullness,dehydration,2024-11-04
6221,dry,dullness,pigmentation,2025-06-18
6222,dry,pigmentation,dehydration,2025-01-23
6223,sensitive,dullness,sensitivity,2025-10-17
6224,dry,pigmentation,aging,2024-08-16
6225,dry,sensitivity,dehydration,2025-09-11
6226,sensitive,sensitivity,acne,2025-02-25
6227,combination,acne,sensitivity,2024-07-07
6228,sensitive,dehydration,sensitivity,2025-10-24
6229,oily,sensitivity,aging,2026-04-23
6230,combination,acne,pigmentation,2026-01-18
6231,combination,dehydration,pigmentation,2026-01-09
6232,sensitive,sensitivity,dehydration,2026-05-26
6233,oily,pigmentation,dehydration,2025-06-04
6234,oily,dullness,acne,2025-12-16
6235,sensitive,dehydration,sensitivity,2026-04-27
6236,sensitive,aging,pigmentation,2026-03-28
6237,normal,pigmentation,dullness,2025-12-19
6238,dry,aging,sensitivity,2025-10-10
6239,normal,aging,pigmentation,2024-07-24
6240,dry,dehydration,aging,2025-02-08
6241,sensitive,aging,acne,2025-01-30
6242,oily,aging,dullness,2025-02-16
6243,normal,sensitivity,aging,2024-11-26
6244,dry,dullness,acne,2025-11-16
6245,normal,sensitivity,acne,2026-04-25
6246,dry,dehydration,acne,2025-06-30
6247,sensitive,sensitivity,dehydration,2026-07-06
6248,combination,pigmentation,acne,2026-01-29
6249,oily,sensitivity,dehydration,2025-01-02
6250,oily,sensitivity,dehydration,2025-07-04
6251,sensitive,acne,sensitivity,2025-02-17
6252,oily,aging,dullness,2025-06-29
6253,dry,aging,pigmentation,2025-06-05
6254,combination,aging,acne,2025-11-28
6255,dry,dehydration,dullness,2026-01-28
6256,oily,dehydration,aging,2025-12-29
6257,sensitive,pigmentation,aging,2024-11-30
6258,sensitive,dullness,acne,2024-07-20
6259,sensitive,sensitivity,dullness,2026-05-08
6260,normal,aging,dullness,2025-06-09
6261,oily,sensitivity,aging,2025-07-28
6262,combination,dullness,pigmentation,2025-05-22
6263,dry,sensitivity,aging,2026-01-17
6264,normal,sensitivity,dullness,2026-07-01
6265,combination,acne,pigmentation,2026-02-08
6266,oily,dehydration,acne,2026-02-24
6267,sensitive,pigmentation,acne,2026-05-29
6268,oily,dehydration,pigmentation,2025-10-19
6269,dry,dehydration,sensitivity,2025-02-22
6270,sensitive,pigmentation,aging,2024-07-30
6271,combination,acne,dullness,2025-03-13
6272,sensitive,aging,pigmentation,2026-02-28
6273,combination,pigmentation,aging,2025-10-15
6274,normal,dullness,dehydration,2025-11-27
6275,combination,acne,aging,2026-02-01
6276,oily,acne,aging,2024-07-13
6277,oily,aging,dullness,2025-03-14
6278,sensitive,dehydration,acne,2025-07-20
6279,oily,pigmentation,sensitivity,2025-08-21
6280,dry,pigmentation,acne,2025-11-16
6281,oily,acne,aging,2025-09-05
6282,dry,pigmentation,sensitivity,2025-03-30
6283,combination,pigmentation,acne,2024-08-27
6284,oily,pigmentation,aging,2025-07-09
6285,combination,aging,pigmentation,2026-02-21
6286,normal,pigmentation,aging,2024-08-06
6287,oily,dehydration,aging,2025-11-18
6288,oily,aging,acne,2026-05-07
6289,dry,dehydration,dullness,2025-06-04
6290,normal,dullness,acne,2024-12-06
6291,combination,dullness,pigmentation,2025-12-30
6292,sensitive,dullness,dehydration,2025-12-14
6293,oily,sensitivity,aging,2025-12-07
6294,sensitive,pigmentation,acne,2024-11-24
6295,oily,sensitivity,acne,2024-08-06
6296,sensitive,pigmentation,aging,2024-10-25
6297,oily,acne,dehydration,2026-01-22
6298,normal,dehydration,pigmentation,2024-10-24
6299,dry,sensitivity,aging,2025-11-22
6300,oily,acne,aging,2024-10-11
6301,dry,dullness,dehydration,2024-07-12
6302,oily,dullness,pigmentation,2025-01-28
6303,oily,pigmentation,dullness,2024-08-07
6304,combination,dullness,pigmentation,2026-03-24
6305,dry,dehydration,pigmentation,2025-03-15
6306,dry,dullness,sensitivity,2026-05-30
6307,normal,dullness,sensitivity,2025-03-17
6308,oily,sensitivity,dullness,2025-10-30
6309,dry,pigmentation,dullness,2024-07-27
6310,oily,dullness,aging,2025-07-10
6311,combination,pigmentation,dehydration,2024-12-26
6312,dry,sensitivity,dehydration,2025-11-27
6313,oily,pigmentation,dehydration,2026-05-13
6314,oily,sensitivity,aging,2025-01-10
6315,normal,dullness,acne,2026-01-25
6316,oily,pigmentation,dehydration,2025-01-24
6317,sensitive,dehydration,pigmentation,2025-08-01
6318,normal,pigmentation,acne,2024-07-26
6319,combination,pigmentation,sensitivity,2025-10-22
6320,dry,aging,dullness,2025-09-17
6321,sensitive,dehydration,sensitivity,2025-01-11
6322,normal,aging,dullness,2024-12-09
6323,oily,dullness,pigmentation,2026-04-06
6324,normal,dullness,sensitivity,2025-01-11
6325,normal,pigmentation,dullness,2025-07-12
6326,oily,pigmentation,acne,2024-07-14
6327,oily,pigmentation,aging,2025-04-01
6328,sensitive,pigmentation,aging,2024-12-18
6329,oily,sensitivity,acne,2025-10-28
6330,sensitive,aging,dehydration,2025-12-11
6331,oily,aging,dullness,2024-12-10
6332,sensitive,dehydration,aging,2026-06-25
6333,dry,dehydration,aging,2025-05-08
6334,oily,dehydration,sensitivity,2024-07-29
6335,oily,dullness,acne,2024-07-12
6336,oily,sensitivity,pigmentation,2025-01-29
6337,combination,sensitivity,acne,2025-07-08
6338,oily,pigmentation,dehydration,2024-11-19
6339,normal,acne,dehydration,2026-06-26
6340,sensitive,aging,dehydration,2024-12-04
6341,dry,sensitivity,dullness,2026-02-18
6342,normal,sensitivity,dehydration,2025-01-15
6343,sensitive,dehydration,sensitivity,2025-10-25
6344,sensitive,dehydration,sensitivity,2025-01-03
6345,oily,pigmentation,dullness,2025-04-21
6346,sensitive,dullness,aging,2024-08-26
6347,combination,pigmentation,aging,2024-12-08
6348,normal,dullness,acne,2024-09-06
6349,combination,pigmentation,dehydration,2026-03-18
6350,sensitive,acne,pigmentation,2025-10-02
6351,dry,sensitivity,acne,2025-08-21
6352,oily,sensitivity,acne,2026-06-14
6353,oily,dehydration,sensitivity,2026-06-20
6354,normal,dullness,acne,2026-06-08
6355,sensitive,pigmentation,acne,2024-12-23
6356,dry,dullness,sensitivity,2025-08-14
6357,sensitive,dehydration,acne,2025-01-03
6358,oily,dullness,sensitivity,2024-11-03
6359,oily,pigmentation,acne,2026-06-10
6360,combination,aging,pigmentation,2024-10-25
6361,sensitive,sensitivity,dullness,2026-01-23
6362,normal,pigmentation,dehydration,2025-09-14
6363,sensitive,sensitivity,acne,2024-08-02
6364,dry,dehydration,dullness,2025-11-28
6365,normal,sensitivity,acne,2024-08-18
6366,combination,dullness,dehydration,2025-07-01
6367,normal,pigmentation,sensitivity,2026-06-27
6368,oily,acne,pigmentation,2024-11-05
6369,oily,dullness,dehydration,2026-06-04
6370,oily,aging,sensitivity,2025-03-28
6371,normal,acne,pigmentation,2025-08-05
6372,oily,sensitivity,pigmentation,2026-03-26
6373,normal,sensitivity,dullness,2025-06-25
6374,sensitive,aging,dullness,2025-10-15
6375,oily,dehydration,aging,2026-04-25
6376,normal,aging,dullness,2025-05-26
6377,oily,aging,acne,2026-06-04
6378,oily,dullness,dehydration,2025-06-08
6379,combination,aging,acne,2026-01-22
6380,dry,dehydration,aging,2024-11-06
6381,dry,pigmentation,sensitivity,2024-08-11
6382,oily,dehydration,acne,2024-08-24
6383,sensitive,sensitivity,pigmentation,2024-08-20
6384,oily,sensitivity,dehydration,2026-04-24
6385,dry,acne,dehydration,2025-06-29
6386,combination,acne,pigmentation,2026-01-23
6387,combination,dullness,dehydration,2026-04-27
6388,sensitive,sensitivity,pigmentation,2025-09-23
6389,dry,sensitivity,dullness,2025-08-27
6390,sensitive,sensitivity,pigmentation,2025-12-02
6391,sensitive,acne,sensitivity,2026-04-14
6392,dry,dullness,acne,2025-09-11
6393,dry,dehydration,dullness,2026-03-15
6394,combination,dullness,aging,2026-06-07
6395,combination,dehydration,pigmentation,2025-08-11
6396,oily,pigmentation,acne,2026-05-19
6397,combination,aging,sensitivity,2024-07-30
6398,oily,aging,dullness,2024-11-01
6399,combination,sensitivity,pigmentation,2024-08-29
6400,normal,pigmentation,dehydration,2026-04-23
6401,combination,pigmentation,acne,2025-08-01
6402,sensitive,acne,sensitivity,2024-11-11
6403,dry,acne,pigmentation,2025-05-12
6404,normal,sensitivity,acne,2025-11-24
6405,normal,sensitivity,aging,2024-11-06
6406,normal,pigmentation,dehydration,2025-11-22
6407,sensitive,dehydration,aging,2024-07-25
6408,sensitive,dullness,sensitivity,2026-04-24
6409,combination,sensitivity,dehydration,2025-02-05
6410,normal,pigmentation,dehydration,2026-06-27
6411,normal,sensitivity,pigmentation,2024-09-06
6412,combination,aging,sensitivity,2025-10-20
6413,oily,dehydration,dullness,2026-06-22
6414,oily,aging,dehydration,2024-11-03
6415,dry,dehydration,pigmentation,2024-07-29
6416,oily,aging,pigmentation,2024-09-02
6417,dry,sensitivity,acne,2025-07-16
6418,oily,dullness,acne,2026-05-22
6419,normal,pigmentation,sensitivity,2026-01-21
6420,oily,sensitivity,dehydration,2026-06-14
6421,sensitive,dehydration,sensitivity,2026-06-04
6422,dry,aging,acne,2026-03-12
6423,oily,acne,sensitivity,2025-05-21
6424,sensitive,sensitivity,pigmentation,2024-12-23
6425,normal,dehydration,aging,2025-05-05
6426,sensitive,dehydration,pigmentation,2026-02-07
6427,normal,dehydration,aging,2025-04-23
6428,combination,dullness,sensitivity,2026-01-19
6429,sensitive,pigmentation,aging,2025-08-03
6430,oily,pigmentation,acne,2024-09-25
6431,normal,acne,aging,2026-03-30
6432,sensitive,acne,pigmentation,2024-10-05
6433,dry,dehydration,dullness,2025-12-20
6434,dry,sensitivity,dehydration,2025-03-04
6435,sensitive,acne,dehydration,2025-12-28
6436,oily,dullness,acne,2026-03-09
6437,normal,acne,aging,2025-08-11
6438,dry,aging,acne,2025-10-01
6439,oily,dehydration,aging,2025-07-01
6440,dry,dehydration,pigmentation,2026-01-15
6441,normal,sensitivity,dullness,2024-07-21
6442,dry,pigmentation,dehydration,2025-03-02
6443,combination,sensitivity,dehydration,2024-10-30
6444,normal,dehydration,aging,2024-12-13
6445,oily,aging,dehydration,2025-01-23
6446,sensitive,pigmentation,sensitivity,2026-03-25
6447,dry,acne,aging,2025-05-03
6448,sensitive,sensitivity,pigmentation,2024-09-18
6449,oily,pigmentation,acne,2026-04-27
6450,oily,pigmentation,dehydration,2025-08-02
6451,sensitive,aging,dullness,2026-02-22
6452,normal,acne,aging,2024-12-02
6453,normal,dehydration,dullness,2024-08-25
6454,sensitive,dehydration,aging,2026-05-30
6455,combination,acne,sensitivity,2024-11-28
6456,oily,acne,dullness,2025-10-16
6457,dry,acne,pigmentation,2024-08-01
6458,sensitive,sensitivity,acne,2026-06-26
6459,dry,aging,dullness,2026-02-17
6460,combination,dullness,pigmentation,2025-01-27
6461,oily,acne,dehydration,2024-12-14
6462,combination,pigmentation,dehydration,2026-05-09
6463,dry,dullness,pigmentation,2026-03-11
6464,oily,pigmentation,dehydration,2025-11-01
6465,oily,dullness,pigmentation,2026-06-11
6466,combination,sensitivity,dullness,2024-12-12
6467,dry,pigmentation,dehydration,2025-03-04
6468,oily,dullness,pigmentation,2025-01-05
6469,combination,sensitivity,pigmentation,2025-07-28
6470,oily,sensitivity,dullness,2025-03-25
6471,oily,acne,sensitivity,2025-05-14
6472,oily,acne,aging,2025-02-14
6473,combination,sensitivity,dullness,2025-08-11
6474,normal,sensitivity,acne,2025-03-17
6475,dry,pigmentation,dullness,2025-03-22
6476,dry,dullness,pigmentation,2025-03-25
6477,dry,dullness,sensitivity,2024-10-07
6478,dry,dehydration,acne,2025-10-24
6479,sensitive,dehydration,acne,2024-10-02
6480,dry,aging,dullness,2026-06-16
6481,sensitive,sensitivity,dullness,2025-07-16
6482,normal,acne,pigmentation,2025-08-18
6483,normal,acne,aging,2024-10-10
6484,combination,sensitivity,pigmentation,2026-06-03
6485,sensitive,pigmentation,acne,2026-01-29
6486,normal,sensitivity,dehydration,2025-07-29
6487,sensitive,pigmentation,aging,2024-11-17
6488,dry,aging,dullness,2025-08-01
6489,oily,acne,dehydration,2025-03-26
6490,oily,sensitivity,pigmentation,2026-02-26
6491,normal,aging,acne,2024-08-16
6492,combination,pigmentation,acne,2024-12-10
6493,dry,aging,dullness,2026-06-05
6494,dry,acne,sensitivity,2025-02-07
6495,dry,dehydration,sensitivity,2026-04-03
6496,normal,acne,aging,2025-05-23
6497,sensitive,aging,sensitivity,2025-02-04
6498,normal,aging,pigmentation,2024-08-29
6499,dry,acne,dullness,2026-05-16
6500,combination,acne,pigmentation,2025-12-09
6501,oily,dullness,sensitivity,2025-02-17
6502,normal,aging,acne,2025-12-27
6503,combination,acne,dullness,2025-02-01
6504,combination,acne,pigmentation,2026-02-22
6505,combination,dehydration,pigmentation,2026-03-09
6506,dry,dehydration,pigmentation,2025-06-04
6507,normal,dullness,dehydration,2025-02-18
6508,combination,sensitivity,pigmentation,2026-02-06
6509,sensitive,acne,sensitivity,2024-10-06
6510,oily,dehydration,aging,2024-10-09
6511,dry,dehydration,sensitivity,2026-05-08
6512,normal,pigmentation,aging,2025-11-26
6513,oily,dullness,sensitivity,2025-05-26
6514,oily,dehydration,pigmentation,2025-07-13
6515,normal,dullness,acne,2026-01-01
6516,dry,pigmentation,sensitivity,2025-06-14
6517,dry,dullness,dehydration,2024-08-02
6518,combination,dehydration,sensitivity,2025-11-24
6519,oily,acne,dehydration,2026-01-27
6520,oily,dullness,aging,2025-01-13
6521,oily,dullness,dehydration,2025-05-15
6522,oily,aging,dehydration,2025-02-16
6523,oily,acne,dehydration,2025-03-21
6524,sensitive,acne,pigmentation,2024-12-27
6525,dry,dehydration,dullness,2025-01-19
6526,oily,dehydration,acne,2025-04-20
6527,oily,aging,sensitivity,2025-08-08
6528,combination,sensitivity,pigmentation,2025-08-04
6529,normal,sensitivity,dullness,2025-12-25
6530,dry,dullness,dehydration,2025-08-12
6531,oily,dullness,dehydration,2025-04-20
6532,dry,sensitivity,aging,2025-01-29
6533,combination,dullness,aging,2024-12-18
6534,oily,sensitivity,dullness,2025-10-04
6535,normal,sensitivity,dullness,2025-01-17
6536,sensitive,pigmentation,dehydration,2025-08-21
6537,dry,dullness,dehydration,2025-10-18
6538,normal,dehydration,pigmentation,2026-03-09
6539,dry,dehydration,dullness,2025-12-24
6540,oily,aging,acne,2025-02-25
6541,normal,sensitivity,dullness,2026-01-29
6542,normal,aging,dehydration,2026-05-11
6543,dry,aging,sensitivity,2025-12-20
6544,combination,acne,dehydration,2024-07-12
6545,oily,pigmentation,sensitivity,2026-03-19
6546,sensitive,sensitivity,dehydration,2026-03-23
6547,sensitive,dehydration,aging,2025-09-15
6548,sensitive,dehydration,acne,2025-09-30
6549,combination,sensitivity,pigmentation,2024-09-02
6550,sensitive,pigmentation,sensitivity,2026-01-14
6551,combination,dullness,aging,2025-09-04
6552,normal,aging,pigmentation,2025-12-06
6553,oily,sensitivity,dullness,2026-01-05
6554,combination,aging,sensitivity,2025-11-13
6555,combination,sensitivity,dehydration,2025-12-31
6556,combination,dehydration,dullness,2025-01-27
6557,oily,dehydration,sensitivity,2024-12-06
6558,dry,sensitivity,pigmentation,2026-02-27
6559,normal,dehydration,acne,2025-07-09
6560,oily,pigmentation,dehydration,2025-12-26
6561,sensitive,dullness,sensitivity,2024-10-10
6562,sensitive,aging,dehydration,2026-04-24
6563,combination,acne,pigmentation,2025-09-10
6564,oily,dullness,dehydration,2025-11-06
6565,oily,aging,sensitivity,2025-10-14
6566,dry,aging,pigmentation,2024-08-17
6567,oily,acne,aging,2025-06-06
6568,oily,dullness,sensitivity,2025-10-02
6569,oily,dullness,sensitivity,2024-11-23
6570,oily,acne,sensitivity,2024-12-15
6571,normal,dullness,pigmentation,2026-03-23
6572,sensitive,pigmentation,sensitivity,2025-08-03
6573,oily,acne,pigmentation,2025-09-08
6574,sensitive,aging,pigmentation,2025-08-12
6575,oily,aging,dullness,2025-10-24
6576,combination,sensitivity,dehydration,2024-11-11
6577,oily,acne,sensitivity,2024-07-08
6578,oily,aging,sensitivity,2026-06-17
6579,oily,dehydration,dullness,2024-10-18
6580,combination,pigmentation,acne,2024-10-12
6581,combination,sensitivity,aging,2025-10-12
6582,dry,dehydration,aging,2025-07-17
6583,sensitive,sensitivity,aging,2026-04-23
6584,sensitive,sensitivity,aging,2025-10-23
6585,sensitive,acne,aging,2026-01-13
6586,combination,aging,acne,2024-09-12
6587,combination,dehydration,acne,2026-04-19
6588,combination,acne,pigmentation,2025-10-31
6589,dry,aging,dehydration,2025-07-20
6590,combination,dehydration,sensitivity,2024-07-22
6591,oily,dehydration,dullness,2024-11-16
6592,normal,aging,dehydration,2024-08-21
6593,dry,sensitivity,dullness,2025-11-22
6594,sensitive,dehydration,pigmentation,2025-12-23
6595,normal,acne,aging,2025-05-15
6596,combination,pigmentation,dullness,2025-10-31
6597,normal,sensitivity,dehydration,2026-06-25
6598,combination,acne,dullness,2024-11-20
6599,oily,acne,dullness,2026-04-28
6600,oily,aging,acne,2026-02-14
6601,oily,sensitivity,dehydration,2024-08-16
6602,normal,dehydration,aging,2025-01-17
6603,combination,acne,dullness,2025-03-24
6604,dry,aging,pigmentation,2026-04-03
6605,combination,sensitivity,dehydration,2026-01-04
6606,dry,pigmentation,acne,2026-02-06
6607,normal,dullness,dehydration,2025-03-25
6608,normal,aging,pigmentation,2025-07-06
6609,oily,dehydration,sensitivity,2025-10-16
6610,sensitive,dehydration,aging,2025-01-07
6611,dry,dehydration,aging,2024-12-15
6612,oily,acne,aging,2025-01-12
6613,normal,aging,dullness,2026-04-20
6614,oily,dehydration,dullness,2025-04-17
6615,dry,aging,pigmentation,2026-02-03
6616,oily,dehydration,sensitivity,2025-12-20
6617,combination,dullness,pigmentation,2024-07-21
6618,combination,aging,dullness,2025-09-06
6619,dry,acne,dullness,2024-12-08
6620,oily,sensitivity,pigmentation,2026-01-08
6621,oily,dehydration,aging,2024-07-26
6622,normal,sensitivity,aging,2025-12-16
6623,normal,pigmentation,dehydration,2026-02-23
6624,normal,pigmentation,sensitivity,2025-11-12
6625,combination,pigmentation,dehydration,2026-03-02
6626,combination,acne,pigmentation,2025-04-25
6627,sensitive,pigmentation,dehydration,2026-03-23
6628,sensitive,pigmentation,sensitivity,2026-02-05
6629,combination,sensitivity,aging,2025-02-08
6630,dry,pigmentation,aging,2026-06-05
6631,combination,dullness,dehydration,2025-08-19
6632,oily,dullness,sensitivity,2025-02-15
6633,oily,aging,acne,2025-08-15
6634,sensitive,sensitivity,pigmentation,2026-06-21
6635,normal,acne,sensitivity,2026-03-13
6636,oily,sensitivity,pigmentation,2024-07-27
6637,oily,dehydration,pigmentation,2024-12-19
6638,oily,pigmentation,sensitivity,2025-10-23
6639,sensitive,dehydration,aging,2024-10-06
6640,dry,aging,dullness,2026-07-02
6641,dry,sensitivity,acne,2026-06-02
6642,oily,acne,pigmentation,2024-09-28
6643,normal,acne,sensitivity,2025-03-01
6644,combination,dullness,dehydration,2025-04-24
6645,sensitive,sensitivity,acne,2025-10-28
6646,sensitive,acne,dehydration,2024-11-16
6647,oily,dehydration,aging,2025-04-18
6648,normal,sensitivity,dehydration,2025-08-22
6649,combination,aging,dehydration,2025-10-01
6650,sensitive,sensitivity,dullness,2025-10-21
6651,dry,dehydration,sensitivity,2025-05-12
6652,normal,pigmentation,dehydration,2025-03-15
6653,normal,sensitivity,acne,2024-11-25
6654,combination,dehydration,dullness,2025-09-13
6655,oily,acne,dullness,2026-01-02
6656,normal,dullness,sensitivity,2025-05-26
6657,normal,dullness,aging,2025-05-06
6658,combination,dehydration,sensitivity,2025-12-15
6659,combination,dehydration,aging,2026-05-14
6660,dry,aging,sensitivity,2025-11-05
6661,oily,pigmentation,sensitivity,2026-05-16
6662,normal,pigmentation,dullness,2026-05-07
6663,combination,acne,sensitivity,2024-07-30
6664,dry,dullness,acne,2024-12-12
6665,sensitive,sensitivity,aging,2026-06-11
6666,oily,acne,dullness,2025-10-24
6667,oily,dehydration,acne,2026-01-01
6668,dry,dullness,sensitivity,2024-07-24
6669,combination,pigmentation,aging,2025-08-21
6670,dry,pigmentation,dehydration,2025-12-29
6671,oily,pigmentation,dehydration,2025-03-29
6672,dry,dehydration,acne,2025-07-24
6673,dry,pigmentation,acne,2026-02-20
6674,combination,dehydration,sensitivity,2025-11-25
6675,combination,aging,pigmentation,2026-04-04
6676,normal,acne,sensitivity,2025-02-14
6677,normal,acne,pigmentation,2024-07-27
6678,dry,aging,acne,2024-11-23
6679,normal,aging,dehydration,2025-10-05
6680,combination,dehydration,sensitivity,2025-07-15
6681,oily,aging,pigmentation,2026-05-23
6682,dry,acne,pigmentation,2025-10-11
6683,sensitive,pigmentation,dullness,2026-06-13
6684,normal,dullness,dehydration,2025-01-08
6685,dry,aging,dullness,2024-09-10
6686,oily,dehydration,sensitivity,2026-02-17
6687,oily,sensitivity,dehydration,2025-03-01
6688,oily,aging,dullness,2025-04-24
6689,sensitive,dullness,pigmentation,2025-09-04
6690,combination,dehydration,sensitivity,2025-01-16
6691,combination,pigmentation,acne,2025-02-25
6692,sensitive,dullness,aging,2025-12-22
6693,normal,pigmentation,sensitivity,2024-11-30
6694,sensitive,dullness,aging,2025-03-14
6695,oily,dehydration,acne,2025-11-20
6696,combination,acne,dehydration,2025-01-15
6697,normal,pigmentation,dullness,2025-03-25
6698,sensitive,acne,dehydration,2026-04-12
6699,dry,acne,sensitivity,2026-03-07
6700,dry,acne,dehydration,2025-11-12
6701,normal,dehydration,acne,2026-06-04
6702,oily,sensitivity,dullness,2025-09-12
6703,combination,aging,pigmentation,2025-08-03
6704,oily,sensitivity,dehydration,2024-12-16
6705,normal,dehydration,aging,2026-03-03
6706,oily,dehydration,aging,2025-05-18
6707,oily,dehydration,aging,2025-03-08
6708,dry,pigmentation,sensitivity,2025-08-12
6709,dry,dullness,dehydration,2024-09-11
6710,combination,dullness,aging,2025-11-15
6711,dry,dullness,dehydration,2025-09-11
6712,dry,dehydration,pigmentation,2026-07-04
6713,combination,acne,aging,2025-09-09
6714,combination,dehydration,acne,2026-06-22
6715,normal,dehydration,acne,2024-07-17
6716,combination,acne,pigmentation,2026-01-12
6717,combination,aging,sensitivity,2024-11-20
6718,sensitive,sensitivity,aging,2026-04-12
6719,oily,acne,dullness,2025-12-18
6720,sensitive,acne,pigmentation,2026-04-10
6721,normal,dehydration,aging,2025-10-10
6722,dry,pigmentation,aging,2025-04-22
6723,oily,dehydration,dullness,2025-09-03
6724,dry,sensitivity,acne,2025-04-20
6725,dry,aging,dullness,2024-11-24
6726,combination,aging,dehydration,2026-06-04
6727,normal,aging,sensitivity,2025-08-30
6728,combination,aging,pigmentation,2025-04-28
6729,oily,aging,sensitivity,2025-06-19
6730,dry,dullness,sensitivity,2026-03-22
6731,sensitive,sensitivity,dehydration,2026-02-05
6732,dry,sensitivity,pigmentation,2025-10-04
6733,combination,sensitivity,dehydration,2025-03-17
6734,sensitive,acne,dullness,2024-07-13
6735,dry,pigmentation,dullness,2025-10-10
6736,sensitive,dehydration,acne,2025-06-20
6737,dry,dullness,dehydration,2025-11-24
6738,oily,aging,acne,2026-06-12
6739,dry,pigmentation,dehydration,2025-09-18
6740,combination,acne,dehydration,2025-10-25
6741,oily,pigmentation,sensitivity,2026-03-18
6742,normal,aging,dullness,2025-03-03
6743,combination,aging,pigmentation,2025-12-30
6744,oily,dullness,acne,2026-01-23
6745,normal,pigmentation,sensitivity,2025-09-25
6746,normal,pigmentation,aging,2024-07-31
6747,oily,sensitivity,dullness,2025-03-28
6748,oily,aging,acne,2025-08-30
6749,dry,pigmentation,dullness,2024-11-14
6750,combination,dullness,aging,2026-06-21
6751,sensitive,dullness,pigmentation,2025-11-02
6752,combination,dullness,aging,2025-06-06
6753,sensitive,pigmentation,acne,2025-07-14
6754,oily,dehydration,acne,2025-02-27
6755,sensitive,pigmentation,acne,2025-02-09
6756,normal,sensitivity,dullness,2025-08-07
6757,combination,aging,dullness,2024-08-26
6758,combination,aging,acne,2024-08-27
6759,dry,aging,sensitivity,2025-07-24
6760,normal,aging,pigmentation,2024-09-15
6761,oily,dullness,dehydration,2025-03-25
6762,dry,aging,dehydration,2026-03-27
6763,oily,acne,aging,2026-04-10
6764,normal,dullness,acne,2026-05-09
6765,combination,pigmentation,sensitivity,2026-02-02
6766,normal,acne,aging,2025-11-20
6767,sensitive,sensitivity,dullness,2026-05-17
6768,combination,pigmentation,aging,2025-04-18
6769,combination,dullness,sensitivity,2025-09-09
6770,dry,pigmentation,sensitivity,2025-04-23
6771,combination,aging,dehydration,2025-07-04
6772,sensitive,aging,sensitivity,2025-12-20
6773,normal,acne,dehydration,2025-04-13
6774,combination,sensitivity,pigmentation,2024-08-10
6775,normal,pigmentation,acne,2025-11-17
6776,normal,dullness,aging,2025-11-24
6777,combination,dullness,aging,2025-06-24
6778,combination,aging,sensitivity,2024-11-26
6779,oily,dullness,sensitivity,2025-06-13
6780,dry,dullness,aging,2024-11-05
6781,normal,acne,dehydration,2026-05-13
6782,oily,dehydration,aging,2026-04-26
6783,dry,acne,pigmentation,2025-09-12
6784,sensitive,aging,pigmentation,2026-01-18
6785,dry,aging,sensitivity,2026-06-20
6786,normal,aging,acne,2026-01-30
6787,sensitive,acne,sensitivity,2025-12-20
6788,oily,dehydration,sensitivity,2024-09-02
6789,dry,aging,dullness,2024-12-12
6790,sensitive,acne,pigmentation,2025-10-23
6791,normal,acne,dehydration,2024-08-05
6792,normal,dullness,aging,2024-11-02
6793,normal,dullness,dehydration,2026-01-04
6794,oily,dullness,dehydration,2025-07-22
6795,sensitive,dehydration,pigmentation,2024-09-01
6796,oily,dehydration,acne,2025-08-06
6797,oily,sensitivity,acne,2025-10-08
6798,sensitive,sensitivity,dullness,2024-09-14
6799,combination,sensitivity,dehydration,2025-03-11
6800,sensitive,dehydration,acne,2025-08-18
6801,normal,aging,dullness,2024-10-09
6802,oily,dullness,sensitivity,2025-01-08
6803,combination,dullness,dehydration,2025-10-25
6804,normal,pigmentation,dehydration,2025-08-30
6805,combination,dehydration,sensitivity,2026-06-02
6806,combination,dullness,sensitivity,2026-04-23
6807,combination,dullness,dehydration,2024-08-08
6808,normal,sensitivity,dullness,2026-05-29
6809,oily,dehydration,pigmentation,2024-11-02
6810,normal,sensitivity,acne,2026-02-04
6811,normal,sensitivity,acne,2025-06-06
6812,normal,dehydration,pigmentation,2025-01-25
6813,combination,pigmentation,dehydration,2024-07-12
6814,combination,pigmentation,aging,2025-10-06
6815,dry,pigmentation,dullness,2024-08-29
6816,dry,dehydration,aging,2025-08-09
6817,normal,sensitivity,aging,2024-10-11
6818,combination,sensitivity,acne,2026-04-23
6819,sensitive,dehydration,acne,2025-12-23
6820,oily,dehydration,sensitivity,2025-04-07
6821,sensitive,sensitivity,dehydration,2025-02-05
6822,sensitive,dehydration,dullness,2024-11-26
6823,normal,acne,aging,2025-10-18
6824,oily,dullness,sensitivity,2025-04-06
6825,combination,aging,dullness,2025-04-09
6826,combination,dullness,pigmentation,2024-07-17
6827,combination,dullness,aging,2026-04-12
6828,oily,pigmentation,dullness,2026-06-25
6829,combination,pigmentation,sensitivity,2025-05-12
6830,dry,acne,aging,2026-06-25
6831,sensitive,pigmentation,acne,2026-02-13
6832,dry,dehydration,acne,2025-07-06
6833,combination,dullness,dehydration,2025-12-23
6834,sensitive,sensitivity,dehydration,2025-12-24
6835,oily,sensitivity,dehydration,2025-10-26
6836,sensitive,sensitivity,pigmentation,2025-02-20
6837,sensitive,pigmentation,acne,2025-10-12
6838,oily,aging,dehydration,2024-12-04
6839,oily,acne,aging,2026-03-12
6840,normal,acne,dullness,2026-04-23
6841,dry,pigmentation,sensitivity,2026-03-07
6842,normal,pigmentation,dullness,2024-09-04
6843,combination,acne,dehydration,2025-12-16
6844,dry,sensitivity,dullness,2026-06-15
6845,dry,dullness,dehydration,2025-11-18
6846,sensitive,dullness,aging,2025-02-18
6847,oily,dullness,dehydration,2025-10-15
6848,combination,sensitivity,aging,2025-09-28
6849,dry,acne,dullness,2026-05-04
6850,oily,aging,sensitivity,2025-03-06
6851,dry,pigmentation,aging,2026-01-26
6852,combination,dullness,sensitivity,2026-04-26
6853,sensitive,dullness,dehydration,2025-01-30
6854,oily,dehydration,dullness,2024-08-20
6855,normal,dullness,dehydration,2025-04-16
6856,normal,pigmentation,dehydration,2024-08-20
6857,sensitive,dullness,sensitivity,2025-09-16
6858,normal,sensitivity,acne,2025-06-22
6859,combination,dullness,sensitivity,2025-10-18
6860,normal,dullness,aging,2025-06-29
6861,sensitive,pigmentation,dehydration,2024-09-22
6862,combination,acne,sensitivity,2025-03-29
6863,oily,pigmentation,acne,2026-06-17
6864,combination,acne,dullness,2025-05-08
6865,normal,aging,pigmentation,2025-10-04
6866,normal,sensitivity,pigmentation,2025-06-04
6867,combination,aging,sensitivity,2025-05-25
6868,dry,dullness,pigmentation,2025-05-02
6869,sensitive,sensitivity,aging,2024-10-11
6870,oily,dehydration,dullness,2024-10-17
6871,oily,dullness,dehydration,2024-07-26
6872,combination,dehydration,pigmentation,2025-04-16
6873,normal,pigmentation,sensitivity,2025-12-10
6874,dry,aging,dehydration,2026-02-13
6875,combination,aging,pigmentation,2024-10-24
6876,dry,dehydration,acne,2024-09-06
6877,combination,aging,dehydration,2026-06-09
6878,oily,sensitivity,pigmentation,2026-01-30
6879,combination,pigmentation,sensitivity,2025-02-25
6880,combination,pigmentation,aging,2026-03-08
6881,dry,dehydration,sensitivity,2026-05-31
6882,dry,dehydration,aging,2024-07-08
6883,sensitive,dehydration,acne,2026-04-27
6884,oily,pigmentation,aging,2026-01-31
6885,oily,acne,aging,2024-07-14
6886,oily,pigmentation,dullness,2026-04-24
6887,normal,aging,dullness,2024-11-29
6888,dry,aging,pigmentation,2025-05-22
6889,oily,sensitivity,acne,2025-06-07
6890,normal,sensitivity,aging,2024-11-09
6891,oily,dehydration,acne,2026-06-21
6892,dry,acne,aging,2026-05-23
6893,oily,acne,pigmentation,2026-02-14
6894,sensitive,aging,pigmentation,2025-07-13
6895,sensitive,dullness,aging,2024-08-02
6896,sensitive,dehydration,sensitivity,2026-05-17
6897,dry,pigmentation,aging,2025-09-02
6898,dry,acne,sensitivity,2025-08-27
6899,normal,pigmentation,dehydration,2026-02-13
6900,normal,dehydration,sensitivity,2025-10-28
6901,oily,sensitivity,acne,2026-02-10
6902,sensitive,sensitivity,aging,2026-03-28
6903,normal,dullness,acne,2025-06-20
6904,combination,acne,dehydration,2024-08-25
6905,sensitive,sensitivity,acne,2025-09-14
6906,oily,acne,aging,2025-03-29
6907,oily,pigmentation,dullness,2025-03-04
6908,oily,sensitivity,aging,2024-10-28
6909,oily,dullness,sensitivity,2024-11-11
6910,normal,pigmentation,dullness,2024-09-12
6911,sensitive,dullness,aging,2024-11-18
6912,sensitive,acne,dullness,2024-08-26
6913,dry,pigmentation,dehydration,2024-07-30
6914,normal,sensitivity,acne,2025-01-06
6915,oily,pigmentation,aging,2025-07-11
6916,normal,sensitivity,dullness,2025-11-24
6917,oily,dullness,aging,2025-05-15
6918,oily,dullness,acne,2024-11-08
6919,oily,dehydration,sensitivity,2025-01-02
6920,sensitive,dullness,acne,2025-06-21
6921,dry,acne,aging,2026-05-12
6922,combination,sensitivity,acne,2025-12-20
6923,combination,aging,dullness,2025-05-11
6924,sensitive,dullness,acne,2025-09-27
6925,dry,dullness,acne,2025-08-07
6926,oily,dullness,acne,2025-11-28
6927,dry,aging,acne,2026-05-12
6928,dry,sensitivity,pigmentation,2025-07-31
6929,sensitive,pigmentation,dullness,2025-08-15
6930,sensitive,dullness,pigmentation,2024-12-12
6931,oily,dullness,dehydration,2026-04-16
6932,sensitive,dullness,dehydration,2025-07-17
6933,oily,acne,sensitivity,2024-10-20
6934,sensitive,aging,dehydration,2025-12-23
6935,dry,acne,pigmentation,2025-11-17
6936,dry,dullness,pigmentation,2026-05-04
6937,combination,dehydration,pigmentation,2025-05-13
6938,dry,dullness,dehydration,2024-10-19
6939,sensitive,dehydration,dullness,2025-07-20
6940,normal,aging,dehydration,2025-09-04
6941,normal,pigmentation,sensitivity,2025-01-05
6942,combination,aging,acne,2025-08-17
6943,combination,pigmentation,acne,2025-09-18
6944,combination,dehydration,aging,2024-12-25
6945,sensitive,dehydration,aging,2025-12-11
6946,combination,aging,dullness,2024-10-23
6947,combination,dehydration,dullness,2025-12-22
6948,combination,acne,pigmentation,2025-06-28
6949,dry,acne,aging,2026-01-05
6950,combination,pigmentation,dehydration,2025-03-31
6951,sensitive,aging,dehydration,2025-08-23
6952,combination,pigmentation,dehydration,2026-01-13
6953,normal,dullness,dehydration,2025-01-09
6954,normal,dehydration,pigmentation,2024-08-22
6955,combination,aging,dehydration,2026-06-16
6956,normal,aging,acne,2025-05-17
6957,oily,acne,dullness,2025-01-27
6958,normal,pigmentation,sensitivity,2025-01-26
6959,dry,dehydration,sensitivity,2026-01-26
6960,combination,dehydration,dullness,2026-04-14
6961,dry,acne,aging,2025-06-26
6962,combination,acne,aging,2025-03-28
6963,dry,dehydration,pigmentation,2025-12-07
6964,sensitive,pigmentation,aging,2025-10-10
6965,oily,dullness,aging,2025-06-13
6966,normal,dehydration,acne,2025-08-12
6967,normal,dehydration,dullness,2025-07-18
6968,combination,dullness,dehydration,2025-02-23
6969,combination,aging,pigmentation,2024-07-17
6970,sensitive,dehydration,acne,2024-12-01
6971,oily,dehydration,aging,2026-07-01
6972,sensitive,sensitivity,dehydration,2025-10-24
6973,dry,dullness,dehydration,2026-06-29
6974,sensitive,sensitivity,pigmentation,2024-10-06
6975,dry,dehydration,dullness,2025-03-22
6976,sensitive,acne,pigmentation,2026-01-27
6977,sensitive,pigmentation,aging,2024-10-31
6978,dry,dehydration,pigmentation,2025-05-21
6979,sensitive,acne,pigmentation,2026-05-30
6980,combination,dehydration,dullness,2026-03-18
6981,dry,aging,pigmentation,2024-11-22
6982,combination,pigmentation,aging,2025-12-07
6983,normal,dullness,dehydration,2025-06-18
6984,oily,sensitivity,dullness,2024-09-20
6985,normal,sensitivity,aging,2025-12-07
6986,normal,aging,pigmentation,2026-06-28
6987,combination,acne,sensitivity,2026-05-06
6988,sensitive,sensitivity,aging,2024-09-05
6989,dry,sensitivity,pigmentation,2025-04-24
6990,oily,dullness,pigmentation,2025-11-08
6991,combination,dullness,pigmentation,2026-05-10
6992,normal,dullness,acne,2025-02-13
6993,dry,acne,aging,2026-06-08
6994,sensitive,acne,aging,2026-04-30
6995,sensitive,acne,dullness,2025-04-28
6996,sensitive,sensitivity,aging,2025-03-25
6997,dry,acne,dullness,2025-05-16
6998,dry,dullness,dehydration,2024-09-10
6999,combination,aging,pigmentation,2025-12-22
7000,normal,acne,dehydration,2025-05-27
7001,normal,sensitivity,dehydration,2025-11-25
7002,combination,acne,sensitivity,2025-10-15
7003,normal,sensitivity,dullness,2026-03-18
7004,combination,dehydration,acne,2024-12-03
7005,dry,dehydration,aging,2025-02-07
7006,oily,acne,dullness,2025-01-31
7007,sensitive,sensitivity,dehydration,2026-03-25
7008,sensitive,dullness,sensitivity,2026-04-11
7009,normal,aging,dullness,2024-12-12
7010,sensitive,dehydration,sensitivity,2025-03-07
7011,oily,aging,dullness,2026-06-15
7012,combination,pigmentation,sensitivity,2025-03-08
7013,sensitive,pigmentation,aging,2024-07-20
7014,combination,dullness,dehydration,2025-01-03
7015,combination,dullness,sensitivity,2025-12-16
7016,normal,pigmentation,sensitivity,2025-11-17
7017,sensitive,pigmentation,dehydration,2025-01-03
7018,sensitive,sensitivity,pigmentation,2025-09-16
7019,combination,dullness,sensitivity,2025-01-14
7020,dry,sensitivity,dehydration,2024-08-04
7021,combination,pigmentation,dehydration,2025-09-13
7022,normal,pigmentation,dullness,2025-05-13
7023,sensitive,pigmentation,sensitivity,2025-07-13
7024,sensitive,dullness,sensitivity,2025-06-30
7025,oily,dehydration,acne,2026-05-12
7026,normal,dullness,pigmentation,2024-07-15
7027,dry,pigmentation,dullness,2025-06-06
7028,normal,sensitivity,aging,2026-01-20
7029,combination,dullness,pigmentation,2025-05-13
7030,normal,aging,dehydration,2025-09-19
7031,normal,acne,pigmentation,2024-11-13
7032,sensitive,dullness,aging,2024-12-28
7033,normal,dullness,sensitivity,2025-09-30
7034,sensitive,sensitivity,pigmentation,2025-01-31
7035,normal,pigmentation,dehydration,2026-06-12
7036,oily,acne,pigmentation,2024-07-30
7037,oily,sensitivity,acne,2025-06-28
7038,combination,dullness,acne,2025-03-15
7039,normal,acne,sensitivity,2025-03-22
7040,sensitive,acne,dullness,2025-11-20
7041,combination,aging,sensitivity,2025-02-17
7042,combination,dullness,pigmentation,2025-09-19
7043,sensitive,pigmentation,acne,2025-02-24
7044,normal,aging,pigmentation,2026-05-02
7045,normal,dehydration,sensitivity,2026-03-22
7046,oily,sensitivity,aging,2024-08-30
7047,combination,aging,sensitivity,2025-01-15
7048,dry,aging,dehydration,2026-04-03
7049,sensitive,aging,pigmentation,2026-01-31
7050,combination,acne,aging,2025-06-03
7051,normal,acne,sensitivity,2026-07-02
7052,combination,sensitivity,acne,2025-09-16
7053,sensitive,acne,dehydration,2025-11-10
7054,oily,dehydration,aging,2026-03-30
7055,normal,pigmentation,dehydration,2025-11-29
7056,oily,dehydration,sensitivity,2025-12-04
7057,dry,sensitivity,acne,2026-05-18
7058,normal,dehydration,aging,2025-03-30
7059,normal,dehydration,dullness,2025-12-19
7060,combination,pigmentation,dehydration,2026-06-14
7061,combination,dullness,dehydration,2026-06-20
7062,oily,dullness,pigmentation,2024-07-30
7063,normal,aging,sensitivity,2026-04-11
7064,oily,acne,pigmentation,2024-09-10
7065,oily,sensitivity,pigmentation,2026-03-07
7066,combination,pigmentation,dullness,2026-05-06
7067,oily,sensitivity,dehydration,2025-06-03
7068,oily,sensitivity,dehydration,2024-10-10
7069,sensitive,acne,pigmentation,2026-05-15
7070,sensitive,dehydration,pigmentation,2025-11-08
7071,dry,dullness,dehydration,2025-01-02
7072,sensitive,pigmentation,dehydration,2026-05-18
7073,sensitive,dehydration,sensitivity,2026-03-05
7074,dry,acne,dehydration,2025-11-25
7075,sensitive,pigmentation,aging,2024-11-24
7076,combination,sensitivity,dehydration,2024-11-22
7077,normal,dehydration,acne,2025-02-03
7078,oily,acne,aging,2025-03-07
7079,dry,acne,sensitivity,2026-06-17
7080,dry,pigmentation,acne,2026-01-13
7081,dry,acne,pigmentation,2024-09-01
7082,normal,pigmentation,aging,2025-01-27
7083,sensitive,dullness,aging,2026-01-11
7084,combination,acne,sensitivity,2025-02-04
7085,combination,pigmentation,dehydration,2025-01-23
7086,normal,pigmentation,aging,2025-01-09
7087,combination,sensitivity,acne,2024-07-20
7088,dry,sensitivity,pigmentation,2025-06-06
7089,oily,sensitivity,dullness,2026-05-24
7090,dry,aging,dullness,2024-11-15
7091,sensitive,dullness,pigmentation,2026-06-26
7092,combination,dullness,aging,2025-03-25
7093,combination,sensitivity,acne,2024-12-01
7094,combination,dehydration,dullness,2026-04-06
7095,normal,sensitivity,dehydration,2024-12-01
7096,normal,dullness,sensitivity,2024-11-21
7097,oily,sensitivity,acne,2025-03-16
7098,oily,dehydration,acne,2025-11-12
7099,dry,dehydration,acne,2026-02-09
7100,normal,dullness,sensitivity,2025-02-06
7101,combination,aging,pigmentation,2026-03-14
7102,normal,dullness,dehydration,2025-02-28
7103,sensitive,aging,dehydration,2026-03-05
7104,combination,dullness,pigmentation,2025-11-03
7105,dry,pigmentation,aging,2025-07-01
7106,dry,dehydration,sensitivity,2026-03-10
7107,oily,dullness,sensitivity,2024-12-03
7108,combination,dehydration,dullness,2025-02-13
7109,dry,pigmentation,acne,2026-06-25
7110,dry,dehydration,dullness,2024-10-24
7111,oily,dehydration,dullness,2025-01-28
7112,sensitive,acne,pigmentation,2024-11-01
7113,normal,aging,sensitivity,2025-04-23
7114,combination,dehydration,pigmentation,2025-04-05
7115,combination,sensitivity,acne,2025-09-29
7116,normal,dehydration,dullness,2026-01-21
7117,combination,aging,acne,2026-01-15
7118,sensitive,pigmentation,acne,2025-11-17
7119,combination,sensitivity,pigmentation,2025-12-06
7120,combination,sensitivity,dullness,2025-01-01
7121,combination,sensitivity,acne,2025-06-18
7122,sensitive,pigmentation,aging,2025-09-09
7123,sensitive,aging,acne,2025-01-22
7124,combination,pigmentation,aging,2025-01-17
7125,oily,sensitivity,pigmentation,2024-08-22
7126,normal,sensitivity,dullness,2025-11-22
7127,normal,pigmentation,dehydration,2026-01-10
7128,oily,pigmentation,dullness,2026-07-02
7129,dry,dullness,sensitivity,2026-03-12
7130,normal,aging,acne,2025-04-21
7131,dry,aging,pigmentation,2024-11-22
7132,normal,aging,acne,2025-04-23
7133,sensitive,dehydration,acne,2024-07-12
7134,normal,sensitivity,aging,2025-04-04
7135,oily,sensitivity,acne,2024-09-29
7136,combination,aging,dullness,2025-12-22
7137,combination,dehydration,acne,2025-11-12
7138,normal,dehydration,acne,2024-11-21
7139,dry,pigmentation,acne,2025-03-10
7140,dry,dehydration,dullness,2025-07-15
7141,oily,aging,dullness,2024-08-07
7142,sensitive,dullness,sensitivity,2024-12-26
7143,normal,dehydration,sensitivity,2025-12-03
7144,oily,sensitivity,acne,2025-04-16
7145,dry,sensitivity,pigmentation,2025-09-20
7146,dry,dehydration,dullness,2025-09-05
7147,normal,dullness,dehydration,2024-11-25
7148,combination,aging,acne,2025-02-25
7149,dry,aging,dehydration,2026-06-27
7150,dry,sensitivity,aging,2025-05-12
7151,combination,pigmentation,acne,2025-03-21
7152,dry,dullness,aging,2025-06-28
7153,oily,dehydration,dullness,2025-11-29
7154,normal,acne,dullness,2025-03-19
7155,combination,dullness,dehydration,2024-08-13
7156,dry,pigmentation,acne,2026-05-05
7157,sensitive,pigmentation,acne,2025-04-22
7158,sensitive,dullness,aging,2024-09-09
7159,oily,acne,dullness,2025-09-17
7160,oily,acne,aging,2025-11-04
7161,oily,aging,dullness,2026-01-06
7162,sensitive,dullness,sensitivity,2026-01-23
7163,sensitive,acne,aging,2025-09-24
7164,sensitive,aging,dehydration,2024-12-19
7165,sensitive,pigmentation,acne,2026-02-24
7166,combination,dullness,pigmentation,2026-01-18
7167,combination,pigmentation,dullness,2024-07-06
7168,sensitive,acne,dehydration,2024-07-09
7169,dry,dullness,pigmentation,2026-01-22
7170,normal,sensitivity,aging,2025-09-02
7171,normal,dullness,aging,2025-09-15
7172,normal,aging,pigmentation,2025-12-02
7173,normal,aging,sensitivity,2026-03-17
7174,dry,acne,dullness,2026-05-22
7175,oily,pigmentation,dullness,2025-04-14
7176,combination,aging,acne,2026-06-06
7177,sensitive,dullness,aging,2025-04-09
7178,sensitive,aging,acne,2026-04-28
7179,dry,sensitivity,pigmentation,2026-03-16
7180,dry,dullness,acne,2026-07-03
7181,combination,acne,dehydration,2025-09-19
7182,normal,dullness,dehydration,2025-11-09
7183,oily,dullness,acne,2025-11-06
7184,dry,acne,dehydration,2025-11-22
7185,dry,aging,sensitivity,2024-08-20
7186,normal,sensitivity,dullness,2025-08-26
7187,combination,aging,pigmentation,2024-11-22
7188,oily,aging,dullness,2026-01-17
7189,dry,pigmentation,dehydration,2025-07-18
7190,oily,acne,dehydration,2026-05-22
7191,combination,pigmentation,acne,2025-12-29
7192,normal,dehydration,pigmentation,2026-05-15
7193,combination,sensitivity,dehydration,2026-06-21
7194,normal,dullness,sensitivity,2026-02-23
7195,sensitive,dehydration,pigmentation,2026-03-12
7196,normal,dullness,aging,2025-11-17
7197,dry,dullness,acne,2025-01-09
7198,normal,aging,dehydration,2026-03-20
7199,dry,acne,dullness,2025-04-16
7200,combination,aging,acne,2025-10-13
7201,sensitive,sensitivity,dehydration,2025-09-15
7202,dry,dullness,pigmentation,2024-08-31
7203,dry,dehydration,sensitivity,2025-08-01
7204,oily,acne,pigmentation,2025-12-27
7205,oily,pigmentation,acne,2026-01-13
7206,combination,pigmentation,dehydration,2026-03-05
7207,normal,aging,dehydration,2024-11-27
7208,dry,sensitivity,pigmentation,2025-03-08
7209,combination,aging,dullness,2025-12-23
7210,normal,dullness,dehydration,2025-07-13
7211,sensitive,dullness,pigmentation,2025-07-02
7212,oily,aging,acne,2026-06-02
7213,combination,sensitivity,aging,2024-09-10
7214,oily,pigmentation,aging,2024-12-08
7215,dry,acne,dehydration,2025-06-10
7216,dry,dehydration,dullness,2025-01-30
7217,sensitive,dullness,aging,2026-04-18
7218,oily,pigmentation,dullness,2024-07-22
7219,dry,sensitivity,dullness,2025-03-25
7220,dry,acne,aging,2024-08-20
7221,dry,pigmentation,acne,2024-10-13
7222,sensitive,acne,sensitivity,2025-05-05
7223,dry,pigmentation,dullness,2025-12-08
7224,dry,dehydration,pigmentation,2025-02-20
7225,combination,dehydration,acne,2025-06-27
7226,sensitive,dullness,pigmentation,2025-09-10
7227,oily,sensitivity,pigmentation,2025-02-01
7228,normal,acne,dehydration,2024-09-25
7229,normal,dullness,aging,2026-03-03
7230,sensitive,acne,sensitivity,2025-05-28
7231,combination,sensitivity,acne,2024-12-14
7232,sensitive,dullness,dehydration,2025-11-11
7233,combination,dehydration,dullness,2025-10-30
7234,dry,dullness,dehydration,2026-06-30
7235,dry,aging,sensitivity,2025-11-12
7236,oily,dehydration,dullness,2025-05-04
7237,normal,sensitivity,aging,2024-07-26
7238,dry,pigmentation,aging,2025-06-17
7239,dry,sensitivity,dehydration,2025-12-06
7240,normal,dehydration,aging,2024-11-20
7241,combination,acne,aging,2026-02-19
7242,sensitive,sensitivity,dullness,2026-02-20
7243,dry,pigmentation,sensitivity,2025-06-20
7244,dry,dullness,acne,2024-11-17
7245,sensitive,acne,sensitivity,2026-02-01
7246,combination,pigmentation,sensitivity,2026-06-25
7247,oily,dullness,sensitivity,2025-01-24
7248,normal,dehydration,dullness,2025-05-03
7249,combination,dehydration,dullness,2025-02-20
7250,sensitive,aging,dullness,2025-09-19
7251,dry,dehydration,acne,2026-04-11
7252,combination,acne,dehydration,2025-11-06
7253,sensitive,sensitivity,dehydration,2025-07-28
7254,normal,pigmentation,sensitivity,2025-08-24
7255,dry,dullness,acne,2024-09-25
7256,sensitive,sensitivity,pigmentation,2026-01-24
7257,normal,pigmentation,aging,2025-11-21
7258,sensitive,aging,pigmentation,2026-02-22
7259,oily,dehydration,pigmentation,2025-05-15
7260,oily,sensitivity,aging,2024-11-25
7261,dry,pigmentation,acne,2024-09-29
7262,oily,dullness,dehydration,2026-01-21
7263,sensitive,pigmentation,dullness,2025-08-26
7264,normal,dullness,aging,2025-01-14
7265,combination,aging,dehydration,2026-06-03
7266,combination,acne,sensitivity,2025-02-01
7267,sensitive,sensitivity,dehydration,2026-03-30
7268,combination,dullness,dehydration,2026-06-12
7269,combination,aging,sensitivity,2026-04-15
7270,combination,acne,dehydration,2024-09-30
7271,dry,acne,dullness,2025-02-24
7272,oily,aging,dehydration,2024-12-06
7273,combination,dullness,dehydration,2025-02-17
7274,normal,pigmentation,aging,2024-12-02
7275,oily,dehydration,sensitivity,2025-07-09
7276,dry,aging,dehydration,2024-11-22
7277,dry,acne,aging,2026-05-26
7278,normal,dullness,aging,2025-05-07
7279,combination,pigmentation,dehydration,2025-01-01
7280,combination,acne,pigmentation,2024-07-10
7281,sensitive,acne,pigmentation,2025-10-17
7282,dry,pigmentation,aging,2026-02-26
7283,sensitive,dullness,sensitivity,2025-01-26
7284,oily,sensitivity,dullness,2026-05-15
7285,oily,pigmentation,aging,2024-12-16
7286,normal,acne,dullness,2025-02-07
7287,sensitive,pigmentation,dehydration,2025-02-16
7288,oily,pigmentation,aging,2025-12-04
7289,combination,pigmentation,aging,2026-04-10
7290,oily,pigmentation,dullness,2025-04-18
7291,sensitive,sensitivity,acne,2025-10-14
7292,sensitive,aging,acne,2025-09-23
7293,dry,dullness,aging,2026-02-19
7294,dry,dehydration,aging,2025-11-05
7295,dry,acne,dehydration,2024-11-05
7296,dry,pigmentation,sensitivity,2024-09-22
7297,dry,aging,pigmentation,2025-10-24
7298,dry,aging,dullness,2026-03-25
7299,combination,acne,sensitivity,2026-06-12
7300,normal,dullness,acne,2026-02-18
7301,sensitive,pigmentation,dehydration,2026-06-29
7302,dry,pigmentation,sensitivity,2025-03-05
7303,normal,dullness,acne,2025-03-24
7304,dry,sensitivity,pigmentation,2024-12-11
7305,normal,sensitivity,acne,2025-11-05
7306,dry,sensitivity,acne,2024-11-05
7307,combination,aging,dullness,2026-03-04
7308,dry,acne,aging,2026-01-19
7309,sensitive,pigmentation,sensitivity,2024-09-05
7310,dry,aging,dehydration,2024-09-30
7311,normal,pigmentation,dehydration,2025-04-25
7312,oily,pigmentation,aging,2025-04-17
7313,combination,acne,dullness,2025-02-09
7314,oily,pigmentation,acne,2024-11-12
7315,normal,dullness,sensitivity,2026-01-18
7316,combination,aging,sensitivity,2026-05-17
7317,sensitive,acne,sensitivity,2026-02-21
7318,normal,dullness,pigmentation,2025-10-19
7319,combination,sensitivity,pigmentation,2026-01-15
7320,oily,aging,dullness,2025-06-18
7321,dry,pigmentation,acne,2026-03-28
7322,dry,pigmentation,sensitivity,2025-05-11
7323,normal,aging,dullness,2025-02-02
7324,normal,pigmentation,dehydration,2026-04-25
7325,combination,sensitivity,dehydration,2025-12-09
7326,normal,sensitivity,dehydration,2025-06-08
7327,dry,aging,dullness,2026-05-19
7328,sensitive,sensitivity,aging,2025-03-07
7329,dry,sensitivity,dehydration,2025-01-02
7330,dry,acne,dehydration,2025-10-15
7331,dry,aging,sensitivity,2026-06-30
7332,combination,dullness,sensitivity,2025-07-05
7333,dry,aging,acne,2024-10-09
7334,dry,aging,sensitivity,2025-12-05
7335,dry,aging,sensitivity,2024-10-24
7336,oily,dehydration,dullness,2024-10-08
7337,normal,pigmentation,dullness,2025-12-13
7338,dry,dullness,pigmentation,2025-04-24
7339,oily,pigmentation,aging,2026-06-06
7340,combination,sensitivity,dullness,2025-05-30
7341,normal,acne,dullness,2024-10-02
7342,dry,acne,sensitivity,2024-08-15
7343,normal,acne,aging,2026-02-11
7344,sensitive,aging,pigmentation,2025-03-07
7345,sensitive,dullness,acne,2026-05-19
7346,dry,sensitivity,pigmentation,2025-12-14
7347,oily,aging,dullness,2024-11-03
7348,dry,pigmentation,aging,2025-03-24
7349,normal,aging,dehydration,2025-09-23
7350,sensitive,acne,dullness,2024-08-03
7351,sensitive,aging,pigmentation,2024-12-29
7352,normal,dehydration,dullness,2026-06-19
7353,dry,acne,dehydration,2026-05-09
7354,dry,dehydration,pigmentation,2025-04-04
7355,normal,pigmentation,sensitivity,2024-10-04
7356,combination,dehydration,acne,2026-03-14
7357,dry,dehydration,acne,2025-06-08
7358,dry,dehydration,pigmentation,2024-11-17
7359,normal,dehydration,dullness,2024-10-14
7360,oily,dehydration,sensitivity,2025-03-25
7361,oily,pigmentation,aging,2024-07-06
7362,sensitive,acne,pigmentation,2024-08-21
7363,oily,aging,dehydration,2024-11-04
7364,oily,dullness,dehydration,2025-03-04
7365,normal,dullness,dehydration,2024-07-16
7366,combination,dehydration,sensitivity,2026-06-24
7367,sensitive,pigmentation,dullness,2026-05-02
7368,combination,sensitivity,dullness,2025-06-28
7369,oily,aging,dullness,2025-03-03
7370,oily,pigmentation,dullness,2024-09-14
7371,sensitive,dehydration,dullness,2025-02-26
7372,oily,acne,pigmentation,2026-01-18
7373,combination,aging,pigmentation,2024-09-10
7374,dry,dehydration,pigmentation,2026-05-07
7375,dry,dehydration,aging,2026-04-28
7376,normal,pigmentation,dullness,2025-01-26
7377,sensitive,acne,aging,2024-08-01
7378,sensitive,acne,aging,2025-07-04
7379,dry,acne,pigmentation,2026-03-30
7380,dry,dehydration,acne,2026-06-02
7381,sensitive,dehydration,dullness,2024-07-20
7382,oily,dullness,dehydration,2025-12-14
7383,dry,dullness,acne,2025-03-26
7384,sensitive,pigmentation,sensitivity,2025-11-10
7385,sensitive,pigmentation,aging,2026-01-31
7386,oily,acne,pigmentation,2025-03-05
7387,sensitive,dehydration,pigmentation,2025-01-12
7388,combination,acne,aging,2025-07-27
7389,dry,acne,sensitivity,2025-07-01
7390,sensitive,dehydration,sensitivity,2025-07-15
7391,normal,dullness,dehydration,2025-04-30
7392,combination,aging,dehydration,2024-11-24
7393,dry,pigmentation,dullness,2025-02-02
7394,dry,acne,pigmentation,2025-12-15
7395,combination,aging,acne,2026-01-07
7396,oily,aging,dehydration,2025-03-02
7397,combination,dullness,acne,2025-03-22
7398,oily,acne,aging,2025-10-11
7399,oily,pigmentation,aging,2024-10-31
7400,combination,acne,pigmentation,2025-09-04
7401,sensitive,aging,dullness,2025-11-03
7402,normal,pigmentation,acne,2025-05-26
7403,oily,pigmentation,dullness,2026-02-16
7404,dry,dullness,sensitivity,2025-02-13
7405,combination,aging,sensitivity,2024-09-19
7406,combination,pigmentation,aging,2024-08-15
7407,normal,dehydration,aging,2025-08-14
7408,sensitive,aging,sensitivity,2025-12-22
7409,combination,aging,acne,2025-07-21
7410,oily,aging,dullness,2026-04-22
7411,oily,acne,pigmentation,2025-03-05
7412,oily,aging,acne,2025-08-27
7413,sensitive,dullness,sensitivity,2026-04-08
7414,dry,acne,pigmentation,2025-06-02
7415,dry,dullness,acne,2025-01-27
7416,sensitive,acne,dullness,2026-01-21
7417,normal,dullness,aging,2025-09-14
7418,combination,acne,sensitivity,2024-09-24
7419,normal,pigmentation,dehydration,2025-02-03
7420,sensitive,aging,dullness,2024-11-30
7421,sensitive,dullness,pigmentation,2025-08-12
7422,normal,dehydration,acne,2025-07-11
7423,oily,aging,pigmentation,2025-07-08
7424,sensitive,acne,dehydration,2025-08-12
7425,normal,aging,dehydration,2026-03-23
7426,normal,dehydration,dullness,2026-06-07
7427,combination,acne,dullness,2024-11-05
7428,sensitive,dehydration,acne,2025-06-09
7429,normal,aging,dullness,2025-06-12
7430,normal,acne,dehydration,2025-04-27
7431,normal,dehydration,acne,2025-09-08
7432,normal,acne,pigmentation,2024-09-23
7433,dry,aging,dullness,2025-07-28
7434,sensitive,pigmentation,sensitivity,2025-07-05
7435,combination,dullness,aging,2025-06-13
7436,normal,acne,aging,2026-03-13
7437,normal,acne,aging,2026-03-02
7438,normal,dullness,pigmentation,2026-02-25
7439,combination,sensitivity,acne,2026-01-02
7440,combination,acne,pigmentation,2026-03-12
7441,oily,aging,acne,2026-01-24
7442,sensitive,dehydration,pigmentation,2024-08-19
7443,combination,pigmentation,aging,2025-10-16
7444,combination,aging,dehydration,2024-12-04
7445,sensitive,sensitivity,acne,2025-09-22
7446,normal,dehydration,aging,2024-11-11
7447,oily,pigmentation,sensitivity,2025-01-02
7448,combination,dehydration,aging,2024-10-30
7449,sensitive,dehydration,sensitivity,2025-12-08
7450,normal,dullness,aging,2026-04-28
7451,sensitive,aging,dehydration,2025-11-23
7452,sensitive,sensitivity,dehydration,2025-02-08
7453,normal,sensitivity,dehydration,2025-03-15
7454,normal,sensitivity,aging,2025-02-07
7455,sensitive,dehydration,aging,2024-07-10
7456,dry,aging,acne,2026-01-23
7457,combination,acne,dehydration,2025-08-16
7458,sensitive,acne,pigmentation,2025-07-13
7459,oily,sensitivity,acne,2026-03-19
7460,sensitive,aging,pigmentation,2025-03-09
7461,combination,acne,dehydration,2026-06-01
7462,normal,pigmentation,sensitivity,2024-09-19
7463,dry,acne,aging,2026-05-03
7464,normal,dullness,acne,2026-04-17
7465,combination,dullness,sensitivity,2026-03-02
7466,combination,aging,sensitivity,2024-09-22
7467,sensitive,dehydration,aging,2024-10-15
7468,combination,aging,acne,2024-08-31
7469,normal,sensitivity,pigmentation,2024-11-04
7470,oily,dehydration,dullness,2024-08-30
7471,sensitive,acne,pigmentation,2025-07-27
7472,normal,pigmentation,acne,2026-07-03
7473,dry,dehydration,aging,2025-08-20
7474,dry,dullness,acne,2026-01-26
7475,combination,dehydration,acne,2026-01-09
7476,sensitive,aging,dehydration,2025-02-16
7477,normal,acne,aging,2026-03-07
7478,sensitive,dehydration,dullness,2025-11-13
7479,sensitive,dehydration,sensitivity,2025-09-22
7480,combination,dullness,pigmentation,2026-05-23
7481,sensitive,aging,pigmentation,2025-02-09
7482,dry,acne,dullness,2024-12-26
7483,combination,dehydration,aging,2025-05-24
7484,oily,dullness,acne,2026-06-16
7485,oily,dehydration,pigmentation,2024-12-08
7486,normal,pigmentation,sensitivity,2025-08-14
7487,normal,dehydration,dullness,2025-12-24
7488,combination,dehydration,aging,2024-08-13
7489,oily,sensitivity,dehydration,2024-10-16
7490,oily,dullness,acne,2025-08-19
7491,oily,dehydration,aging,2025-08-16
7492,sensitive,aging,pigmentation,2024-09-08
7493,dry,dehydration,acne,2026-02-17
7494,dry,dehydration,dullness,2025-09-11
7495,normal,dehydration,aging,2025-05-16
7496,normal,sensitivity,aging,2025-10-26
7497,sensitive,acne,dehydration,2025-11-18
7498,dry,dehydration,sensitivity,2026-04-19
7499,combination,dehydration,aging,2025-12-24
7500,dry,dullness,acne,2025-10-18
7501,normal,dullness,aging,2024-11-01
7502,oily,dehydration,aging,2025-11-02
7503,sensitive,aging,sensitivity,2026-03-11
7504,combination,aging,sensitivity,2024-10-26
7505,sensitive,dehydration,pigmentation,2025-10-22
7506,combination,dehydration,dullness,2024-09-02
7507,oily,pigmentation,sensitivity,2026-04-18
7508,sensitive,dehydration,sensitivity,2026-06-20
7509,sensitive,pigmentation,dehydration,2024-09-01
7510,combination,acne,aging,2026-04-26
7511,dry,sensitivity,acne,2026-06-30
7512,dry,pigmentation,acne,2025-03-23
7513,combination,pigmentation,acne,2025-11-17
7514,dry,pigmentation,acne,2025-07-17
7515,dry,aging,dehydration,2025-09-11
7516,dry,acne,dullness,2025-12-01
7517,oily,acne,dehydration,2025-07-20
7518,normal,aging,dullness,2025-12-29
7519,dry,pigmentation,aging,2026-01-23
7520,oily,pigmentation,dehydration,2026-01-23
7521,oily,sensitivity,dullness,2026-04-11
7522,normal,dullness,acne,2025-06-17
7523,combination,acne,aging,2025-06-01
7524,dry,acne,dullness,2026-06-24
7525,combination,dehydration,dullness,2025-08-05
7526,oily,pigmentation,dullness,2025-01-12
7527,dry,acne,dullness,2026-07-06
7528,dry,dullness,sensitivity,2025-11-29
7529,normal,sensitivity,pigmentation,2024-08-03
7530,oily,aging,acne,2025-08-28
7531,combination,dehydration,acne,2026-06-24
7532,sensitive,aging,acne,2025-06-16
7533,normal,acne,pigmentation,2025-09-09
7534,combination,dehydration,aging,2026-02-02
7535,dry,sensitivity,acne,2026-05-14
7536,dry,sensitivity,pigmentation,2024-09-29
7537,dry,acne,sensitivity,2024-11-19
7538,sensitive,dullness,sensitivity,2025-02-23
7539,dry,dullness,pigmentation,2026-06-24
7540,sensitive,acne,aging,2024-10-08
7541,sensitive,sensitivity,dehydration,2025-07-26
7542,normal,acne,sensitivity,2025-07-24
7543,dry,pigmentation,acne,2024-10-03
7544,normal,sensitivity,pigmentation,2025-08-24
7545,combination,dullness,sensitivity,2026-01-15
7546,sensitive,dehydration,aging,2026-01-14
7547,sensitive,aging,pigmentation,2024-08-28
7548,normal,dehydration,pigmentation,2025-06-03
7549,combination,acne,dehydration,2025-05-09
7550,sensitive,dehydration,dullness,2025-04-29
7551,dry,acne,dehydration,2026-01-26
7552,combination,pigmentation,dullness,2025-09-03
7553,combination,dullness,sensitivity,2024-08-10
7554,sensitive,aging,sensitivity,2026-03-22
7555,sensitive,acne,dullness,2024-08-10
7556,oily,dehydration,dullness,2025-12-19
7557,normal,pigmentation,dullness,2025-12-02
7558,sensitive,sensitivity,acne,2026-06-26
7559,oily,acne,aging,2025-03-08
7560,normal,pigmentation,dehydration,2025-11-15
7561,sensitive,pigmentation,dullness,2025-08-05
7562,oily,dullness,sensitivity,2025-05-08
7563,combination,aging,dehydration,2025-03-30
7564,normal,acne,sensitivity,2024-08-07
7565,dry,dullness,acne,2025-05-26
7566,normal,sensitivity,dullness,2026-02-26
7567,combination,acne,dullness,2025-02-07
7568,dry,pigmentation,aging,2026-05-27
7569,dry,aging,dehydration,2024-10-28
7570,combination,dehydration,dullness,2025-12-02
7571,sensitive,acne,dullness,2025-01-25
7572,normal,pigmentation,sensitivity,2026-03-14
7573,oily,pigmentation,sensitivity,2025-09-12
7574,normal,dullness,acne,2025-02-13
7575,combination,acne,dullness,2025-04-08
7576,oily,dullness,sensitivity,2026-07-02
7577,normal,aging,dehydration,2026-06-11
7578,dry,pigmentation,aging,2024-07-19
7579,sensitive,sensitivity,pigmentation,2025-06-15
7580,sensitive,dehydration,aging,2024-10-19
7581,oily,dehydration,dullness,2026-05-14
7582,dry,sensitivity,aging,2025-07-13
7583,sensitive,pigmentation,sensitivity,2025-05-11
7584,dry,sensitivity,dehydration,2024-09-01
7585,oily,pigmentation,sensitivity,2025-02-02
7586,oily,pigmentation,dullness,2025-04-03
7587,normal,dullness,sensitivity,2025-12-04
7588,oily,dehydration,aging,2024-07-10
7589,oily,dullness,sensitivity,2025-11-09
7590,combination,dullness,sensitivity,2025-12-15
7591,oily,aging,sensitivity,2025-01-23
7592,sensitive,dullness,pigmentation,2024-07-08
7593,combination,aging,dehydration,2024-10-18
7594,sensitive,aging,dullness,2026-02-25
7595,combination,dullness,pigmentation,2024-11-17
7596,sensitive,dullness,sensitivity,2025-10-21
7597,sensitive,pigmentation,sensitivity,2026-01-25
7598,combination,acne,pigmentation,2024-08-22
7599,oily,pigmentation,dullness,2024-08-11
7600,dry,aging,acne,2025-10-09
7601,oily,acne,pigmentation,2026-06-17
7602,oily,pigmentation,dullness,2026-02-03
7603,dry,sensitivity,dullness,2025-06-06
7604,dry,pigmentation,sensitivity,2026-05-24
7605,oily,dehydration,acne,2026-01-21
7606,dry,acne,pigmentation,2026-03-20
7607,combination,sensitivity,acne,2024-08-10
7608,oily,pigmentation,dehydration,2025-10-20
7609,dry,aging,acne,2025-10-02
7610,oily,dehydration,pigmentation,2025-09-02
7611,oily,pigmentation,dehydration,2026-06-27
7612,oily,dullness,dehydration,2025-06-05
7613,combination,dehydration,acne,2024-09-07
7614,sensitive,acne,pigmentation,2024-11-19
7615,sensitive,acne,dullness,2026-01-04
7616,sensitive,dehydration,acne,2026-06-27
7617,sensitive,pigmentation,aging,2024-12-18
7618,normal,sensitivity,dullness,2024-10-30
7619,dry,sensitivity,pigmentation,2024-09-01
7620,sensitive,sensitivity,dehydration,2025-05-11
7621,normal,sensitivity,aging,2025-07-25
7622,combination,dehydration,sensitivity,2024-12-31
7623,normal,aging,acne,2025-02-17
7624,oily,sensitivity,dullness,2024-12-30
7625,normal,aging,pigmentation,2025-12-11
7626,combination,dullness,pigmentation,2024-09-14
7627,dry,acne,aging,2026-06-09
7628,oily,sensitivity,dullness,2026-04-29
7629,sensitive,dullness,pigmentation,2025-03-15
7630,combination,sensitivity,aging,2025-05-15
7631,dry,aging,acne,2025-05-27
7632,dry,pigmentation,acne,2024-09-10
7633,normal,dullness,pigmentation,2024-10-08
7634,combination,sensitivity,aging,2025-01-27
7635,oily,dullness,acne,2026-03-08
7636,dry,dehydration,dullness,2026-04-27
7637,oily,pigmentation,acne,2026-03-26
7638,sensitive,dehydration,acne,2025-04-14
7639,normal,dehydration,sensitivity,2025-01-31
7640,normal,sensitivity,dehydration,2024-11-29
7641,sensitive,acne,aging,2026-04-22
7642,sensitive,aging,pigmentation,2025-12-18
7643,combination,acne,pigmentation,2025-11-01
7644,sensitive,aging,pigmentation,2025-03-31
7645,oily,dehydration,aging,2026-06-02
7646,combination,dullness,sensitivity,2024-10-30
7647,combination,dehydration,sensitivity,2026-05-09
7648,oily,dehydration,dullness,2025-06-19
7649,combination,sensitivity,acne,2024-08-24
7650,sensitive,sensitivity,acne,2026-02-15
7651,dry,dullness,pigmentation,2025-02-19
7652,combination,sensitivity,dullness,2025-05-31
7653,dry,acne,pigmentation,2024-11-14
7654,dry,dehydration,acne,2025-05-03
7655,oily,dullness,pigmentation,2024-10-24
7656,dry,sensitivity,dullness,2025-09-15
7657,normal,dullness,sensitivity,2026-03-09
7658,normal,pigmentation,dehydration,2025-02-25
7659,sensitive,dehydration,sensitivity,2024-07-29
7660,sensitive,sensitivity,acne,2025-08-24
7661,sensitive,acne,sensitivity,2024-11-14
7662,combination,acne,aging,2024-10-03
7663,combination,dullness,aging,2025-03-22
7664,sensitive,dullness,dehydration,2024-12-05
7665,sensitive,dullness,aging,2025-05-21
7666,combination,acne,dullness,2024-11-25
7667,combination,dullness,aging,2025-11-03
7668,combination,dullness,aging,2025-06-17
7669,dry,sensitivity,pigmentation,2026-05-11
7670,dry,aging,acne,2026-02-13
7671,oily,aging,dehydration,2025-05-09
7672,combination,acne,dehydration,2025-01-23
7673,sensitive,dullness,aging,2026-06-15
7674,sensitive,dullness,aging,2026-05-17
7675,normal,pigmentation,sensitivity,2026-07-02
7676,oily,dehydration,acne,2025-06-23
7677,sensitive,sensitivity,acne,2025-11-03
7678,sensitive,pigmentation,dehydration,2026-05-29
7679,combination,dullness,dehydration,2024-12-03
7680,dry,dehydration,pigmentation,2025-06-15
7681,dry,acne,sensitivity,2026-06-29
7682,sensitive,pigmentation,aging,2025-02-20
7683,normal,aging,pigmentation,2024-09-08
7684,sensitive,acne,dullness,2025-09-03
7685,combination,aging,dullness,2024-08-11
7686,sensitive,acne,dehydration,2025-09-05
7687,oily,sensitivity,acne,2026-05-11
7688,sensitive,dullness,pigmentation,2026-04-08
7689,oily,pigmentation,dehydration,2026-05-19
7690,normal,dehydration,aging,2025-11-28
7691,normal,acne,aging,2025-09-28
7692,combination,dullness,dehydration,2025-08-16
7693,dry,dehydration,acne,2025-07-20
7694,sensitive,dehydration,aging,2024-10-13
7695,sensitive,pigmentation,acne,2026-06-28
7696,sensitive,dullness,sensitivity,2024-09-18
7697,combination,dehydration,acne,2026-01-13
7698,dry,dehydration,dullness,2024-08-08
7699,oily,pigmentation,dullness,2026-03-30
7700,dry,sensitivity,pigmentation,2026-04-24
7701,combination,pigmentation,acne,2026-04-09
7702,combination,aging,sensitivity,2025-12-02
7703,combination,pigmentation,dehydration,2024-08-17
7704,dry,acne,dullness,2025-08-02
7705,normal,pigmentation,sensitivity,2026-03-08
7706,dry,acne,aging,2025-03-24
7707,normal,dehydration,aging,2025-06-30
7708,dry,dullness,sensitivity,2025-02-08
7709,combination,aging,sensitivity,2025-01-10
7710,sensitive,dullness,dehydration,2024-12-09
7711,dry,dullness,dehydration,2026-03-18
7712,dry,pigmentation,dehydration,2025-07-09
7713,dry,pigmentation,aging,2025-04-01
7714,normal,sensitivity,dehydration,2025-05-26
7715,oily,acne,sensitivity,2024-07-26
7716,combination,sensitivity,pigmentation,2024-08-03
7717,sensitive,sensitivity,pigmentation,2024-11-20
7718,sensitive,pigmentation,dehydration,2026-01-12
7719,combination,pigmentation,dullness,2025-06-15
7720,oily,pigmentation,acne,2024-11-26
7721,oily,dullness,dehydration,2025-12-22
7722,combination,pigmentation,dehydration,2025-02-01
7723,normal,dehydration,sensitivity,2026-01-05
7724,oily,aging,pigmentation,2026-03-26
7725,normal,sensitivity,acne,2026-01-12
7726,sensitive,sensitivity,aging,2024-08-28
7727,oily,aging,pigmentation,2024-07-09
7728,dry,dullness,acne,2024-10-19
7729,dry,acne,pigmentation,2025-12-20
7730,normal,acne,pigmentation,2024-12-14
7731,combination,dullness,pigmentation,2026-01-28
7732,dry,aging,dullness,2026-04-05
7733,dry,aging,dehydration,2025-12-29
7734,combination,acne,dehydration,2026-03-26
7735,oily,sensitivity,pigmentation,2025-03-25
7736,dry,aging,pigmentation,2025-02-22
7737,oily,aging,acne,2026-06-10
7738,sensitive,aging,dullness,2026-04-19
7739,sensitive,aging,pigmentation,2025-07-21
7740,combination,dullness,aging,2026-04-15
7741,oily,dehydration,acne,2024-11-08
7742,dry,dullness,sensitivity,2025-09-17
7743,normal,acne,aging,2025-09-08
7744,dry,sensitivity,aging,2026-07-03
7745,oily,pigmentation,dehydration,2025-02-09
7746,oily,acne,sensitivity,2025-01-25
7747,normal,acne,dehydration,2024-12-31
7748,oily,dehydration,dullness,2025-06-07
7749,combination,aging,dehydration,2025-12-21
7750,normal,acne,dullness,2026-05-10
7751,sensitive,dehydration,sensitivity,2025-11-18
7752,combination,pigmentation,dullness,2025-06-04
7753,dry,sensitivity,aging,2026-04-12
7754,oily,sensitivity,acne,2026-05-28
7755,oily,acne,sensitivity,2026-01-29
7756,normal,dehydration,acne,2026-05-16
7757,oily,dullness,dehydration,2026-06-26
7758,oily,pigmentation,sensitivity,2025-07-17
7759,normal,aging,dullness,2025-01-08
7760,combination,aging,dehydration,2025-07-06
7761,dry,acne,pigmentation,2026-05-01
7762,sensitive,dehydration,aging,2025-11-01
7763,combination,pigmentation,acne,2026-06-11
7764,normal,sensitivity,acne,2025-04-08
7765,combination,dehydration,pigmentation,2026-01-17
7766,sensitive,dullness,acne,2025-09-26
7767,normal,acne,dehydration,2024-09-15
7768,combination,acne,aging,2025-05-03
7769,dry,acne,dullness,2024-12-24
7770,normal,aging,sensitivity,2025-10-24
7771,dry,dehydration,sensitivity,2024-08-25
7772,oily,acne,dullness,2025-01-30
7773,combination,dehydration,pigmentation,2025-06-25
7774,normal,acne,sensitivity,2025-05-09
7775,oily,pigmentation,dehydration,2025-04-07
7776,normal,dullness,aging,2026-03-12
7777,normal,dehydration,acne,2026-01-04
7778,normal,dehydration,aging,2025-02-20
7779,combination,dullness,aging,2025-08-18
7780,dry,acne,pigmentation,2024-12-10
7781,combination,pigmentation,dehydration,2025-06-17
7782,oily,dehydration,dullness,2026-05-19
7783,normal,acne,dullness,2025-03-08
7784,sensitive,dehydration,dullness,2025-04-17
7785,combination,dehydration,pigmentation,2025-10-13
7786,combination,dehydration,dullness,2024-12-06
7787,sensitive,pigmentation,sensitivity,2025-10-23
7788,combination,pigmentation,dehydration,2026-04-14
7789,normal,pigmentation,dullness,2026-04-09
7790,normal,aging,dullness,2024-09-15
7791,normal,dullness,sensitivity,2025-10-05
7792,sensitive,acne,dehydration,2025-09-06
7793,sensitive,dullness,acne,2025-11-25
7794,dry,pigmentation,dullness,2025-01-13
7795,oily,dullness,acne,2025-04-20
7796,combination,pigmentation,dullness,2024-09-17
7797,normal,sensitivity,dehydration,2024-09-21
7798,oily,pigmentation,dullness,2024-07-13
7799,combination,sensitivity,aging,2025-11-08
7800,oily,pigmentation,dehydration,2025-05-06
7801,combination,acne,dehydration,2025-10-26
7802,oily,pigmentation,dullness,2025-02-07
7803,sensitive,aging,dullness,2025-01-06
7804,normal,sensitivity,dullness,2026-01-04
7805,sensitive,pigmentation,dehydration,2024-10-16
7806,sensitive,dehydration,aging,2025-12-06
7807,dry,dehydration,pigmentation,2024-07-18
7808,combination,aging,sensitivity,2024-10-23
7809,oily,aging,pigmentation,2026-06-23
7810,dry,sensitivity,acne,2025-09-18
7811,combination,dehydration,sensitivity,2025-09-26
7812,sensitive,pigmentation,acne,2024-11-12
7813,oily,sensitivity,dehydration,2025-01-23
7814,normal,aging,sensitivity,2026-05-31
7815,combination,acne,dullness,2024-10-30
7816,normal,dehydration,pigmentation,2026-01-28
7817,combination,sensitivity,dehydration,2025-10-09
7818,combination,aging,sensitivity,2026-03-04
7819,sensitive,dehydration,aging,2026-03-13
7820,normal,pigmentation,dullness,2025-06-16
7821,oily,sensitivity,pigmentation,2026-05-06
7822,combination,aging,acne,2026-05-09
7823,oily,pigmentation,dullness,2024-12-09
7824,combination,dullness,dehydration,2025-10-28
7825,normal,pigmentation,aging,2025-03-20
7826,normal,dullness,aging,2024-07-16
7827,dry,dehydration,acne,2026-05-30
7828,dry,aging,dullness,2024-12-03
7829,combination,dehydration,dullness,2026-04-17
7830,dry,aging,pigmentation,2024-12-28
7831,oily,sensitivity,aging,2025-11-25
7832,dry,pigmentation,sensitivity,2026-03-30
7833,combination,dehydration,aging,2026-01-20
7834,combination,dullness,dehydration,2025-10-13
7835,normal,sensitivity,pigmentation,2025-01-19
7836,combination,pigmentation,dehydration,2025-02-24
7837,dry,pigmentation,dehydration,2025-01-20
7838,sensitive,sensitivity,pigmentation,2026-06-21
7839,sensitive,sensitivity,acne,2024-07-24
7840,combination,dehydration,dullness,2025-08-23
7841,combination,aging,acne,2026-04-16
7842,dry,aging,acne,2024-08-27
7843,normal,dullness,acne,2024-12-04
7844,normal,dehydration,pigmentation,2026-05-07
7845,oily,pigmentation,dehydration,2025-08-21
7846,dry,acne,dullness,2024-09-12
7847,dry,acne,dehydration,2025-02-22
7848,normal,aging,pigmentation,2026-02-14
7849,oily,dehydration,aging,2025-02-09
7850,dry,aging,acne,2026-02-18
7851,dry,dullness,dehydration,2025-10-22
7852,combination,aging,sensitivity,2026-02-14
7853,dry,pigmentation,acne,2025-02-15
7854,combination,dehydration,acne,2024-08-25
7855,sensitive,dehydration,pigmentation,2026-06-04
7856,normal,sensitivity,pigmentation,2025-04-21
7857,oily,dehydration,sensitivity,2026-01-06
7858,oily,aging,acne,2025-01-04
7859,oily,dehydration,acne,2026-03-27
7860,normal,aging,sensitivity,2025-10-12
7861,sensitive,sensitivity,aging,2026-02-06
7862,combination,dullness,aging,2024-10-06
7863,sensitive,sensitivity,dehydration,2026-05-07
7864,combination,pigmentation,dehydration,2025-05-07
7865,dry,acne,pigmentation,2026-04-09
7866,combination,acne,dullness,2025-04-24
7867,sensitive,dullness,aging,2024-12-22
7868,oily,sensitivity,aging,2025-01-03
7869,sensitive,dullness,acne,2026-06-12
7870,combination,dehydration,aging,2024-12-18
7871,oily,aging,sensitivity,2025-12-01
7872,dry,sensitivity,aging,2025-02-23
7873,combination,sensitivity,aging,2024-08-01
7874,dry,pigmentation,acne,2026-04-11
7875,dry,sensitivity,aging,2025-10-14
7876,sensitive,acne,aging,2024-10-11
7877,combination,dullness,acne,2026-03-25
7878,combination,aging,acne,2025-12-28
7879,sensitive,pigmentation,acne,2025-05-31
7880,oily,sensitivity,dehydration,2024-07-08
7881,dry,dullness,pigmentation,2025-12-03
7882,oily,acne,dehydration,2025-09-28
7883,normal,acne,dullness,2024-12-02
7884,oily,acne,aging,2026-04-10
7885,normal,pigmentation,dehydration,2025-11-09
7886,oily,acne,dehydration,2025-11-17
7887,dry,pigmentation,dehydration,2025-09-16
7888,sensitive,dehydration,acne,2025-05-13
7889,normal,sensitivity,acne,2026-01-25
7890,oily,dehydration,sensitivity,2025-09-23
7891,dry,aging,sensitivity,2024-09-04
7892,normal,dehydration,aging,2024-11-08
7893,dry,sensitivity,dullness,2024-08-06
7894,dry,acne,sensitivity,2025-02-23
7895,sensitive,sensitivity,dullness,2025-05-07
7896,oily,dehydration,sensitivity,2026-01-31
7897,normal,aging,pigmentation,2026-03-12
7898,normal,aging,pigmentation,2025-06-08
7899,normal,aging,pigmentation,2025-09-14
7900,dry,acne,dullness,2024-12-08
7901,oily,pigmentation,dullness,2026-06-29
7902,combination,pigmentation,acne,2024-09-23
7903,dry,acne,pigmentation,2026-03-04
7904,normal,dullness,pigmentation,2025-09-21
7905,sensitive,aging,pigmentation,2025-10-19
7906,normal,pigmentation,acne,2024-08-30
7907,sensitive,pigmentation,dehydration,2025-01-26
7908,sensitive,sensitivity,dehydration,2026-06-10
7909,oily,dehydration,dullness,2024-10-21
7910,oily,aging,pigmentation,2025-02-27
7911,oily,dehydration,acne,2026-05-18
7912,combination,aging,acne,2024-12-12
7913,dry,pigmentation,acne,2026-06-12
7914,normal,dehydration,acne,2025-08-30
7915,oily,dehydration,acne,2026-03-10
7916,normal,dullness,sensitivity,2026-06-28
7917,sensitive,dullness,sensitivity,2025-05-23
7918,oily,acne,dehydration,2025-02-19
7919,oily,dullness,aging,2025-07-21
7920,dry,dullness,dehydration,2025-10-29
7921,dry,aging,dehydration,2025-06-26
7922,dry,pigmentation,acne,2026-03-18
7923,combination,sensitivity,aging,2026-05-31
7924,oily,aging,dehydration,2026-03-14
7925,oily,pigmentation,sensitivity,2026-05-28
7926,sensitive,dehydration,dullness,2024-12-21
7927,normal,aging,dehydration,2025-04-18
7928,dry,dullness,acne,2026-02-20
7929,normal,dullness,pigmentation,2025-05-16
7930,dry,aging,pigmentation,2025-07-18
7931,dry,acne,dullness,2026-04-16
7932,oily,pigmentation,acne,2024-07-27
7933,combination,sensitivity,dullness,2024-08-20
7934,combination,dullness,acne,2024-12-29
7935,sensitive,aging,sensitivity,2024-11-22
7936,oily,pigmentation,sensitivity,2025-06-02
7937,oily,dehydration,sensitivity,2024-11-26
7938,combination,sensitivity,pigmentation,2025-06-15
7939,oily,dehydration,acne,2026-03-07
7940,oily,dullness,aging,2026-03-06
7941,sensitive,aging,pigmentation,2024-10-20
7942,normal,sensitivity,dehydration,2025-08-14
7943,combination,sensitivity,acne,2025-01-19
7944,oily,aging,dehydration,2026-03-23
7945,normal,sensitivity,pigmentation,2025-08-13
7946,combination,dehydration,sensitivity,2026-05-06
7947,sensitive,sensitivity,pigmentation,2026-01-26
7948,oily,acne,dullness,2026-04-18
7949,combination,acne,sensitivity,2026-02-04
7950,oily,pigmentation,aging,2025-04-19
7951,sensitive,dehydration,dullness,2026-07-03
7952,dry,acne,sensitivity,2026-02-15
7953,normal,acne,pigmentation,2025-02-16
7954,oily,acne,aging,2026-03-19
7955,sensitive,pigmentation,dehydration,2025-05-26
7956,oily,sensitivity,dehydration,2024-10-11
7957,sensitive,dehydration,aging,2024-12-13
7958,combination,dehydration,dullness,2026-04-08
7959,normal,pigmentation,dullness,2026-03-21
7960,sensitive,dullness,aging,2025-02-06
7961,dry,dehydration,dullness,2025-10-26
7962,oily,dullness,acne,2025-09-05
7963,combination,sensitivity,acne,2025-07-23
7964,combination,dullness,sensitivity,2025-05-09
7965,oily,pigmentation,aging,2025-08-12
7966,combination,dullness,aging,2026-06-19
7967,dry,sensitivity,pigmentation,2026-04-28
7968,dry,dehydration,aging,2026-07-06
7969,oily,aging,dehydration,2025-12-25
7970,dry,dullness,aging,2024-11-16
7971,dry,sensitivity,dullness,2024-07-26
7972,oily,dehydration,acne,2025-07-24
7973,combination,dullness,acne,2026-06-17
7974,dry,pigmentation,aging,2026-05-15
7975,oily,sensitivity,acne,2024-11-18
7976,combination,sensitivity,dehydration,2025-10-28
7977,oily,acne,sensitivity,2024-09-30
7978,normal,acne,sensitivity,2025-07-01
7979,combination,acne,dehydration,2024-10-02
7980,normal,aging,dehydration,2026-03-29
7981,normal,acne,pigmentation,2024-10-17
7982,normal,sensitivity,dullness,2025-06-02
7983,combination,sensitivity,pigmentation,2025-08-21
7984,combination,pigmentation,aging,2025-06-15
7985,sensitive,dehydration,sensitivity,2025-11-09
7986,oily,acne,dullness,2025-04-22
7987,normal,dehydration,dullness,2024-12-21
7988,dry,aging,dehydration,2024-11-21
7989,oily,acne,sensitivity,2024-07-21
7990,dry,aging,dehydration,2025-09-08
7991,dry,dehydration,aging,2024-12-21
7992,oily,sensitivity,pigmentation,2024-09-25
7993,sensitive,acne,dehydration,2026-06-24
7994,oily,sensitivity,pigmentation,2025-07-25
7995,normal,pigmentation,sensitivity,2025-02-09
7996,combination,aging,sensitivity,2025-08-06
7997,sensitive,acne,pigmentation,2026-04-24
7998,dry,sensitivity,pigmentation,2025-03-14
7999,oily,dehydration,acne,2025-09-13
8000,oily,dullness,acne,2025-04-11
8001,sensitive,dehydration,acne,2026-07-06
8002,sensitive,sensitivity,aging,2026-06-28
8003,dry,acne,sensitivity,2025-04-22
8004,dry,pigmentation,sensitivity,2024-07-18
8005,normal,acne,aging,2025-03-26
8006,normal,aging,acne,2024-08-16
8007,combination,aging,pigmentation,2024-10-25
8008,dry,acne,aging,2025-12-13
8009,dry,dullness,sensitivity,2026-04-23
8010,combination,acne,pigmentation,2025-05-24
8011,combination,dehydration,dullness,2025-04-09
8012,oily,dehydration,dullness,2024-12-20
8013,oily,dehydration,pigmentation,2025-06-21
8014,combination,acne,sensitivity,2024-09-02
8015,sensitive,sensitivity,dullness,2024-10-28
8016,oily,dullness,aging,2025-05-04
8017,combination,sensitivity,dehydration,2025-05-29
8018,oily,dehydration,dullness,2026-06-23
8019,dry,dullness,sensitivity,2024-12-13
8020,sensitive,acne,dehydration,2025-02-24
8021,dry,dehydration,sensitivity,2024-09-19
8022,dry,aging,pigmentation,2026-04-29
8023,normal,sensitivity,pigmentation,2026-03-22
8024,oily,dehydration,pigmentation,2025-03-03
8025,oily,acne,dullness,2025-07-14
8026,normal,sensitivity,dullness,2025-05-03
8027,combination,acne,dehydration,2025-08-23
8028,oily,pigmentation,acne,2025-03-25
8029,combination,pigmentation,sensitivity,2025-03-12
8030,combination,sensitivity,dullness,2026-02-18
8031,dry,acne,dullness,2024-12-28
8032,combination,sensitivity,aging,2025-07-11
8033,sensitive,pigmentation,acne,2025-05-12
8034,dry,dullness,sensitivity,2025-04-11
8035,normal,acne,dehydration,2025-01-08
8036,combination,aging,dehydration,2025-11-29
8037,normal,dullness,acne,2026-07-02
8038,oily,dehydration,acne,2026-02-24
8039,dry,sensitivity,pigmentation,2024-07-31
8040,sensitive,dehydration,dullness,2026-01-25
8041,normal,dullness,pigmentation,2026-01-05
8042,dry,pigmentation,sensitivity,2024-10-17
8043,normal,pigmentation,aging,2026-01-15
8044,oily,sensitivity,pigmentation,2025-08-01
8045,combination,dullness,sensitivity,2025-10-09
8046,dry,sensitivity,dullness,2025-03-10
8047,combination,aging,pigmentation,2025-04-28
8048,normal,aging,dehydration,2025-06-25
8049,sensitive,dehydration,acne,2025-07-05
8050,sensitive,dehydration,pigmentation,2024-11-04
8051,dry,pigmentation,acne,2025-05-07
8052,normal,dullness,sensitivity,2025-06-30
8053,combination,pigmentation,dullness,2024-09-26
8054,sensitive,dehydration,pigmentation,2026-04-29
8055,sensitive,acne,sensitivity,2024-11-04
8056,sensitive,dehydration,aging,2026-02-12
8057,sensitive,sensitivity,aging,2025-11-06
8058,combination,acne,dehydration,2026-06-27
8059,sensitive,dullness,dehydration,2025-05-15
8060,normal,acne,dehydration,2024-11-06
8061,dry,aging,dullness,2025-09-30
8062,combination,aging,dehydration,2025-03-09
8063,oily,dullness,sensitivity,2025-09-22
8064,dry,sensitivity,dullness,2024-12-29
8065,sensitive,aging,dehydration,2024-07-06
8066,sensitive,aging,dehydration,2025-01-30
8067,dry,acne,sensitivity,2025-10-31
8068,combination,sensitivity,aging,2024-11-11
8069,normal,pigmentation,sensitivity,2026-06-09
8070,oily,aging,sensitivity,2024-07-15
8071,oily,acne,dehydration,2024-10-31
8072,dry,pigmentation,sensitivity,2025-03-16
8073,sensitive,dullness,pigmentation,2025-04-09
8074,dry,sensitivity,dehydration,2026-01-03
8075,normal,pigmentation,sensitivity,2025-08-25
8076,normal,dullness,sensitivity,2026-04-23
8077,combination,sensitivity,acne,2025-11-01
8078,dry,aging,pigmentation,2025-05-01
8079,oily,pigmentation,dullness,2025-10-15
8080,normal,acne,aging,2024-12-20
8081,normal,sensitivity,acne,2024-10-21
8082,combination,acne,dullness,2025-05-22
8083,combination,pigmentation,dehydration,2025-10-30
8084,sensitive,acne,sensitivity,2025-11-27
8085,sensitive,dehydration,aging,2025-06-02
8086,oily,aging,acne,2025-01-26
8087,sensitive,dehydration,pigmentation,2026-04-05
8088,normal,dullness,aging,2025-08-13
8089,sensitive,acne,sensitivity,2025-08-18
8090,combination,pigmentation,acne,2025-12-09
8091,combination,acne,aging,2026-01-14
8092,dry,acne,aging,2024-10-30
8093,sensitive,aging,dullness,2025-08-24
8094,dry,pigmentation,acne,2025-05-11
8095,dry,acne,dehydration,2026-06-09
8096,dry,aging,pigmentation,2025-12-11
8097,dry,aging,acne,2026-01-24
8098,dry,sensitivity,aging,2025-11-08
8099,oily,dullness,dehydration,2024-10-29
8100,sensitive,aging,dullness,2025-05-15
8101,combination,aging,acne,2024-09-15
8102,normal,acne,aging,2025-08-31
8103,oily,aging,dehydration,2024-12-21
8104,sensitive,dullness,aging,2026-03-11
8105,oily,acne,dullness,2024-11-18
8106,combination,sensitivity,dehydration,2025-04-16
8107,combination,dullness,acne,2026-06-08
8108,combination,dehydration,dullness,2025-02-18
8109,sensitive,pigmentation,aging,2025-07-21
8110,normal,sensitivity,pigmentation,2026-07-06
8111,dry,aging,dullness,2024-10-25
8112,normal,sensitivity,acne,2025-06-09
8113,oily,dullness,aging,2025-04-19
8114,dry,dullness,acne,2025-05-11
8115,dry,pigmentation,dullness,2026-05-01
8116,normal,sensitivity,pigmentation,2025-11-06
8117,oily,pigmentation,dullness,2025-02-09
8118,dry,acne,pigmentation,2025-11-01
8119,combination,aging,pigmentation,2024-09-25
8120,normal,sensitivity,acne,2025-11-16
8121,combination,sensitivity,pigmentation,2025-08-05
8122,normal,sensitivity,acne,2025-08-15
8123,sensitive,dullness,aging,2026-06-23
8124,sensitive,sensitivity,pigmentation,2024-11-20
8125,sensitive,aging,dehydration,2026-03-29
8126,oily,aging,acne,2025-07-29
8127,combination,pigmentation,dehydration,2024-09-11
8128,combination,dehydration,acne,2024-07-10
8129,dry,pigmentation,dehydration,2026-01-19
8130,oily,pigmentation,dehydration,2025-10-05
8131,oily,aging,dehydration,2025-05-19
8132,sensitive,dullness,acne,2025-02-10
8133,sensitive,pigmentation,dullness,2026-01-05
8134,dry,aging,pigmentation,2025-05-31
8135,sensitive,pigmentation,dehydration,2024-11-04
8136,sensitive,dullness,pigmentation,2024-12-26
8137,normal,dehydration,acne,2024-11-13
8138,normal,dehydration,aging,2024-09-25
8139,normal,acne,dullness,2024-10-15
8140,oily,aging,acne,2025-06-27
8141,sensitive,dullness,acne,2024-07-24
8142,dry,pigmentation,sensitivity,2025-07-10
8143,combination,acne,pigmentation,2025-02-03
8144,sensitive,pigmentation,sensitivity,2024-08-16
8145,sensitive,dehydration,aging,2026-06-05
8146,combination,dullness,acne,2024-08-23
8147,normal,acne,pigmentation,2024-11-13
8148,oily,dehydration,pigmentation,2024-07-08
8149,oily,pigmentation,sensitivity,2024-12-19
8150,oily,dehydration,pigmentation,2026-03-14
8151,normal,dullness,dehydration,2025-11-28
8152,combination,acne,aging,2026-07-04
8153,combination,aging,pigmentation,2025-04-18
8154,sensitive,dehydration,acne,2025-08-21
8155,combination,aging,sensitivity,2025-07-24
8156,combination,dehydration,acne,2025-01-16
8157,oily,dehydration,aging,2024-11-14
8158,oily,acne,dullness,2026-05-14
8159,normal,sensitivity,pigmentation,2024-09-04
8160,combination,aging,sensitivity,2025-10-06
8161,oily,dehydration,pigmentation,2025-01-03
8162,dry,aging,sensitivity,2025-05-07
8163,dry,dullness,sensitivity,2025-08-16
8164,dry,aging,dullness,2026-02-01
8165,dry,sensitivity,dullness,2026-02-18
8166,sensitive,acne,aging,2025-01-18
8167,oily,sensitivity,dullness,2025-11-14
8168,dry,pigmentation,dullness,2026-01-20
8169,combination,sensitivity,dehydration,2026-07-02
8170,combination,acne,dehydration,2024-10-30
8171,normal,acne,dullness,2025-09-20
8172,normal,acne,aging,2025-10-25
8173,dry,dullness,pigmentation,2025-10-08
8174,combination,pigmentation,aging,2025-04-25
8175,oily,dullness,dehydration,2025-07-19
8176,sensitive,dehydration,sensitivity,2025-06-04
8177,oily,acne,aging,2025-12-15
8178,oily,dullness,acne,2025-12-02
8179,sensitive,dehydration,acne,2024-10-14
8180,oily,aging,dullness,2025-08-20
8181,combination,sensitivity,pigmentation,2024-07-25
8182,oily,dullness,acne,2024-10-26
8183,sensitive,acne,aging,2025-02-01
8184,sensitive,dullness,acne,2025-06-01
8185,combination,aging,dehydration,2024-11-01
8186,normal,acne,sensitivity,2026-05-27
8187,combination,sensitivity,dehydration,2025-07-07
8188,oily,pigmentation,sensitivity,2025-01-31
8189,oily,acne,dullness,2026-04-18
8190,dry,pigmentation,aging,2026-02-23
8191,dry,dehydration,aging,2026-05-20
8192,dry,dullness,sensitivity,2025-07-16
8193,dry,dehydration,acne,2025-06-06
8194,combination,aging,acne,2025-07-29
8195,oily,acne,pigmentation,2026-05-27
8196,sensitive,aging,dehydration,2025-07-16
8197,dry,pigmentation,sensitivity,2024-09-25
8198,sensitive,dullness,aging,2026-06-14
8199,combination,pigmentation,dehydration,2024-12-16
8200,normal,sensitivity,aging,2025-12-19
8201,combination,aging,pigmentation,2026-05-13
8202,dry,pigmentation,aging,2026-05-30
8203,combination,sensitivity,aging,2026-06-27
8204,sensitive,dullness,sensitivity,2025-09-06
8205,combination,pigmentation,dehydration,2025-07-07
8206,combination,aging,pigmentation,2025-04-08
8207,combination,pigmentation,dehydration,2026-05-08
8208,dry,dehydration,dullness,2025-03-15
8209,dry,dullness,acne,2025-01-12
8210,normal,dehydration,dullness,2026-05-20
8211,sensitive,sensitivity,acne,2025-02-28
8212,oily,dehydration,acne,2026-04-11
8213,normal,aging,dehydration,2025-08-19
8214,sensitive,pigmentation,sensitivity,2025-03-10
8215,oily,dullness,acne,2024-10-08
8216,sensitive,aging,dehydration,2025-06-13
8217,combination,pigmentation,aging,2025-08-22
8218,normal,dehydration,acne,2024-11-04
8219,combination,sensitivity,acne,2026-01-29
8220,combination,aging,acne,2026-02-07
8221,dry,dehydration,dullness,2025-07-31
8222,dry,sensitivity,dehydration,2026-04-10
8223,sensitive,acne,aging,2026-06-20
8224,normal,aging,sensitivity,2025-10-15
8225,normal,dehydration,pigmentation,2026-03-17
8226,sensitive,aging,sensitivity,2025-03-28
8227,sensitive,dehydration,pigmentation,2025-05-31
8228,combination,aging,dehydration,2025-07-16
8229,dry,acne,pigmentation,2025-07-09
8230,sensitive,aging,sensitivity,2026-04-25
8231,dry,aging,dullness,2025-09-15
8232,dry,sensitivity,acne,2026-05-15
8233,normal,acne,dullness,2025-10-20
8234,combination,acne,sensitivity,2025-02-26
8235,dry,acne,dullness,2024-07-15
8236,normal,dullness,dehydration,2025-12-01
8237,normal,sensitivity,dehydration,2025-12-25
8238,dry,dullness,pigmentation,2025-03-04
8239,combination,dehydration,acne,2024-09-04
8240,combination,sensitivity,pigmentation,2025-12-03
8241,sensitive,dullness,aging,2024-11-01
8242,normal,dullness,acne,2025-11-18
8243,combination,pigmentation,aging,2025-03-26
8244,sensitive,sensitivity,pigmentation,2026-02-03
8245,combination,dehydration,acne,2025-12-27
8246,normal,sensitivity,aging,2024-07-17
8247,combination,sensitivity,pigmentation,2025-09-25
8248,dry,aging,sensitivity,2026-06-25
8249,combination,acne,aging,2024-12-19
8250,normal,sensitivity,dullness,2026-04-04
8251,sensitive,aging,sensitivity,2026-04-17
8252,oily,sensitivity,dehydration,2024-11-02
8253,oily,dehydration,dullness,2025-10-25
8254,combination,pigmentation,dullness,2026-03-28
8255,normal,aging,dullness,2024-07-23
8256,combination,dullness,acne,2025-12-13
8257,combination,aging,dehydration,2025-03-31
8258,sensitive,pigmentation,acne,2025-12-26
8259,combination,pigmentation,dehydration,2025-05-08
8260,normal,dullness,sensitivity,2025-02-12
8261,sensitive,acne,aging,2024-12-30
8262,sensitive,acne,sensitivity,2025-09-09
8263,sensitive,acne,pigmentation,2025-04-12
8264,sensitive,dehydration,dullness,2024-10-30
8265,oily,acne,aging,2024-10-30
8266,combination,aging,pigmentation,2025-01-06
8267,oily,acne,dullness,2025-09-17
8268,combination,dullness,acne,2025-06-13
8269,oily,acne,aging,2024-07-29
8270,combination,acne,dehydration,2026-01-05
8271,dry,aging,acne,2025-02-15
8272,oily,dehydration,pigmentation,2024-12-04
8273,oily,acne,dullness,2025-07-20
8274,combination,aging,sensitivity,2024-10-11
8275,oily,dehydration,pigmentation,2025-08-27
8276,normal,dullness,aging,2024-11-02
8277,sensitive,dehydration,sensitivity,2025-03-22
8278,sensitive,pigmentation,dullness,2026-05-30
8279,oily,sensitivity,dehydration,2024-11-12
8280,sensitive,acne,dehydration,2025-02-11
8281,sensitive,dullness,sensitivity,2026-01-25
8282,dry,aging,sensitivity,2025-02-07
8283,oily,acne,pigmentation,2025-06-28
8284,combination,sensitivity,acne,2024-08-16
8285,sensitive,dehydration,dullness,2025-11-26
8286,oily,pigmentation,sensitivity,2025-12-26
8287,oily,acne,pigmentation,2026-05-25
8288,dry,dehydration,aging,2024-12-09
8289,combination,dullness,acne,2024-07-16
8290,combination,acne,dullness,2025-02-18
8291,combination,sensitivity,dehydration,2025-10-10
8292,dry,dehydration,dullness,2024-10-02
8293,oily,aging,dullness,2026-01-02
8294,oily,pigmentation,dullness,2025-02-15
8295,oily,pigmentation,dullness,2025-04-26
8296,sensitive,aging,pigmentation,2024-10-21
8297,sensitive,acne,dehydration,2024-07-26
8298,combination,aging,acne,2025-10-17
8299,oily,pigmentation,aging,2026-04-28
8300,combination,acne,sensitivity,2026-03-13
8301,normal,acne,dullness,2025-01-12
8302,dry,aging,dehydration,2025-10-14
8303,combination,aging,sensitivity,2026-03-26
8304,combination,aging,sensitivity,2024-11-18
8305,dry,dehydration,acne,2025-03-19
8306,combination,dullness,aging,2026-04-01
8307,combination,pigmentation,acne,2025-01-31
8308,combination,sensitivity,acne,2025-03-27
8309,sensitive,dehydration,dullness,2024-07-17
8310,combination,aging,sensitivity,2024-07-15
8311,oily,acne,dehydration,2024-07-24
8312,oily,sensitivity,dullness,2024-09-20
8313,combination,dehydration,pigmentation,2024-12-04
8314,normal,aging,acne,2025-03-03
8315,oily,acne,dehydration,2025-06-03
8316,oily,acne,sensitivity,2024-12-04
8317,sensitive,pigmentation,dehydration,2024-07-30
8318,combination,pigmentation,sensitivity,2026-04-12
8319,dry,pigmentation,acne,2026-03-29
8320,dry,aging,pigmentation,2025-07-07
8321,sensitive,acne,pigmentation,2025-12-04
8322,combination,pigmentation,dehydration,2025-06-13
8323,sensitive,sensitivity,aging,2025-11-21
8324,dry,sensitivity,dullness,2024-12-11
8325,combination,acne,dehydration,2024-09-18
8326,normal,dehydration,dullness,2025-12-12
8327,dry,sensitivity,aging,2024-12-19
8328,dry,dullness,pigmentation,2026-04-20
8329,oily,aging,pigmentation,2024-12-01
8330,sensitive,aging,dullness,2025-02-11
8331,oily,pigmentation,sensitivity,2025-02-02
8332,dry,aging,dehydration,2025-07-11
8333,sensitive,sensitivity,dehydration,2026-04-19
8334,oily,dullness,acne,2024-10-29
8335,normal,aging,acne,2026-04-17
8336,combination,acne,dehydration,2025-07-20
8337,dry,sensitivity,pigmentation,2026-03-01
8338,combination,acne,dullness,2024-10-26
8339,sensitive,dehydration,aging,2025-05-13
8340,combination,pigmentation,sensitivity,2025-06-30
8341,normal,pigmentation,dullness,2025-11-17
8342,normal,pigmentation,acne,2024-12-11
8343,dry,aging,dullness,2026-02-03
8344,sensitive,dehydration,acne,2025-01-26
8345,dry,aging,pigmentation,2024-07-28
8346,normal,acne,dehydration,2025-12-24
8347,dry,pigmentation,dehydration,2025-02-20
8348,dry,acne,dullness,2025-11-22
8349,sensitive,aging,pigmentation,2024-08-26
8350,sensitive,sensitivity,pigmentation,2024-09-17
8351,oily,sensitivity,pigmentation,2025-11-19
8352,combination,sensitivity,aging,2026-01-19
8353,dry,acne,sensitivity,2026-05-07
8354,sensitive,aging,sensitivity,2025-02-12
8355,combination,acne,dehydration,2024-09-02
8356,normal,aging,pigmentation,2026-03-22
8357,normal,dullness,aging,2024-11-17
8358,sensitive,dehydration,pigmentation,2024-12-31
8359,sensitive,aging,sensitivity,2025-07-26
8360,normal,acne,pigmentation,2026-01-24
8361,oily,aging,dullness,2025-03-16
8362,sensitive,aging,sensitivity,2025-04-28
8363,sensitive,dullness,pigmentation,2024-11-20
8364,oily,acne,sensitivity,2025-05-20
8365,normal,dullness,acne,2026-06-01
8366,sensitive,aging,sensitivity,2026-02-08
8367,dry,dehydration,dullness,2025-10-01
8368,combination,sensitivity,pigmentation,2025-07-12
8369,combination,pigmentation,aging,2025-10-24
8370,normal,dehydration,dullness,2024-10-02
8371,normal,acne,dullness,2025-12-13
8372,normal,sensitivity,acne,2025-02-24
8373,sensitive,aging,dehydration,2025-10-15
8374,oily,dehydration,acne,2024-07-11
8375,normal,dehydration,acne,2024-09-05
8376,oily,dullness,acne,2024-12-10
8377,oily,aging,pigmentation,2024-12-24
8378,oily,dehydration,aging,2025-03-23
8379,normal,aging,pigmentation,2025-05-03
8380,combination,dullness,aging,2025-05-21
8381,dry,dullness,sensitivity,2026-06-17
8382,oily,aging,dullness,2024-08-20
8383,combination,acne,pigmentation,2024-07-19
8384,sensitive,pigmentation,sensitivity,2025-06-16
8385,normal,sensitivity,pigmentation,2024-10-08
8386,combination,dullness,pigmentation,2025-09-15
8387,sensitive,dullness,acne,2026-04-15
8388,normal,pigmentation,acne,2024-11-03
8389,normal,dehydration,pigmentation,2025-06-29
8390,dry,aging,pigmentation,2024-08-18
8391,normal,pigmentation,dullness,2026-02-01
8392,combination,acne,dehydration,2025-07-21
8393,normal,aging,sensitivity,2025-03-06
8394,oily,dullness,dehydration,2026-03-28
8395,oily,pigmentation,dullness,2024-07-08
8396,normal,pigmentation,dullness,2025-04-18
8397,sensitive,pigmentation,aging,2026-03-03
8398,oily,pigmentation,acne,2025-01-11
8399,normal,dehydration,acne,2024-10-02
8400,oily,aging,sensitivity,2025-10-06
8401,sensitive,aging,sensitivity,2025-04-17
8402,dry,acne,dullness,2025-01-06
8403,oily,dullness,pigmentation,2026-03-22
8404,normal,sensitivity,dehydration,2025-06-13
8405,normal,dehydration,dullness,2025-05-24
8406,oily,aging,pigmentation,2025-11-28
8407,oily,pigmentation,dehydration,2025-11-29
8408,sensitive,aging,acne,2025-04-02
8409,oily,acne,pigmentation,2025-01-03
8410,sensitive,acne,sensitivity,2025-09-25
8411,normal,dehydration,sensitivity,2026-03-21
8412,sensitive,sensitivity,acne,2024-12-08
8413,dry,sensitivity,dehydration,2026-03-02
8414,oily,dullness,pigmentation,2026-07-04
8415,sensitive,sensitivity,acne,2025-11-13
8416,oily,aging,pigmentation,2024-11-15
8417,combination,pigmentation,aging,2024-12-30
8418,combination,pigmentation,aging,2025-11-24
8419,sensitive,pigmentation,acne,2025-06-22
8420,dry,dehydration,acne,2024-08-04
8421,sensitive,acne,aging,2025-01-27
8422,sensitive,sensitivity,dullness,2024-12-29
8423,dry,dehydration,aging,2026-05-03
8424,dry,aging,sensitivity,2026-01-11
8425,oily,dehydration,dullness,2026-04-21
8426,combination,acne,pigmentation,2024-07-21
8427,dry,aging,pigmentation,2025-10-29
8428,oily,acne,aging,2025-07-06
8429,combination,acne,dehydration,2025-05-29
8430,combination,acne,aging,2025-06-19
8431,oily,dehydration,acne,2026-05-29
8432,oily,dehydration,acne,2024-09-10
8433,oily,sensitivity,aging,2025-10-01
8434,sensitive,sensitivity,dehydration,2024-09-03
8435,dry,sensitivity,acne,2024-12-24
8436,oily,sensitivity,dullness,2025-02-12
8437,oily,acne,sensitivity,2025-02-08
8438,normal,dehydration,aging,2024-07-21
8439,dry,dehydration,dullness,2025-11-27
8440,sensitive,acne,pigmentation,2025-11-08
8441,combination,acne,aging,2025-03-03
8442,oily,sensitivity,aging,2026-01-18
8443,dry,sensitivity,aging,2024-11-26
8444,oily,pigmentation,dullness,2026-06-15
8445,sensitive,acne,aging,2024-09-19
8446,dry,aging,pigmentation,2025-10-26
8447,combination,acne,aging,2026-07-03
8448,oily,dehydration,dullness,2025-04-22
8449,normal,aging,dullness,2025-12-17
8450,dry,acne,dullness,2025-11-25
8451,combination,sensitivity,dullness,2025-07-20
8452,normal,dehydration,dullness,2025-05-09
8453,sensitive,sensitivity,dullness,2026-03-29
8454,sensitive,sensitivity,acne,2026-06-01
8455,normal,acne,dehydration,2025-08-03
8456,oily,dehydration,acne,2025-10-21
8457,normal,dehydration,dullness,2025-05-07
8458,combination,dehydration,aging,2025-01-06
8459,combination,pigmentation,aging,2025-04-13
8460,dry,aging,dehydration,2026-04-21
8461,sensitive,sensitivity,dehydration,2024-07-08
8462,normal,acne,sensitivity,2025-01-30
8463,sensitive,dullness,pigmentation,2026-06-01
8464,oily,dehydration,acne,2024-12-26
8465,combination,dehydration,acne,2024-10-01
8466,sensitive,dullness,pigmentation,2025-05-17
8467,dry,dehydration,pigmentation,2024-11-05
8468,sensitive,sensitivity,pigmentation,2024-09-27
8469,sensitive,dehydration,acne,2024-08-01
8470,oily,acne,pigmentation,2024-08-08
8471,combination,pigmentation,dehydration,2026-02-15
8472,oily,pigmentation,dehydration,2026-06-11
8473,combination,aging,sensitivity,2025-03-17
8474,dry,aging,pigmentation,2025-02-25
8475,normal,pigmentation,sensitivity,2025-05-17
8476,normal,dehydration,pigmentation,2026-01-14
8477,combination,acne,aging,2024-08-12
8478,combination,dehydration,aging,2025-09-11
8479,sensitive,dullness,aging,2025-01-10
8480,sensitive,sensitivity,acne,2025-04-07
8481,sensitive,acne,aging,2024-09-20
8482,sensitive,pigmentation,aging,2025-02-01
8483,normal,sensitivity,pigmentation,2025-03-30
8484,normal,aging,dullness,2024-10-30
8485,oily,dullness,acne,2026-05-28
8486,combination,acne,sensitivity,2025-02-06
8487,combination,dehydration,dullness,2025-05-04
8488,combination,pigmentation,dullness,2024-12-15
8489,combination,sensitivity,dullness,2026-01-24
8490,sensitive,aging,dehydration,2025-04-25
8491,combination,pigmentation,dullness,2025-12-11
8492,dry,dullness,pigmentation,2026-04-12
8493,combination,aging,acne,2025-05-12
8494,normal,aging,sensitivity,2026-06-21
8495,dry,sensitivity,acne,2026-04-29
8496,oily,aging,sensitivity,2025-06-14
8497,normal,aging,dehydration,2024-09-18
8498,oily,dullness,dehydration,2025-01-29
8499,sensitive,pigmentation,aging,2026-06-25
8500,normal,dehydration,pigmentation,2026-04-18
8501,dry,pigmentation,aging,2025-08-25
8502,dry,pigmentation,sensitivity,2025-08-27
8503,dry,acne,pigmentation,2026-06-07
8504,oily,aging,dehydration,2025-12-31
8505,oily,dullness,aging,2026-04-05
8506,oily,dehydration,aging,2025-05-18
8507,combination,sensitivity,aging,2025-03-12
8508,combination,dehydration,sensitivity,2025-09-24
8509,oily,pigmentation,aging,2025-05-15
8510,normal,dehydration,dullness,2026-02-09
8511,sensitive,pigmentation,sensitivity,2024-10-22
8512,oily,pigmentation,acne,2026-07-03
8513,normal,aging,pigmentation,2025-07-03
8514,oily,dullness,dehydration,2025-11-13
8515,combination,pigmentation,acne,2025-08-11
8516,combination,sensitivity,aging,2025-06-24
8517,combination,pigmentation,sensitivity,2025-03-21
8518,normal,aging,sensitivity,2024-08-26
8519,normal,dullness,pigmentation,2025-05-22
8520,dry,aging,pigmentation,2026-01-21
8521,combination,aging,pigmentation,2025-06-18
8522,normal,sensitivity,aging,2025-06-27
8523,sensitive,aging,dehydration,2024-10-12
8524,normal,acne,dehydration,2025-05-18
8525,combination,dehydration,pigmentation,2024-10-10
8526,dry,dehydration,acne,2025-03-19
8527,combination,pigmentation,sensitivity,2025-05-14
8528,normal,sensitivity,acne,2025-11-08
8529,normal,aging,sensitivity,2025-12-31
8530,sensitive,acne,dehydration,2026-04-25
8531,sensitive,pigmentation,acne,2025-06-01
8532,combination,dehydration,aging,2024-09-01
8533,dry,pigmentation,acne,2026-06-27
8534,combination,aging,pigmentation,2024-08-09
8535,combination,dehydration,acne,2024-10-16
8536,normal,sensitivity,dehydration,2025-08-20
8537,combination,aging,dehydration,2025-11-19
8538,sensitive,sensitivity,dullness,2025-05-08
8539,oily,pigmentation,dullness,2024-10-19
8540,sensitive,sensitivity,aging,2026-06-15
8541,combination,pigmentation,sensitivity,2025-08-12
8542,normal,acne,sensitivity,2026-06-02
8543,combination,dehydration,dullness,2025-03-23
8544,combination,dehydration,dullness,2026-05-11
8545,oily,sensitivity,aging,2025-11-17
8546,normal,sensitivity,dehydration,2025-01-12
8547,sensitive,acne,pigmentation,2025-01-03
8548,normal,dullness,aging,2026-01-21
8549,oily,dehydration,acne,2025-06-27
8550,dry,dullness,acne,2026-02-22
8551,normal,acne,sensitivity,2025-04-30
8552,oily,acne,dehydration,2026-06-30
8553,combination,dehydration,dullness,2024-11-19
8554,combination,sensitivity,dullness,2026-06-20
8555,normal,pigmentation,sensitivity,2025-04-18
8556,normal,acne,pigmentation,2025-09-13
8557,normal,aging,pigmentation,2026-01-24
8558,dry,pigmentation,sensitivity,2025-06-06
8559,combination,sensitivity,dullness,2026-03-25
8560,sensitive,sensitivity,aging,2025-05-09
8561,normal,dullness,aging,2025-03-22
8562,oily,sensitivity,aging,2025-08-06
8563,normal,pigmentation,aging,2025-10-15
8564,dry,sensitivity,acne,2025-08-05
8565,oily,aging,acne,2024-08-06
8566,sensitive,aging,acne,2025-01-02
8567,sensitive,acne,aging,2026-07-02
8568,oily,pigmentation,sensitivity,2025-12-07
8569,oily,pigmentation,acne,2026-06-18
8570,normal,aging,sensitivity,2026-01-14
8571,normal,pigmentation,acne,2024-12-14
8572,oily,acne,pigmentation,2024-10-20
8573,normal,dullness,acne,2025-08-06
8574,normal,sensitivity,aging,2025-02-18
8575,normal,acne,aging,2025-10-09
8576,dry,dullness,dehydration,2025-07-23
8577,combination,sensitivity,aging,2024-11-07
8578,normal,aging,dehydration,2025-12-17
8579,normal,pigmentation,dullness,2025-11-16
8580,sensitive,acne,aging,2026-03-29
8581,oily,sensitivity,aging,2026-01-28
8582,oily,aging,pigmentation,2026-06-09
8583,dry,acne,dullness,2024-11-17
8584,oily,sensitivity,aging,2024-10-21
8585,oily,dehydration,acne,2025-09-01
8586,oily,dehydration,pigmentation,2025-04-29
8587,sensitive,acne,aging,2026-01-06
8588,combination,acne,sensitivity,2026-06-03
8589,combination,pigmentation,dehydration,2025-06-25
8590,normal,acne,dullness,2026-03-13
8591,combination,dullness,dehydration,2024-10-24
8592,combination,aging,pigmentation,2025-12-14
8593,dry,dehydration,pigmentation,2025-01-13
8594,combination,acne,pigmentation,2025-12-26
8595,oily,dehydration,sensitivity,2026-04-05
8596,combination,sensitivity,pigmentation,2025-06-01
8597,normal,acne,dehydration,2026-02-22
8598,combination,dullness,dehydration,2025-09-18
8599,dry,dullness,dehydration,2025-12-04
8600,sensitive,acne,dullness,2024-09-30
8601,normal,pigmentation,dehydration,2025-07-04
8602,combination,dehydration,dullness,2025-01-27
8603,dry,sensitivity,dullness,2025-05-02
8604,sensitive,aging,acne,2024-09-09
8605,oily,acne,aging,2025-08-19
8606,normal,pigmentation,sensitivity,2024-10-14
8607,dry,sensitivity,aging,2024-09-18
8608,dry,dullness,sensitivity,2024-09-01
8609,sensitive,aging,dehydration,2025-02-13
8610,oily,acne,sensitivity,2024-07-20
8611,dry,dehydration,pigmentation,2025-01-08
8612,oily,aging,sensitivity,2025-11-21
8613,dry,dullness,pigmentation,2026-03-14
8614,combination,sensitivity,pigmentation,2026-02-03
8615,oily,dullness,sensitivity,2025-05-13
8616,dry,sensitivity,dehydration,2026-03-08
8617,sensitive,dullness,aging,2026-01-14
8618,normal,aging,sensitivity,2025-04-03
8619,oily,sensitivity,dehydration,2025-11-05
8620,sensitive,dullness,sensitivity,2025-02-24
8621,oily,dehydration,aging,2024-07-07
8622,combination,pigmentation,aging,2026-05-03
8623,normal,dehydration,aging,2025-03-25
8624,sensitive,dullness,dehydration,2024-11-13
8625,dry,acne,aging,2026-03-26
8626,dry,pigmentation,acne,2024-12-11
8627,sensitive,sensitivity,pigmentation,2025-07-01
8628,normal,dullness,acne,2025-04-03
8629,dry,dehydration,dullness,2026-05-30
8630,oily,pigmentation,acne,2025-08-22
8631,combination,pigmentation,dehydration,2025-10-11
8632,sensitive,sensitivity,acne,2026-03-16
8633,combination,aging,dehydration,2024-12-26
8634,normal,sensitivity,dullness,2025-07-02
8635,normal,dehydration,acne,2024-10-03
8636,sensitive,aging,acne,2026-03-12
8637,oily,sensitivity,dehydration,2025-01-18
8638,normal,dehydration,aging,2025-04-20
8639,sensitive,acne,dehydration,2025-03-18
8640,dry,acne,dullness,2025-11-22
8641,combination,acne,pigmentation,2025-02-17
8642,normal,dehydration,pigmentation,2026-01-07
8643,normal,acne,sensitivity,2024-12-26
8644,combination,pigmentation,sensitivity,2025-08-18
8645,oily,aging,acne,2025-07-21
8646,sensitive,acne,sensitivity,2025-05-08
8647,sensitive,pigmentation,dullness,2026-05-06
8648,oily,dehydration,acne,2025-10-11
8649,normal,sensitivity,dehydration,2026-02-08
8650,dry,aging,sensitivity,2024-08-01
8651,normal,dehydration,aging,2025-09-01
8652,combination,dullness,pigmentation,2026-07-02
8653,dry,aging,dullness,2026-06-17
8654,oily,dullness,sensitivity,2024-09-07
8655,oily,sensitivity,pigmentation,2026-03-14
8656,sensitive,acne,pigmentation,2026-07-06
8657,dry,dullness,pigmentation,2026-02-01
8658,normal,acne,sensitivity,2026-01-29
8659,dry,sensitivity,dehydration,2026-05-09
8660,normal,dullness,dehydration,2024-07-08
8661,normal,acne,dullness,2026-05-24
8662,oily,dullness,sensitivity,2025-01-20
8663,sensitive,aging,dullness,2024-11-02
8664,normal,acne,dehydration,2025-03-22
8665,dry,sensitivity,dehydration,2026-04-01
8666,oily,aging,dullness,2025-01-22
8667,normal,acne,dehydration,2025-11-07
8668,combination,dullness,dehydration,2025-09-11
8669,oily,aging,pigmentation,2026-01-04
8670,normal,dullness,dehydration,2024-12-10
8671,sensitive,acne,dullness,2025-05-09
8672,oily,dehydration,sensitivity,2026-03-15
8673,dry,aging,sensitivity,2025-09-12
8674,oily,aging,sensitivity,2024-12-03
8675,normal,dehydration,pigmentation,2024-08-20
8676,oily,dullness,aging,2024-08-19
8677,sensitive,acne,sensitivity,2026-03-30
8678,combination,dullness,sensitivity,2024-10-18
8679,combination,dullness,aging,2025-05-19
8680,normal,pigmentation,dehydration,2025-01-12
8681,normal,pigmentation,aging,2025-09-28
8682,oily,acne,dehydration,2025-03-17
8683,oily,sensitivity,dullness,2025-12-30
8684,oily,acne,aging,2025-06-21
8685,sensitive,dullness,acne,2026-01-22
8686,combination,sensitivity,aging,2025-09-21
8687,oily,aging,dullness,2025-09-11
8688,dry,pigmentation,dullness,2024-10-12
8689,combination,dehydration,pigmentation,2025-04-03
8690,sensitive,dullness,sensitivity,2025-03-20
8691,dry,acne,sensitivity,2025-12-11
8692,normal,dullness,sensitivity,2025-08-23
8693,normal,acne,dehydration,2025-07-26
8694,sensitive,aging,dullness,2024-12-10
8695,combination,pigmentation,dullness,2026-02-21
8696,normal,sensitivity,dehydration,2026-05-28
8697,sensitive,sensitivity,dehydration,2025-07-02
8698,combination,dehydration,dullness,2024-11-19
8699,combination,dehydration,sensitivity,2025-01-16
8700,normal,acne,sensitivity,2024-11-21
8701,combination,acne,aging,2025-09-22
8702,oily,dehydration,sensitivity,2026-01-20
8703,normal,aging,dullness,2025-03-11
8704,oily,dullness,pigmentation,2026-06-09
8705,sensitive,dehydration,pigmentation,2024-09-20
8706,sensitive,aging,sensitivity,2025-01-31
8707,combination,dehydration,dullness,2025-07-03
8708,oily,dehydration,sensitivity,2026-02-10
8709,combination,pigmentation,aging,2026-01-05
8710,normal,dehydration,dullness,2024-07-08
8711,dry,pigmentation,sensitivity,2026-06-26
8712,sensitive,pigmentation,sensitivity,2026-06-30
8713,normal,dehydration,pigmentation,2025-10-26
8714,normal,sensitivity,acne,2026-01-20
8715,combination,acne,dullness,2025-02-27
8716,dry,dullness,aging,2026-06-06
8717,sensitive,dullness,dehydration,2024-12-09
8718,combination,dullness,dehydration,2024-12-11
8719,sensitive,dehydration,acne,2026-01-20
8720,sensitive,acne,dullness,2025-05-09
8721,sensitive,dehydration,aging,2025-03-02
8722,dry,pigmentation,aging,2024-10-24
8723,sensitive,acne,sensitivity,2025-01-17
8724,combination,aging,dullness,2024-08-02
8725,normal,acne,aging,2026-04-13
8726,sensitive,dullness,aging,2025-04-17
8727,normal,dullness,sensitivity,2024-12-19
8728,normal,dullness,acne,2026-01-18
8729,normal,acne,dullness,2026-01-28
8730,sensitive,dehydration,acne,2026-04-30
8731,combination,acne,dullness,2024-07-16
8732,oily,pigmentation,sensitivity,2024-10-11
8733,dry,aging,dullness,2026-04-09
8734,combination,dehydration,dullness,2026-01-08
8735,sensitive,aging,dullness,2025-08-06
8736,combination,dehydration,dullness,2024-09-21
8737,combination,sensitivity,dehydration,2024-11-10
8738,oily,dehydration,dullness,2024-10-02
8739,sensitive,acne,dehydration,2024-11-08
8740,combination,dehydration,dullness,2025-04-04
8741,oily,pigmentation,acne,2025-12-06
8742,dry,sensitivity,dullness,2025-04-21
8743,normal,sensitivity,dehydration,2025-07-10
8744,oily,acne,aging,2024-08-10
8745,combination,acne,sensitivity,2025-08-13
8746,combination,dehydration,dullness,2024-12-31
8747,oily,acne,dehydration,2026-03-02
8748,oily,sensitivity,acne,2025-02-22
8749,normal,dullness,sensitivity,2025-08-09
8750,combination,dullness,dehydration,2025-08-22
8751,dry,sensitivity,aging,2025-01-01
8752,oily,pigmentation,dehydration,2025-07-18
8753,combination,dullness,aging,2026-05-24
8754,sensitive,sensitivity,pigmentation,2025-09-25
8755,sensitive,acne,pigmentation,2024-08-01
8756,oily,pigmentation,sensitivity,2024-08-14
8757,sensitive,acne,pigmentation,2025-04-13
8758,normal,aging,pigmentation,2025-03-27
8759,dry,acne,pigmentation,2025-12-26
8760,oily,pigmentation,dehydration,2024-12-13
8761,normal,sensitivity,dehydration,2025-04-24
8762,combination,aging,sensitivity,2026-06-09
8763,sensitive,aging,pigmentation,2024-08-11
8764,dry,aging,sensitivity,2024-10-21
8765,dry,sensitivity,dullness,2026-05-08
8766,dry,aging,acne,2025-09-04
8767,dry,aging,sensitivity,2025-01-10
8768,combination,sensitivity,acne,2025-01-14
8769,oily,acne,sensitivity,2026-03-06
8770,normal,aging,dullness,2026-06-07
8771,combination,dehydration,acne,2024-07-17
8772,normal,dullness,pigmentation,2024-09-21
8773,combination,sensitivity,dullness,2025-01-13
8774,dry,sensitivity,aging,2025-03-11
8775,combination,aging,sensitivity,2025-02-20
8776,oily,dehydration,pigmentation,2025-08-06
8777,normal,pigmentation,acne,2025-02-21
8778,sensitive,pigmentation,dullness,2025-11-27
8779,oily,sensitivity,dehydration,2026-05-06
8780,combination,acne,pigmentation,2025-11-21
8781,combination,aging,acne,2025-12-04
8782,dry,dullness,pigmentation,2025-11-27
8783,oily,aging,acne,2025-07-27
8784,sensitive,sensitivity,aging,2026-04-02
8785,dry,pigmentation,sensitivity,2025-09-11
8786,combination,dullness,acne,2025-08-01
8787,dry,acne,dullness,2026-02-19
8788,sensitive,pigmentation,acne,2025-08-09
8789,oily,pigmentation,sensitivity,2025-03-01
8790,dry,dehydration,aging,2025-09-08
8791,combination,pigmentation,acne,2026-07-05
8792,combination,dehydration,acne,2025-02-08
8793,sensitive,aging,sensitivity,2025-05-10
8794,oily,dullness,pigmentation,2025-09-03
8795,combination,sensitivity,dullness,2026-06-20
8796,sensitive,sensitivity,acne,2026-05-02
8797,dry,acne,dehydration,2026-05-09
8798,oily,dehydration,sensitivity,2024-10-22
8799,normal,sensitivity,aging,2025-11-23
8800,sensitive,dehydration,aging,2025-08-30
8801,sensitive,pigmentation,dullness,2025-02-13
8802,sensitive,dullness,dehydration,2025-03-14
8803,sensitive,dullness,pigmentation,2026-05-20
8804,sensitive,dullness,sensitivity,2024-08-26
8805,combination,aging,pigmentation,2025-12-25
8806,oily,dullness,aging,2024-12-23
8807,combination,dullness,sensitivity,2024-11-05
8808,dry,aging,acne,2025-06-08
8809,sensitive,dehydration,acne,2026-03-10
8810,combination,dehydration,dullness,2025-06-03
8811,normal,pigmentation,dullness,2026-01-09
8812,combination,dullness,aging,2024-10-23
8813,combination,dehydration,aging,2025-01-01
8814,normal,aging,dehydration,2024-11-11
8815,combination,dehydration,dullness,2024-11-08
8816,dry,acne,dehydration,2026-02-26
8817,dry,aging,acne,2026-06-14
8818,normal,dehydration,acne,2025-04-05
8819,sensitive,sensitivity,pigmentation,2025-04-14
8820,oily,dullness,pigmentation,2024-10-12
8821,combination,dullness,dehydration,2025-03-27
8822,dry,aging,dehydration,2024-11-26
8823,sensitive,dehydration,sensitivity,2025-10-25
8824,oily,aging,dullness,2026-04-06
8825,sensitive,acne,pigmentation,2026-06-09
8826,sensitive,pigmentation,aging,2025-08-22
8827,dry,dullness,aging,2026-07-05
8828,oily,sensitivity,dullness,2025-06-23
8829,sensitive,aging,pigmentation,2025-09-17
8830,dry,sensitivity,acne,2025-12-30
8831,normal,dehydration,dullness,2025-04-30
8832,sensitive,dullness,acne,2025-02-25
8833,normal,dehydration,aging,2026-06-07
8834,combination,aging,pigmentation,2025-07-23
8835,normal,aging,dehydration,2024-08-19
8836,oily,dehydration,aging,2025-12-01
8837,dry,dullness,pigmentation,2024-12-13
8838,oily,dullness,acne,2025-11-02
8839,sensitive,aging,sensitivity,2025-12-20
8840,combination,sensitivity,pigmentation,2024-10-18
8841,dry,acne,pigmentation,2025-10-19
8842,dry,acne,sensitivity,2024-10-11
8843,sensitive,aging,acne,2025-03-15
8844,oily,acne,dullness,2024-11-20
8845,combination,aging,acne,2024-11-18
8846,sensitive,dullness,acne,2024-09-06
8847,dry,aging,dehydration,2025-05-27
8848,dry,pigmentation,acne,2024-08-09
8849,dry,pigmentation,acne,2026-05-24
8850,combination,dullness,sensitivity,2025-07-12
8851,dry,sensitivity,dehydration,2025-09-20
8852,dry,dehydration,pigmentation,2026-04-27
8853,combination,dullness,pigmentation,2024-10-06
8854,oily,acne,pigmentation,2024-11-29
8855,combination,pigmentation,dehydration,2025-01-05
8856,oily,aging,dullness,2025-03-30
8857,oily,pigmentation,acne,2025-04-22
8858,dry,dehydration,acne,2025-10-01
8859,dry,aging,dehydration,2025-02-22
8860,oily,sensitivity,dullness,2024-07-23
8861,normal,pigmentation,acne,2026-01-04
8862,dry,aging,dehydration,2025-11-01
8863,normal,dehydration,aging,2026-04-18
8864,normal,pigmentation,sensitivity,2024-09-11
8865,normal,dehydration,pigmentation,2025-06-14
8866,normal,dullness,aging,2025-04-29
8867,oily,dullness,dehydration,2025-12-24
8868,dry,aging,pigmentation,2026-06-10
8869,sensitive,sensitivity,aging,2024-11-25
8870,combination,dehydration,sensitivity,2024-10-16
8871,oily,pigmentation,acne,2025-10-30
8872,combination,dullness,pigmentation,2024-12-26
8873,normal,sensitivity,dehydration,2025-05-14
8874,normal,pigmentation,aging,2025-03-24
8875,dry,dullness,pigmentation,2026-03-02
8876,dry,dehydration,aging,2025-04-13
8877,dry,pigmentation,acne,2026-03-11
8878,dry,dullness,sensitivity,2026-01-28
8879,dry,dullness,aging,2025-10-19
8880,dry,pigmentation,sensitivity,2026-01-31
8881,combination,pigmentation,dullness,2024-09-10
8882,oily,dullness,sensitivity,2026-06-15
8883,dry,pigmentation,acne,2024-09-14
8884,dry,sensitivity,dullness,2026-03-16
8885,oily,dullness,dehydration,2024-10-08
8886,normal,dehydration,sensitivity,2025-11-03
8887,sensitive,aging,pigmentation,2024-09-01
8888,normal,pigmentation,aging,2025-06-06
8889,combination,aging,dehydration,2025-07-14
8890,oily,dehydration,aging,2026-04-02
8891,normal,aging,pigmentation,2025-08-24
8892,combination,pigmentation,dullness,2025-05-25
8893,sensitive,acne,dehydration,2024-07-18
8894,dry,dullness,pigmentation,2025-12-26
8895,combination,dehydration,aging,2026-05-07
8896,combination,dullness,pigmentation,2026-01-02
8897,dry,pigmentation,dullness,2026-01-10
8898,combination,pigmentation,sensitivity,2024-08-13
8899,sensitive,aging,dullness,2026-03-19
8900,oily,aging,acne,2024-07-11
8901,oily,pigmentation,sensitivity,2026-04-15
8902,normal,sensitivity,dullness,2024-11-20
8903,combination,pigmentation,aging,2025-09-06
8904,normal,pigmentation,acne,2026-05-28
8905,sensitive,dullness,acne,2025-04-14
8906,sensitive,dehydration,sensitivity,2025-01-20
8907,normal,aging,sensitivity,2024-10-31
8908,sensitive,dehydration,pigmentation,2026-02-26
8909,dry,acne,dullness,2025-04-11
8910,combination,dullness,pigmentation,2025-05-16
8911,dry,acne,dullness,2025-08-17
8912,dry,acne,aging,2024-09-21
8913,sensitive,dullness,pigmentation,2025-08-31
8914,oily,pigmentation,dullness,2025-10-02
8915,sensitive,acne,pigmentation,2025-06-18
8916,combination,pigmentation,dullness,2024-08-27
8917,dry,dehydration,dullness,2024-10-10
8918,oily,dullness,acne,2025-02-04
8919,sensitive,aging,dehydration,2026-05-08
8920,normal,sensitivity,pigmentation,2025-11-28
8921,sensitive,aging,pigmentation,2026-06-25
8922,combination,sensitivity,dullness,2026-04-28
8923,sensitive,aging,acne,2024-11-06
8924,combination,acne,dehydration,2024-11-17
8925,dry,acne,sensitivity,2026-04-23
8926,dry,pigmentation,sensitivity,2025-08-06
8927,dry,pigmentation,dehydration,2025-12-14
8928,normal,acne,aging,2026-05-14
8929,sensitive,aging,dullness,2025-10-01
8930,oily,sensitivity,dullness,2026-04-22
8931,normal,pigmentation,acne,2025-01-14
8932,oily,pigmentation,sensitivity,2024-07-30
8933,combination,sensitivity,aging,2025-09-01
8934,oily,pigmentation,aging,2026-01-10
8935,dry,dehydration,aging,2025-07-06
8936,sensitive,dullness,sensitivity,2024-07-30
8937,normal,sensitivity,dullness,2026-03-12
8938,normal,dullness,sensitivity,2025-02-24
8939,normal,dullness,aging,2026-04-29
8940,dry,pigmentation,acne,2025-11-29
8941,oily,dullness,sensitivity,2025-08-19
8942,normal,dehydration,acne,2025-09-29
8943,normal,sensitivity,dehydration,2026-02-26
8944,dry,acne,pigmentation,2024-12-15
8945,oily,acne,dullness,2025-03-01
8946,sensitive,acne,pigmentation,2025-08-22
8947,oily,dehydration,pigmentation,2025-09-03
8948,oily,acne,pigmentation,2026-05-13
8949,normal,sensitivity,acne,2025-03-11
8950,combination,aging,sensitivity,2026-01-20
8951,oily,pigmentation,aging,2025-11-28
8952,sensitive,sensitivity,dullness,2024-10-16
8953,dry,dehydration,pigmentation,2025-03-24
8954,combination,dullness,acne,2025-02-13
8955,normal,sensitivity,aging,2025-12-25
8956,dry,dehydration,dullness,2025-07-05
8957,sensitive,dullness,aging,2026-06-26
8958,normal,pigmentation,aging,2026-01-08
8959,combination,sensitivity,dullness,2024-11-29
8960,normal,dehydration,pigmentation,2025-07-25
8961,combination,sensitivity,dullness,2025-03-29
8962,combination,sensitivity,dullness,2024-12-07
8963,normal,dullness,pigmentation,2024-08-21
8964,sensitive,aging,acne,2026-05-08
8965,normal,sensitivity,pigmentation,2025-05-08
8966,sensitive,sensitivity,dehydration,2024-07-09
8967,sensitive,acne,dehydration,2026-02-10
8968,dry,dullness,sensitivity,2024-10-16
8969,dry,dullness,sensitivity,2025-05-08
8970,normal,dehydration,pigmentation,2025-11-16
8971,sensitive,sensitivity,pigmentation,2024-12-11
8972,dry,pigmentation,sensitivity,2024-10-08
8973,dry,sensitivity,aging,2026-03-24
8974,sensitive,dullness,dehydration,2025-02-23
8975,oily,acne,aging,2024-08-21
8976,oily,dullness,aging,2025-03-06
8977,sensitive,acne,sensitivity,2025-06-02
8978,dry,sensitivity,pigmentation,2026-03-26
8979,sensitive,dehydration,aging,2025-08-11
8980,combination,sensitivity,acne,2024-09-12
8981,normal,dullness,aging,2024-11-29
8982,combination,aging,acne,2025-08-11
8983,normal,aging,dullness,2025-11-23
8984,normal,sensitivity,dullness,2024-11-26
8985,dry,acne,dullness,2024-07-29
8986,normal,sensitivity,dehydration,2025-11-30
8987,sensitive,aging,dehydration,2024-11-21
8988,oily,dullness,aging,2025-11-23
8989,oily,dehydration,dullness,2024-11-09
8990,dry,acne,aging,2024-07-31
8991,oily,acne,dullness,2025-03-09
8992,dry,acne,dehydration,2025-07-08
8993,normal,dehydration,acne,2025-11-19
8994,combination,acne,sensitivity,2026-05-24
8995,oily,dullness,dehydration,2026-05-29
8996,combination,acne,aging,2024-11-03
8997,dry,dehydration,pigmentation,2025-03-10
8998,normal,sensitivity,aging,2026-01-21
8999,oily,aging,dullness,2025-05-29
9000,sensitive,pigmentation,acne,2024-10-02
9001,combination,aging,dehydration,2025-03-20
9002,oily,dehydration,sensitivity,2024-09-05
9003,sensitive,dehydration,pigmentation,2026-04-12
9004,combination,dullness,aging,2026-05-14
9005,sensitive,dullness,dehydration,2025-03-06
9006,sensitive,dullness,acne,2025-05-07
9007,sensitive,pigmentation,acne,2025-02-18
9008,combination,pigmentation,acne,2024-07-19
9009,oily,sensitivity,acne,2026-04-18
9010,oily,dullness,pigmentation,2024-08-25
9011,combination,sensitivity,dehydration,2026-05-23
9012,dry,dullness,pigmentation,2025-06-18
9013,sensitive,aging,acne,2024-11-05
9014,combination,dullness,pigmentation,2025-02-24
9015,normal,dehydration,pigmentation,2026-01-25
9016,oily,pigmentation,aging,2025-04-21
9017,dry,aging,acne,2024-09-15
9018,sensitive,dehydration,aging,2026-02-08
9019,oily,acne,sensitivity,2024-08-20
9020,dry,acne,sensitivity,2025-03-16
9021,sensitive,acne,aging,2026-05-04
9022,combination,dullness,aging,2025-11-05
9023,sensitive,pigmentation,aging,2024-10-14
9024,combination,aging,pigmentation,2025-11-01
9025,normal,acne,pigmentation,2024-08-13
9026,normal,pigmentation,sensitivity,2025-09-02
9027,normal,acne,dehydration,2025-10-29
9028,oily,dehydration,aging,2024-10-22
9029,combination,aging,pigmentation,2024-12-09
9030,oily,pigmentation,dehydration,2026-01-13
9031,dry,dullness,dehydration,2024-12-13
9032,dry,sensitivity,dullness,2026-01-04
9033,sensitive,dehydration,acne,2024-09-20
9034,combination,sensitivity,dullness,2026-07-01
9035,normal,aging,dehydration,2025-03-09
9036,dry,aging,dullness,2026-03-15
9037,sensitive,pigmentation,sensitivity,2025-02-27
9038,sensitive,pigmentation,aging,2024-07-21
9039,normal,sensitivity,pigmentation,2025-03-05
9040,dry,acne,dehydration,2025-08-23
9041,sensitive,sensitivity,dehydration,2024-11-12
9042,oily,sensitivity,pigmentation,2026-02-14
9043,combination,sensitivity,pigmentation,2025-06-04
9044,combination,dullness,sensitivity,2024-07-31
9045,normal,sensitivity,aging,2025-10-19
9046,sensitive,acne,pigmentation,2026-06-17
9047,normal,dehydration,pigmentation,2025-08-18
9048,normal,dullness,aging,2025-07-18
9049,combination,sensitivity,acne,2024-11-20
9050,sensitive,acne,sensitivity,2024-11-25
9051,oily,sensitivity,aging,2025-10-31
9052,combination,dullness,pigmentation,2024-12-19
9053,oily,acne,dehydration,2026-03-24
9054,sensitive,dullness,aging,2026-02-18
9055,normal,acne,dehydration,2025-04-21
9056,sensitive,acne,sensitivity,2025-02-04
9057,normal,dullness,sensitivity,2024-11-23
9058,dry,dehydration,acne,2025-04-08
9059,normal,acne,dehydration,2026-04-04
9060,combination,pigmentation,aging,2025-02-28
9061,sensitive,aging,dullness,2025-08-27
9062,sensitive,dullness,sensitivity,2025-12-24
9063,sensitive,acne,aging,2025-11-01
9064,dry,dullness,dehydration,2024-11-21
9065,sensitive,aging,acne,2026-02-27
9066,sensitive,sensitivity,aging,2025-05-24
9067,normal,pigmentation,dullness,2026-05-07
9068,combination,aging,dehydration,2025-01-22
9069,combination,acne,sensitivity,2026-03-19
9070,combination,sensitivity,dehydration,2024-08-19
9071,oily,sensitivity,acne,2024-09-30
9072,oily,aging,acne,2024-10-19
9073,oily,aging,dehydration,2025-10-25
9074,sensitive,sensitivity,pigmentation,2024-12-12
9075,combination,pigmentation,dehydration,2026-03-30
9076,normal,pigmentation,acne,2025-12-07
9077,sensitive,pigmentation,dehydration,2026-04-01
9078,oily,dehydration,dullness,2026-05-28
9079,oily,pigmentation,acne,2025-10-11
9080,dry,acne,dehydration,2025-05-12
9081,normal,acne,dehydration,2024-10-14
9082,oily,sensitivity,dullness,2026-06-11
9083,oily,sensitivity,pigmentation,2025-09-12
9084,oily,sensitivity,dehydration,2025-01-30
9085,combination,pigmentation,acne,2026-02-09
9086,normal,aging,acne,2025-01-14
9087,sensitive,aging,acne,2025-05-16
9088,combination,dullness,aging,2025-05-21
9089,oily,acne,pigmentation,2026-04-06
9090,dry,dullness,dehydration,2026-03-06
9091,combination,acne,sensitivity,2024-10-03
9092,dry,pigmentation,dehydration,2024-10-04
9093,sensitive,pigmentation,sensitivity,2025-08-10
9094,normal,dehydration,pigmentation,2025-04-27
9095,dry,sensitivity,aging,2025-06-05
9096,dry,dehydration,sensitivity,2025-06-25
9097,oily,aging,dehydration,2025-02-01
9098,sensitive,dullness,dehydration,2025-05-18
9099,combination,dullness,acne,2026-04-06
9100,dry,acne,pigmentation,2026-05-07
9101,dry,sensitivity,dehydration,2024-10-23
9102,oily,sensitivity,pigmentation,2025-01-11
9103,combination,pigmentation,sensitivity,2026-02-11
9104,sensitive,acne,pigmentation,2026-05-23
9105,dry,acne,pigmentation,2026-01-27
9106,oily,dullness,acne,2025-05-10
9107,combination,acne,dehydration,2025-05-06
9108,sensitive,acne,sensitivity,2026-03-05
9109,dry,dullness,acne,2026-02-28
9110,dry,acne,dehydration,2026-02-05
9111,oily,acne,dehydration,2025-08-17
9112,sensitive,acne,dehydration,2026-01-17
9113,normal,dehydration,aging,2025-08-07
9114,sensitive,aging,dullness,2026-06-26
9115,combination,pigmentation,dehydration,2024-08-21
9116,sensitive,dullness,aging,2024-09-23
9117,dry,pigmentation,dehydration,2025-11-01
9118,oily,dullness,dehydration,2024-11-26
9119,dry,aging,acne,2025-06-10
9120,sensitive,dehydration,acne,2026-06-14
9121,sensitive,dullness,acne,2025-12-10
9122,normal,dehydration,pigmentation,2026-05-26
9123,normal,pigmentation,sensitivity,2025-02-04
9124,dry,acne,sensitivity,2024-12-11
9125,oily,dullness,pigmentation,2025-04-11
9126,dry,acne,sensitivity,2026-07-02
9127,normal,aging,dullness,2026-01-15
9128,normal,dullness,pigmentation,2025-07-29
9129,oily,dehydration,pigmentation,2026-03-23
9130,oily,dullness,pigmentation,2026-04-19
9131,combination,sensitivity,acne,2025-11-26
9132,sensitive,dullness,acne,2025-04-30
9133,normal,aging,dullness,2026-05-03
9134,sensitive,pigmentation,sensitivity,2024-07-07
9135,dry,dehydration,acne,2025-08-05
9136,oily,dehydration,sensitivity,2026-03-03
9137,sensitive,pigmentation,aging,2026-06-22
9138,combination,acne,aging,2024-08-06
9139,normal,acne,sensitivity,2025-04-28
9140,combination,dullness,aging,2024-10-12
9141,combination,dullness,dehydration,2024-12-16
9142,dry,acne,sensitivity,2024-07-16
9143,oily,acne,dullness,2024-09-24
9144,normal,dullness,sensitivity,2024-12-23
9145,normal,aging,pigmentation,2024-10-22
9146,oily,aging,dehydration,2024-10-18
9147,sensitive,pigmentation,aging,2026-01-01
9148,dry,dehydration,acne,2025-04-28
9149,combination,dehydration,sensitivity,2024-07-16
9150,normal,acne,dullness,2024-10-11
9151,normal,acne,pigmentation,2026-04-21
9152,oily,dullness,sensitivity,2026-04-16
9153,dry,dullness,sensitivity,2026-02-10
9154,normal,acne,dehydration,2025-01-10
9155,normal,acne,sensitivity,2025-09-22
9156,oily,dehydration,sensitivity,2025-04-03
9157,normal,aging,acne,2026-03-26
9158,combination,acne,pigmentation,2026-05-24
9159,combination,dullness,aging,2024-12-20
9160,oily,acne,aging,2025-12-05
9161,sensitive,pigmentation,acne,2026-06-05
9162,sensitive,dehydration,aging,2026-01-30
9163,sensitive,pigmentation,dullness,2025-11-12
9164,sensitive,acne,aging,2025-09-13
9165,normal,sensitivity,pigmentation,2024-09-19
9166,normal,pigmentation,dehydration,2026-02-12
9167,sensitive,dullness,acne,2025-04-21
9168,normal,dehydration,aging,2025-12-18
9169,sensitive,sensitivity,aging,2025-07-07
9170,sensitive,dehydration,aging,2025-12-02
9171,combination,aging,sensitivity,2025-10-28
9172,sensitive,sensitivity,pigmentation,2025-04-24
9173,oily,acne,aging,2025-05-01
9174,combination,pigmentation,sensitivity,2026-03-30
9175,combination,pigmentation,aging,2026-03-14
9176,normal,dullness,sensitivity,2026-01-11
9177,oily,sensitivity,pigmentation,2024-09-17
9178,sensitive,dehydration,aging,2025-11-17
9179,oily,sensitivity,acne,2025-05-10
9180,normal,acne,dullness,2025-08-12
9181,normal,dehydration,aging,2025-10-21
9182,dry,dehydration,dullness,2026-06-09
9183,normal,aging,sensitivity,2025-08-18
9184,combination,acne,sensitivity,2024-07-06
9185,normal,acne,dehydration,2024-08-18
9186,sensitive,sensitivity,dullness,2025-11-29
9187,oily,pigmentation,dullness,2025-06-12
9188,dry,dullness,aging,2025-12-08
9189,combination,sensitivity,pigmentation,2024-09-01
9190,dry,aging,dullness,2025-05-27
9191,oily,pigmentation,aging,2024-09-02
9192,normal,aging,acne,2024-10-20
9193,normal,pigmentation,sensitivity,2025-11-09
9194,combination,pigmentation,aging,2025-08-07
9195,dry,dehydration,dullness,2025-05-16
9196,oily,aging,dehydration,2026-01-06
9197,normal,dehydration,aging,2024-11-06
9198,dry,dehydration,pigmentation,2025-05-19
9199,oily,dullness,acne,2026-02-05
9200,dry,dullness,pigmentation,2025-07-18
9201,combination,pigmentation,acne,2024-11-13
9202,sensitive,dullness,pigmentation,2025-08-31
9203,dry,dehydration,dullness,2025-02-02
9204,normal,pigmentation,acne,2024-07-17
9205,sensitive,pigmentation,dullness,2025-11-04
9206,normal,dehydration,pigmentation,2024-07-08
9207,dry,sensitivity,acne,2025-09-07
9208,sensitive,aging,pigmentation,2025-05-22
9209,dry,dehydration,dullness,2024-12-18
9210,sensitive,pigmentation,acne,2026-05-18
9211,sensitive,dullness,pigmentation,2025-02-09
9212,dry,sensitivity,dehydration,2025-05-18
9213,normal,aging,acne,2025-03-14
9214,normal,dullness,sensitivity,2024-08-09
9215,normal,acne,aging,2025-07-17
9216,dry,dullness,acne,2024-08-29
9217,sensitive,dullness,acne,2025-05-17
9218,oily,sensitivity,dullness,2026-01-30
9219,oily,pigmentation,sensitivity,2025-03-16
9220,normal,aging,pigmentation,2026-02-18
9221,oily,dullness,pigmentation,2024-09-17
9222,normal,sensitivity,acne,2026-03-17
9223,combination,pigmentation,dullness,2025-07-07
9224,dry,dehydration,acne,2024-11-14
9225,oily,sensitivity,dullness,2026-06-30
9226,sensitive,dullness,sensitivity,2025-07-13
9227,sensitive,aging,pigmentation,2025-07-01
9228,combination,pigmentation,dullness,2025-11-01
9229,normal,pigmentation,dehydration,2025-03-02
9230,dry,acne,sensitivity,2025-11-11
9231,combination,acne,aging,2025-10-06
9232,dry,aging,dullness,2025-12-17
9233,combination,acne,aging,2025-04-06
9234,oily,acne,aging,2024-09-29
9235,combination,dehydration,aging,2026-02-27
9236,combination,acne,dehydration,2025-09-10
9237,combination,acne,dullness,2026-01-22
9238,combination,dullness,acne,2026-01-09
9239,sensitive,sensitivity,aging,2024-07-26
9240,combination,dehydration,sensitivity,2025-02-02
9241,dry,acne,pigmentation,2024-08-15
9242,dry,pigmentation,sensitivity,2025-03-29
9243,sensitive,dehydration,dullness,2025-03-06
9244,normal,dehydration,pigmentation,2025-01-30
9245,sensitive,aging,dullness,2025-03-16
9246,sensitive,sensitivity,dehydration,2024-11-13
9247,normal,sensitivity,pigmentation,2025-11-10
9248,normal,dehydration,aging,2026-04-23
9249,combination,dehydration,dullness,2025-07-14
9250,oily,dehydration,dullness,2026-07-05
9251,sensitive,acne,pigmentation,2026-06-02
9252,sensitive,dehydration,sensitivity,2026-05-31
9253,dry,sensitivity,dullness,2026-05-11
9254,normal,pigmentation,sensitivity,2025-02-05
9255,normal,acne,sensitivity,2025-04-26
9256,dry,aging,sensitivity,2024-08-22
9257,combination,pigmentation,aging,2025-12-07
9258,oily,sensitivity,dullness,2025-11-06
9259,oily,aging,acne,2025-07-13
9260,dry,dullness,acne,2024-12-12
9261,dry,sensitivity,dullness,2024-08-25
9262,dry,dehydration,acne,2025-01-19
9263,oily,dehydration,dullness,2025-07-01
9264,combination,sensitivity,acne,2024-07-22
9265,sensitive,dehydration,dullness,2026-02-24
9266,dry,pigmentation,acne,2025-07-27
9267,combination,dehydration,aging,2026-01-07
9268,dry,pigmentation,acne,2026-03-07
9269,sensitive,pigmentation,acne,2025-09-20
9270,sensitive,dullness,dehydration,2024-12-24
9271,normal,pigmentation,dehydration,2025-11-15
9272,oily,acne,dehydration,2024-11-15
9273,normal,sensitivity,dehydration,2025-04-16
9274,dry,dullness,pigmentation,2025-02-04
9275,oily,dehydration,pigmentation,2026-01-10
9276,sensitive,dehydration,pigmentation,2024-10-14
9277,oily,dullness,dehydration,2026-02-08
9278,oily,dullness,sensitivity,2025-10-08
9279,normal,dehydration,pigmentation,2024-12-11
9280,dry,pigmentation,acne,2025-02-17
9281,combination,dehydration,dullness,2025-11-30
9282,dry,dehydration,aging,2025-12-26
9283,oily,pigmentation,aging,2025-08-24
9284,oily,acne,dehydration,2025-08-14
9285,oily,sensitivity,aging,2026-05-24
9286,combination,sensitivity,dullness,2026-01-10
9287,combination,sensitivity,aging,2026-03-16
9288,oily,acne,dehydration,2026-03-16
9289,dry,sensitivity,pigmentation,2025-10-21
9290,dry,sensitivity,acne,2026-06-10
9291,combination,dehydration,acne,2025-02-27
9292,normal,aging,pigmentation,2025-03-03
9293,sensitive,dullness,dehydration,2026-01-26
9294,normal,aging,dehydration,2024-10-05
9295,oily,acne,aging,2025-04-28
9296,dry,dullness,aging,2025-11-19
9297,sensitive,pigmentation,dullness,2026-02-15
9298,dry,pigmentation,acne,2025-08-27
9299,normal,acne,sensitivity,2024-08-04
9300,combination,aging,acne,2026-07-04
9301,dry,acne,aging,2026-06-22
9302,normal,sensitivity,aging,2025-09-08
9303,combination,sensitivity,dullness,2024-09-03
9304,normal,dehydration,sensitivity,2025-12-13
9305,combination,pigmentation,acne,2025-01-06
9306,oily,acne,dullness,2025-05-13
9307,sensitive,dullness,aging,2026-02-11
9308,oily,dehydration,aging,2024-09-10
9309,sensitive,acne,sensitivity,2026-03-09
9310,combination,sensitivity,acne,2025-07-02
9311,sensitive,aging,dullness,2025-03-09
9312,normal,dehydration,sensitivity,2025-02-28
9313,combination,acne,sensitivity,2024-10-20
9314,normal,aging,pigmentation,2025-02-06
9315,oily,aging,pigmentation,2025-03-13
9316,oily,acne,aging,2026-03-17
9317,normal,dehydration,acne,2025-11-24
9318,combination,sensitivity,pigmentation,2025-10-26
9319,combination,dullness,aging,2025-10-08
9320,oily,aging,dehydration,2026-04-15
9321,dry,dullness,acne,2026-04-28
9322,sensitive,aging,acne,2025-08-18
9323,normal,aging,dehydration,2025-01-24
9324,normal,dehydration,pigmentation,2024-09-26
9325,combination,dullness,pigmentation,2024-08-18
9326,combination,pigmentation,sensitivity,2025-07-20
9327,oily,aging,dullness,2024-09-18
9328,oily,sensitivity,aging,2025-08-07
9329,combination,dullness,dehydration,2025-07-25
9330,combination,acne,pigmentation,2026-02-03
9331,oily,sensitivity,dullness,2025-04-03
9332,combination,dehydration,pigmentation,2025-11-22
9333,sensitive,pigmentation,dullness,2025-07-17
9334,normal,sensitivity,acne,2024-08-21
9335,normal,sensitivity,dehydration,2025-06-02
9336,dry,sensitivity,dehydration,2025-11-27
9337,dry,aging,pigmentation,2025-03-03
9338,normal,sensitivity,acne,2025-01-18
9339,sensitive,dehydration,sensitivity,2025-04-19
9340,dry,sensitivity,pigmentation,2026-06-06
9341,sensitive,dullness,dehydration,2026-01-22
9342,oily,pigmentation,dehydration,2026-04-04
9343,combination,pigmentation,sensitivity,2024-08-07
9344,dry,sensitivity,acne,2025-11-21
9345,normal,dullness,sensitivity,2025-07-25
9346,oily,sensitivity,aging,2024-09-16
9347,normal,dullness,sensitivity,2024-07-12
9348,dry,dullness,acne,2026-01-27
9349,oily,acne,dullness,2024-10-16
9350,sensitive,aging,pigmentation,2025-01-21
9351,sensitive,dullness,sensitivity,2025-04-14
9352,oily,acne,pigmentation,2026-03-06
9353,oily,acne,sensitivity,2025-02-16
9354,oily,dullness,acne,2025-04-15
9355,combination,pigmentation,dehydration,2025-08-14
9356,oily,dehydration,aging,2025-05-04
9357,sensitive,aging,pigmentation,2026-02-02
9358,oily,aging,dullness,2025-04-08
9359,sensitive,acne,sensitivity,2026-03-17
9360,normal,aging,acne,2025-12-09
9361,sensitive,dullness,acne,2025-07-10
9362,normal,dullness,aging,2026-03-10
9363,normal,pigmentation,dullness,2024-09-07
9364,oily,acne,dehydration,2024-09-26
9365,dry,sensitivity,aging,2025-07-25
9366,sensitive,sensitivity,dehydration,2025-05-16
9367,dry,sensitivity,aging,2025-12-05
9368,sensitive,pigmentation,sensitivity,2026-02-01
9369,sensitive,dullness,acne,2024-08-03
9370,normal,acne,aging,2025-09-07
9371,dry,sensitivity,pigmentation,2024-08-08
9372,dry,acne,sensitivity,2026-05-18
9373,oily,aging,pigmentation,2026-04-20
9374,dry,sensitivity,pigmentation,2025-07-24
9375,dry,dehydration,dullness,2024-12-12
9376,combination,sensitivity,aging,2025-08-31
9377,combination,aging,dullness,2024-10-31
9378,normal,acne,dehydration,2026-03-31
9379,sensitive,acne,pigmentation,2024-10-19
9380,sensitive,acne,sensitivity,2025-08-16
9381,oily,acne,dullness,2025-12-10
9382,combination,aging,pigmentation,2025-03-26
9383,sensitive,acne,dullness,2024-12-14
9384,dry,pigmentation,aging,2024-08-27
9385,combination,aging,acne,2026-05-03
9386,sensitive,dehydration,aging,2025-02-07
9387,sensitive,dehydration,acne,2025-11-19
9388,normal,acne,aging,2025-07-04
9389,combination,sensitivity,dehydration,2025-08-03
9390,dry,dullness,pigmentation,2024-12-21
9391,dry,aging,dehydration,2025-09-18
9392,sensitive,aging,acne,2025-12-14
9393,combination,sensitivity,pigmentation,2025-07-15
9394,combination,aging,dullness,2025-03-05
9395,oily,pigmentation,sensitivity,2024-10-26
9396,combination,aging,pigmentation,2026-07-03
9397,dry,acne,sensitivity,2025-05-17
9398,combination,acne,dullness,2026-05-14
9399,normal,pigmentation,aging,2025-04-09
9400,sensitive,pigmentation,dehydration,2025-04-06
9401,combination,aging,acne,2024-10-19
9402,normal,acne,sensitivity,2026-02-16
9403,normal,dullness,dehydration,2024-12-03
9404,combination,acne,dehydration,2025-02-18
9405,sensitive,pigmentation,dehydration,2025-03-07
9406,dry,sensitivity,aging,2025-03-28
9407,normal,acne,pigmentation,2025-05-31
9408,dry,pigmentation,aging,2026-05-21
9409,dry,dullness,pigmentation,2024-11-19
9410,oily,pigmentation,aging,2025-09-23
9411,normal,pigmentation,sensitivity,2026-04-21
9412,dry,acne,pigmentation,2025-04-14
9413,normal,aging,pigmentation,2024-08-13
9414,oily,dehydration,acne,2025-01-31
9415,combination,dullness,acne,2026-01-08
9416,combination,sensitivity,pigmentation,2024-11-17
9417,combination,dehydration,pigmentation,2024-10-26
9418,oily,dehydration,pigmentation,2025-11-07
9419,oily,aging,acne,2025-06-19
9420,dry,dullness,pigmentation,2024-11-02
9421,combination,dullness,aging,2026-03-13
9422,sensitive,dehydration,sensitivity,2025-10-21
9423,combination,dullness,aging,2025-08-07
9424,dry,aging,acne,2026-07-01
9425,dry,acne,aging,2026-03-06
9426,sensitive,sensitivity,dehydration,2025-04-17
9427,combination,aging,acne,2025-12-26
9428,normal,dehydration,sensitivity,2026-01-11
9429,combination,dehydration,sensitivity,2025-12-02
9430,combination,acne,dehydration,2026-04-07
9431,oily,dullness,pigmentation,2025-03-28
9432,oily,aging,dullness,2025-12-30
9433,normal,pigmentation,sensitivity,2025-03-17
9434,dry,pigmentation,dehydration,2024-11-08
9435,combination,dullness,aging,2025-07-22
9436,combination,acne,dehydration,2024-09-06
9437,oily,dullness,aging,2026-02-13
9438,combination,sensitivity,acne,2024-08-02
9439,dry,acne,dehydration,2025-11-13
9440,oily,acne,aging,2025-11-27
9441,combination,acne,dullness,2024-07-20
9442,combination,dehydration,dullness,2025-08-07
9443,oily,sensitivity,dehydration,2025-01-06
9444,combination,sensitivity,pigmentation,2024-11-27
9445,sensitive,acne,aging,2025-08-13
9446,dry,aging,acne,2025-11-16
9447,normal,acne,sensitivity,2025-07-12
9448,sensitive,aging,acne,2025-09-28
9449,sensitive,pigmentation,aging,2025-09-05
9450,oily,dullness,dehydration,2026-01-14
9451,sensitive,sensitivity,dullness,2024-09-06
9452,dry,dehydration,aging,2025-05-14
9453,sensitive,acne,sensitivity,2024-12-01
9454,normal,pigmentation,dehydration,2025-03-12
9455,dry,pigmentation,dehydration,2025-10-21
9456,dry,pigmentation,aging,2025-11-16
9457,oily,aging,acne,2024-07-18
9458,sensitive,dullness,aging,2026-06-19
9459,sensitive,dehydration,sensitivity,2025-12-03
9460,combination,sensitivity,aging,2025-01-15
9461,oily,dehydration,acne,2025-06-02
9462,dry,pigmentation,sensitivity,2025-04-12
9463,combination,pigmentation,sensitivity,2026-06-21
9464,normal,aging,dehydration,2026-01-27
9465,oily,dehydration,dullness,2025-04-24
9466,dry,sensitivity,acne,2025-11-18
9467,sensitive,aging,acne,2025-07-28
9468,dry,pigmentation,sensitivity,2024-08-06
9469,normal,acne,pigmentation,2025-03-27
9470,normal,acne,dehydration,2025-04-02
9471,dry,dullness,sensitivity,2026-02-13
9472,sensitive,dullness,sensitivity,2025-04-27
9473,sensitive,dullness,dehydration,2024-08-04
9474,sensitive,acne,dehydration,2025-03-26
9475,oily,aging,pigmentation,2024-12-10
9476,oily,pigmentation,dehydration,2024-08-08
9477,dry,aging,acne,2024-09-16
9478,oily,dullness,sensitivity,2025-10-31
9479,dry,pigmentation,dehydration,2025-12-02
9480,sensitive,dullness,pigmentation,2025-12-13
9481,combination,pigmentation,dehydration,2024-12-20
9482,dry,dullness,pigmentation,2025-10-04
9483,oily,aging,dullness,2024-11-12
9484,dry,aging,sensitivity,2024-11-28
9485,combination,acne,sensitivity,2025-03-07
9486,sensitive,dullness,pigmentation,2026-04-09
9487,dry,sensitivity,pigmentation,2025-02-01
9488,dry,dullness,acne,2026-02-05
9489,combination,dehydration,aging,2025-05-29
9490,oily,dehydration,dullness,2026-01-21
9491,dry,acne,sensitivity,2026-05-22
9492,oily,dehydration,dullness,2025-03-28
9493,combination,pigmentation,sensitivity,2025-08-11
9494,combination,dullness,sensitivity,2025-03-25
9495,combination,sensitivity,pigmentation,2025-07-13
9496,sensitive,sensitivity,aging,2025-10-08
9497,dry,aging,sensitivity,2026-06-25
9498,normal,sensitivity,dehydration,2025-12-17
9499,normal,dullness,aging,2024-10-01
9500,oily,acne,sensitivity,2025-01-01
9501,normal,pigmentation,sensitivity,2025-08-01
9502,oily,sensitivity,acne,2026-06-13
9503,dry,sensitivity,acne,2024-07-16
9504,combination,sensitivity,pigmentation,2025-01-12
9505,oily,aging,acne,2026-06-20
9506,dry,pigmentation,dullness,2026-02-03
9507,oily,dehydration,aging,2026-03-04
9508,combination,acne,sensitivity,2024-09-15
9509,normal,sensitivity,pigmentation,2024-08-08
9510,normal,dullness,aging,2025-09-07
9511,dry,dullness,acne,2026-02-26
9512,combination,aging,pigmentation,2025-03-24
9513,combination,sensitivity,acne,2025-12-19
9514,combination,dehydration,acne,2026-04-09
9515,sensitive,acne,sensitivity,2025-12-29
9516,normal,dullness,aging,2026-01-02
9517,combination,sensitivity,aging,2026-05-28
9518,oily,acne,pigmentation,2025-02-09
9519,normal,dehydration,sensitivity,2025-10-22
9520,normal,pigmentation,dehydration,2025-05-30
9521,dry,dullness,aging,2025-05-30
9522,combination,sensitivity,pigmentation,2024-12-20
9523,normal,aging,pigmentation,2024-12-26
9524,combination,acne,dullness,2025-05-21
9525,combination,acne,pigmentation,2024-11-01
9526,normal,dehydration,pigmentation,2025-05-16
9527,normal,sensitivity,pigmentation,2026-06-17
9528,combination,pigmentation,dullness,2024-10-17
9529,oily,sensitivity,dullness,2024-12-21
9530,combination,aging,dehydration,2025-08-30
9531,sensitive,acne,sensitivity,2025-09-27
9532,dry,dullness,aging,2024-09-20
9533,combination,sensitivity,dullness,2025-08-29
9534,sensitive,pigmentation,aging,2025-10-07
9535,oily,sensitivity,dehydration,2025-01-17
9536,combination,dullness,acne,2025-11-08
9537,sensitive,aging,acne,2025-09-14
9538,dry,dehydration,sensitivity,2024-12-14
9539,combination,aging,acne,2026-01-24
9540,sensitive,acne,aging,2026-06-28
9541,oily,sensitivity,dullness,2025-11-02
9542,sensitive,aging,dehydration,2026-03-03
9543,dry,dullness,aging,2025-10-15
9544,dry,dehydration,aging,2026-05-15
9545,sensitive,acne,dullness,2025-05-02
9546,oily,dehydration,pigmentation,2025-06-27
9547,oily,aging,dullness,2025-12-19
9548,combination,dullness,sensitivity,2025-04-03
9549,normal,aging,acne,2026-03-23
9550,oily,dehydration,dullness,2026-06-29
9551,sensitive,pigmentation,acne,2025-07-23
9552,oily,acne,pigmentation,2026-03-10
9553,combination,aging,dehydration,2024-10-19
9554,combination,acne,dehydration,2025-11-27
9555,combination,pigmentation,dullness,2025-08-27
9556,oily,dullness,sensitivity,2025-12-03
9557,sensitive,dehydration,acne,2025-08-24
9558,dry,dehydration,dullness,2026-04-26
9559,sensitive,pigmentation,acne,2024-08-23
9560,sensitive,dehydration,sensitivity,2026-03-02
9561,combination,aging,pigmentation,2025-09-20
9562,dry,pigmentation,dehydration,2024-10-25
9563,sensitive,dehydration,dullness,2025-08-29
9564,normal,dullness,pigmentation,2025-02-09
9565,normal,aging,acne,2026-05-18
9566,normal,dullness,acne,2025-12-02
9567,dry,dehydration,aging,2024-12-28
9568,combination,pigmentation,acne,2025-12-26
9569,dry,acne,dullness,2025-09-07
9570,normal,dullness,dehydration,2026-05-09
9571,normal,acne,pigmentation,2025-07-03
9572,normal,dullness,acne,2025-10-24
9573,oily,aging,sensitivity,2024-10-16
9574,dry,pigmentation,acne,2025-09-19
9575,sensitive,dullness,dehydration,2024-11-09
9576,sensitive,aging,pigmentation,2024-09-14
9577,dry,aging,dullness,2024-10-31
9578,oily,pigmentation,dehydration,2025-01-09
9579,oily,dehydration,pigmentation,2025-05-06
9580,sensitive,sensitivity,aging,2025-07-21
9581,combination,dullness,dehydration,2026-05-08
9582,combination,pigmentation,sensitivity,2026-03-30
9583,normal,sensitivity,acne,2025-10-02
9584,oily,acne,dehydration,2025-03-14
9585,sensitive,pigmentation,dehydration,2026-07-03
9586,dry,acne,sensitivity,2024-08-21
9587,normal,sensitivity,dehydration,2024-07-11
9588,normal,acne,sensitivity,2026-05-10
9589,combination,dullness,acne,2026-04-27
9590,dry,pigmentation,dehydration,2024-10-24
9591,dry,pigmentation,sensitivity,2026-02-10
9592,oily,dullness,pigmentation,2026-02-25
9593,normal,dehydration,aging,2026-02-20
9594,oily,acne,dullness,2025-02-09
9595,combination,acne,dullness,2026-04-01
9596,combination,pigmentation,aging,2026-02-22
9597,sensitive,sensitivity,acne,2025-09-19
9598,normal,acne,sensitivity,2025-04-24
9599,combination,pigmentation,acne,2024-07-13
9600,sensitive,aging,acne,2026-01-14
9601,combination,pigmentation,dullness,2026-01-01
9602,combination,acne,pigmentation,2025-06-06
9603,oily,dullness,dehydration,2025-09-04
9604,dry,dullness,pigmentation,2025-04-24
9605,combination,pigmentation,sensitivity,2026-01-07
9606,oily,dehydration,acne,2025-04-10
9607,dry,acne,pigmentation,2024-08-29
9608,combination,dehydration,sensitivity,2025-02-22
9609,combination,pigmentation,sensitivity,2025-01-15
9610,normal,pigmentation,sensitivity,2026-05-17
9611,normal,pigmentation,dullness,2024-09-15
9612,sensitive,sensitivity,dullness,2025-02-07
9613,oily,dullness,aging,2025-04-04
9614,combination,dehydration,pigmentation,2026-03-15
9615,sensitive,pigmentation,dullness,2025-05-28
9616,combination,acne,pigmentation,2025-02-27
9617,combination,acne,dehydration,2025-04-07
9618,combination,aging,sensitivity,2026-04-07
9619,combination,pigmentation,dullness,2026-06-06
9620,combination,dehydration,sensitivity,2025-07-21
9621,oily,dehydration,dullness,2025-01-28
9622,combination,pigmentation,acne,2025-09-27
9623,dry,aging,sensitivity,2025-02-19
9624,sensitive,aging,dehydration,2024-07-29
9625,normal,dehydration,aging,2024-09-24
9626,combination,dullness,aging,2025-04-01
9627,dry,dullness,acne,2025-01-20
9628,normal,acne,pigmentation,2026-05-03
9629,sensitive,aging,dullness,2026-05-05
9630,combination,sensitivity,acne,2025-02-09
9631,oily,aging,sensitivity,2024-11-28
9632,oily,pigmentation,dehydration,2026-02-15
9633,dry,pigmentation,dehydration,2025-04-29
9634,dry,acne,dehydration,2025-12-09
9635,sensitive,dehydration,sensitivity,2026-04-18
9636,combination,acne,sensitivity,2025-10-03
9637,normal,dullness,sensitivity,2025-08-13
9638,combination,aging,sensitivity,2024-12-16
9639,normal,acne,aging,2024-10-13
9640,combination,sensitivity,pigmentation,2024-08-15
9641,dry,dehydration,dullness,2026-04-21
9642,sensitive,dehydration,sensitivity,2024-08-30
9643,combination,sensitivity,aging,2025-06-23
9644,dry,sensitivity,aging,2026-03-04
9645,combination,dehydration,pigmentation,2025-03-20
9646,sensitive,dullness,sensitivity,2026-05-23
9647,dry,dehydration,acne,2025-08-03
9648,sensitive,aging,pigmentation,2024-11-08
9649,normal,pigmentation,dullness,2024-07-27
9650,combination,aging,sensitivity,2025-12-08
9651,dry,aging,dehydration,2026-03-01
9652,combination,acne,dehydration,2025-05-06
9653,normal,sensitivity,dehydration,2026-03-13
9654,oily,sensitivity,dehydration,2024-07-21
9655,normal,aging,dullness,2025-11-09
9656,combination,aging,dullness,2026-02-20
9657,normal,sensitivity,pigmentation,2026-01-13
9658,sensitive,aging,sensitivity,2025-10-05
9659,sensitive,dehydration,sensitivity,2025-01-10
9660,normal,dullness,aging,2024-10-10
9661,oily,pigmentation,acne,2025-01-14
9662,combination,dehydration,pigmentation,2025-03-18
9663,oily,pigmentation,sensitivity,2025-12-21
9664,dry,pigmentation,dehydration,2024-08-20
9665,oily,dehydration,aging,2024-07-06
9666,sensitive,dehydration,dullness,2025-04-01
9667,sensitive,sensitivity,acne,2024-12-11
9668,sensitive,dehydration,acne,2025-11-27
9669,oily,acne,dullness,2025-08-14
9670,dry,sensitivity,dehydration,2024-11-25
9671,sensitive,aging,sensitivity,2025-08-30
9672,normal,acne,aging,2024-12-28
9673,normal,dullness,dehydration,2024-10-16
9674,oily,pigmentation,dehydration,2024-08-23
9675,combination,aging,dehydration,2025-12-05
9676,oily,aging,dehydration,2025-07-23
9677,normal,acne,sensitivity,2025-09-27
9678,oily,sensitivity,aging,2025-07-04
9679,normal,dullness,dehydration,2025-01-10
9680,oily,sensitivity,acne,2025-11-12
9681,oily,aging,dehydration,2026-01-17
9682,normal,dullness,dehydration,2025-12-22
9683,combination,dehydration,pigmentation,2024-12-23
9684,combination,pigmentation,dehydration,2024-07-08
9685,sensitive,sensitivity,dehydration,2026-04-22
9686,dry,pigmentation,dullness,2024-07-22
9687,sensitive,sensitivity,pigmentation,2026-06-13
9688,combination,dullness,pigmentation,2025-06-14
9689,dry,dullness,pigmentation,2026-03-31
9690,dry,pigmentation,aging,2024-08-07
9691,oily,dullness,dehydration,2024-12-27
9692,dry,dullness,dehydration,2025-10-19
9693,combination,sensitivity,dullness,2025-02-20
9694,oily,sensitivity,pigmentation,2024-10-23
9695,oily,aging,pigmentation,2026-01-29
9696,sensitive,aging,sensitivity,2025-03-29
9697,combination,aging,pigmentation,2025-11-29
9698,oily,aging,dehydration,2025-01-28
9699,sensitive,acne,dullness,2025-05-18
9700,sensitive,acne,pigmentation,2025-01-27
9701,oily,dehydration,dullness,2025-03-28
9702,dry,pigmentation,dehydration,2025-03-29
9703,dry,aging,dullness,2026-05-06
9704,sensitive,dehydration,aging,2024-10-21
9705,oily,dullness,aging,2026-03-03
9706,normal,aging,acne,2025-09-23
9707,dry,dehydration,dullness,2025-06-28
9708,oily,acne,aging,2024-10-24
9709,normal,aging,sensitivity,2025-04-03
9710,oily,acne,sensitivity,2026-02-22
9711,oily,dullness,pigmentation,2025-12-09
9712,normal,acne,dehydration,2026-02-10
9713,combination,sensitivity,dullness,2025-04-30
9714,combination,dullness,pigmentation,2025-01-28
9715,sensitive,pigmentation,aging,2025-02-03
9716,sensitive,dullness,sensitivity,2025-01-04
9717,sensitive,aging,acne,2025-02-08
9718,oily,dullness,sensitivity,2024-09-15
9719,combination,pigmentation,sensitivity,2024-09-12
9720,dry,dullness,acne,2025-12-18
9721,normal,acne,dehydration,2025-11-26
9722,combination,acne,aging,2026-05-27
9723,oily,dullness,sensitivity,2025-12-23
9724,normal,dullness,pigmentation,2025-07-01
9725,dry,pigmentation,aging,2025-03-12
9726,dry,acne,aging,2024-10-05
9727,normal,aging,pigmentation,2025-04-28
9728,sensitive,sensitivity,acne,2024-07-26
9729,normal,dehydration,pigmentation,2025-05-28
9730,sensitive,acne,pigmentation,2024-10-17
9731,normal,sensitivity,dullness,2024-11-23
9732,oily,aging,dullness,2025-07-13
9733,combination,dullness,acne,2024-10-07
9734,dry,acne,dullness,2024-10-13
9735,dry,pigmentation,sensitivity,2025-11-20
9736,dry,dehydration,sensitivity,2026-01-31
9737,dry,pigmentation,dehydration,2026-04-09
9738,combination,acne,dullness,2024-09-01
9739,normal,acne,aging,2025-08-17
9740,sensitive,sensitivity,pigmentation,2025-05-18
9741,dry,dehydration,aging,2025-12-19
9742,combination,acne,dullness,2025-09-25
9743,combination,sensitivity,aging,2025-09-15
9744,dry,dehydration,dullness,2025-05-07
9745,combination,aging,sensitivity,2026-02-28
9746,sensitive,dullness,aging,2024-12-10
9747,dry,pigmentation,acne,2025-09-24
9748,combination,pigmentation,dehydration,2026-01-12
9749,sensitive,dehydration,acne,2026-06-26
9750,combination,pigmentation,dehydration,2026-04-23
9751,dry,aging,dullness,2025-12-22
9752,combination,aging,acne,2025-01-17
9753,sensitive,acne,aging,2024-10-20
9754,dry,dehydration,dullness,2024-08-09
9755,combination,dehydration,aging,2025-12-01
9756,sensitive,sensitivity,aging,2025-03-28
9757,dry,dullness,dehydration,2025-12-22
9758,dry,pigmentation,aging,2026-03-24
9759,normal,pigmentation,sensitivity,2025-06-05
9760,dry,aging,acne,2025-03-23
9761,combination,sensitivity,pigmentation,2024-12-27
9762,oily,pigmentation,aging,2026-04-12
9763,normal,dehydration,acne,2025-01-06
9764,combination,acne,dehydration,2025-11-27
9765,sensitive,sensitivity,aging,2025-12-15
9766,sensitive,dullness,dehydration,2026-06-13
9767,dry,aging,dullness,2026-02-07
9768,dry,aging,dullness,2025-07-15
9769,sensitive,aging,acne,2026-02-18
9770,normal,pigmentation,sensitivity,2025-11-14
9771,oily,dullness,acne,2025-06-14
9772,normal,sensitivity,dullness,2026-04-26
9773,normal,pigmentation,aging,2024-10-05
9774,oily,dehydration,pigmentation,2025-11-23
9775,oily,dullness,sensitivity,2024-12-28
9776,sensitive,dehydration,dullness,2025-03-20
9777,normal,dehydration,pigmentation,2025-01-03
9778,dry,acne,sensitivity,2025-12-07
9779,sensitive,acne,dullness,2026-03-03
9780,normal,sensitivity,aging,2026-03-24
9781,dry,acne,sensitivity,2026-01-20
9782,dry,dullness,aging,2025-06-03
9783,normal,dehydration,pigmentation,2025-04-06
9784,dry,dullness,sensitivity,2025-01-02
9785,combination,acne,dehydration,2024-08-01
9786,combination,acne,pigmentation,2024-11-07
9787,combination,dehydration,acne,2025-10-19
9788,dry,sensitivity,dehydration,2025-07-26
9789,sensitive,aging,pigmentation,2024-08-07
9790,sensitive,dullness,acne,2025-02-02
9791,dry,sensitivity,pigmentation,2025-09-05
9792,combination,dehydration,dullness,2024-11-04
9793,oily,dullness,sensitivity,2026-03-29
9794,dry,dullness,dehydration,2025-03-02
9795,normal,sensitivity,acne,2024-08-12
9796,combination,dehydration,sensitivity,2025-06-16
9797,sensitive,aging,pigmentation,2025-04-14
9798,normal,dehydration,sensitivity,2026-05-24
9799,sensitive,pigmentation,dullness,2025-04-20
9800,sensitive,sensitivity,dullness,2025-12-06
9801,sensitive,acne,dehydration,2024-07-10
9802,combination,pigmentation,acne,2025-11-15
9803,sensitive,aging,pigmentation,2025-11-19
9804,dry,pigmentation,dehydration,2025-09-21
9805,normal,dullness,sensitivity,2025-02-12
9806,oily,dehydration,sensitivity,2024-08-10
9807,normal,sensitivity,dehydration,2025-10-26
9808,normal,dullness,sensitivity,2026-02-04
9809,oily,dullness,aging,2024-12-25
9810,sensitive,dullness,sensitivity,2025-06-06
9811,normal,acne,dehydration,2025-08-08
9812,combination,dehydration,aging,2024-07-12
9813,dry,acne,dehydration,2025-07-09
9814,normal,dullness,pigmentation,2025-04-10
9815,combination,sensitivity,pigmentation,2024-07-19
9816,oily,dehydration,sensitivity,2026-02-04
9817,dry,dullness,dehydration,2024-09-15
9818,sensitive,pigmentation,dehydration,2024-08-04
9819,combination,sensitivity,dehydration,2025-07-27
9820,dry,sensitivity,dullness,2025-11-03
9821,sensitive,aging,acne,2026-03-10
9822,oily,acne,aging,2026-06-02
9823,dry,dullness,acne,2024-07-17
9824,combination,dullness,acne,2025-08-25
9825,oily,sensitivity,acne,2025-03-05
9826,dry,sensitivity,dullness,2026-01-12
9827,normal,pigmentation,dullness,2025-11-12
9828,normal,pigmentation,dehydration,2024-11-15
9829,normal,sensitivity,aging,2025-03-14
9830,dry,pigmentation,aging,2026-01-27
9831,oily,aging,pigmentation,2026-07-03
9832,normal,pigmentation,dullness,2024-11-14
9833,dry,aging,acne,2026-05-09
9834,sensitive,dullness,pigmentation,2026-06-10
9835,oily,pigmentation,aging,2025-11-29
9836,sensitive,aging,dehydration,2024-08-26
9837,combination,aging,sensitivity,2025-03-22
9838,normal,acne,sensitivity,2026-06-06
9839,oily,dehydration,aging,2024-09-04
9840,combination,sensitivity,aging,2024-08-19
9841,normal,aging,pigmentation,2025-02-12
9842,dry,pigmentation,dehydration,2026-05-14
9843,sensitive,dullness,aging,2026-06-26
9844,oily,dullness,pigmentation,2024-10-07
9845,sensitive,dullness,dehydration,2024-11-12
9846,dry,dullness,sensitivity,2024-11-06
9847,combination,dehydration,sensitivity,2025-07-16
9848,normal,acne,aging,2025-04-28
9849,sensitive,acne,pigmentation,2026-03-02
9850,combination,acne,pigmentation,2026-06-10
9851,oily,acne,pigmentation,2026-01-26
9852,dry,sensitivity,dullness,2025-04-08
9853,normal,dehydration,pigmentation,2025-09-16
9854,dry,dullness,acne,2025-04-11
9855,sensitive,dehydration,aging,2025-08-18
9856,combination,acne,sensitivity,2025-05-25
9857,dry,pigmentation,dehydration,2024-08-10
9858,sensitive,dehydration,pigmentation,2025-04-01
9859,dry,aging,acne,2024-08-08
9860,dry,dullness,acne,2024-07-29
9861,combination,dehydration,pigmentation,2025-04-11
9862,sensitive,acne,aging,2024-07-09
9863,normal,dehydration,sensitivity,2026-01-05
9864,sensitive,dehydration,sensitivity,2025-06-21
9865,sensitive,aging,acne,2026-05-13
9866,sensitive,aging,pigmentation,2026-04-30
9867,dry,acne,dullness,2026-04-01
9868,dry,pigmentation,aging,2026-03-31
9869,combination,pigmentation,sensitivity,2025-09-10
9870,sensitive,sensitivity,dehydration,2025-01-26
9871,sensitive,acne,dullness,2024-07-16
9872,oily,pigmentation,aging,2024-07-19
9873,sensitive,acne,pigmentation,2026-02-26
9874,dry,pigmentation,dehydration,2025-08-22
9875,normal,acne,sensitivity,2025-08-25
9876,sensitive,pigmentation,aging,2026-04-26
9877,normal,dehydration,aging,2026-06-07
9878,sensitive,dehydration,aging,2025-10-21
9879,combination,aging,dullness,2024-10-18
9880,oily,dehydration,acne,2025-09-28
9881,dry,dullness,dehydration,2025-09-29
9882,normal,sensitivity,aging,2024-07-08
9883,dry,dehydration,sensitivity,2025-10-04
9884,oily,pigmentation,acne,2025-02-20
9885,dry,dullness,dehydration,2024-07-19
9886,combination,dehydration,aging,2026-04-11
9887,sensitive,pigmentation,sensitivity,2025-06-28
9888,normal,dullness,dehydration,2025-11-02
9889,normal,aging,dehydration,2026-04-11
9890,combination,pigmentation,sensitivity,2026-06-01
9891,combination,pigmentation,aging,2025-03-20
9892,normal,acne,dullness,2025-03-16
9893,oily,dehydration,acne,2025-05-22
9894,combination,dehydration,sensitivity,2025-03-02
9895,combination,dullness,acne,2025-01-27
9896,sensitive,pigmentation,dehydration,2026-05-25
9897,normal,acne,aging,2026-06-12
9898,sensitive,dullness,aging,2025-11-03
9899,sensitive,pigmentation,aging,2025-05-17
9900,sensitive,dullness,acne,2024-09-15
9901,combination,sensitivity,acne,2024-07-20
9902,dry,acne,dehydration,2024-11-09
9903,dry,dullness,acne,2025-12-06
9904,sensitive,sensitivity,dullness,2025-05-13
9905,sensitive,aging,dullness,2026-04-13
9906,dry,dehydration,pigmentation,2025-07-17
9907,normal,dehydration,sensitivity,2026-04-25
9908,normal,aging,dehydration,2024-07-11
9909,sensitive,pigmentation,acne,2025-08-11
9910,dry,dehydration,aging,2025-01-25
9911,normal,dullness,dehydration,2026-04-21
9912,dry,aging,dehydration,2024-08-09
9913,combination,pigmentation,acne,2025-06-18
9914,normal,dehydration,sensitivity,2026-05-15
9915,combination,pigmentation,sensitivity,2025-10-10
9916,dry,acne,aging,2026-02-01
9917,oily,acne,dullness,2026-05-17
9918,dry,aging,pigmentation,2026-06-14
9919,sensitive,acne,dehydration,2025-02-01
9920,sensitive,aging,dehydration,2024-10-10
9921,dry,pigmentation,aging,2025-03-11
9922,oily,aging,dehydration,2025-02-14
9923,sensitive,dehydration,pigmentation,2026-06-09
9924,oily,aging,dullness,2026-02-27
9925,oily,dullness,aging,2026-06-11
9926,combination,acne,pigmentation,2024-07-24
9927,combination,acne,dullness,2025-01-13
9928,dry,sensitivity,dehydration,2024-08-07
9929,dry,dullness,sensitivity,2024-09-13
9930,dry,acne,dullness,2026-01-23
9931,dry,dullness,dehydration,2025-06-28
9932,oily,acne,dehydration,2025-03-21
9933,oily,acne,sensitivity,2025-01-10
9934,dry,aging,acne,2025-03-05
9935,oily,dullness,dehydration,2025-08-09
9936,dry,dullness,sensitivity,2026-07-04
9937,combination,dehydration,aging,2024-08-19
9938,oily,pigmentation,sensitivity,2025-02-18
9939,sensitive,pigmentation,dehydration,2024-11-02
9940,sensitive,dullness,aging,2026-01-26
9941,combination,sensitivity,pigmentation,2026-04-20
9942,sensitive,dehydration,aging,2024-09-16
9943,normal,dehydration,pigmentation,2024-11-24
9944,oily,acne,dehydration,2024-11-01
9945,oily,sensitivity,aging,2025-08-19
9946,dry,sensitivity,aging,2024-09-13
9947,sensitive,dullness,aging,2026-01-24
9948,normal,aging,pigmentation,2024-12-30
9949,normal,dullness,aging,2025-07-10
9950,combination,dullness,dehydration,2026-03-08
9951,combination,sensitivity,aging,2025-01-28
9952,combination,acne,dehydration,2025-10-16
9953,oily,dullness,aging,2026-03-12
9954,combination,dehydration,acne,2025-02-03
9955,combination,aging,acne,2024-12-19
9956,dry,sensitivity,aging,2025-11-12
9957,sensitive,acne,aging,2024-07-30
9958,normal,acne,sensitivity,2025-02-02
9959,dry,dehydration,pigmentation,2026-06-20
9960,normal,acne,dehydration,2025-11-03
9961,oily,aging,dehydration,2024-07-24
9962,normal,pigmentation,aging,2026-02-27
9963,sensitive,dehydration,pigmentation,2024-08-08
9964,dry,acne,dehydration,2025-06-23
9965,sensitive,aging,dehydration,2025-02-28
9966,dry,sensitivity,dehydration,2025-02-20
9967,sensitive,aging,acne,2025-06-27
9968,oily,dullness,pigmentation,2025-06-23
9969,dry,sensitivity,dehydration,2025-05-18
9970,dry,dullness,aging,2025-03-24
9971,oily,dehydration,aging,2025-01-13
9972,dry,sensitivity,dehydration,2025-08-20
9973,sensitive,dullness,pigmentation,2025-08-22
9974,sensitive,dehydration,dullness,2024-12-15
9975,combination,dullness,dehydration,2024-12-30
9976,oily,dehydration,acne,2025-03-18
9977,dry,dullness,aging,2025-08-03
9978,normal,aging,sensitivity,2025-05-12
9979,dry,dullness,dehydration,2025-05-15
9980,oily,aging,pigmentation,2025-08-22
9981,combination,aging,acne,2026-02-26
9982,oily,pigmentation,acne,2025-06-10
9983,dry,aging,dullness,2025-08-17
9984,normal,aging,dullness,2026-05-30
9985,dry,dullness,acne,2024-08-07
9986,sensitive,aging,dullness,2025-03-06
9987,combination,aging,sensitivity,2026-04-14
9988,dry,acne,aging,2026-02-07
9989,sensitive,aging,dehydration,2025-05-15
9990,combination,aging,acne,2024-10-16
9991,dry,sensitivity,acne,2025-07-17
9992,dry,aging,pigmentation,2024-11-20
9993,normal,acne,pigmentation,2026-04-04
9994,oily,pigmentation,dehydration,2025-06-16
9995,normal,dehydration,dullness,2024-11-09
9996,combination,acne,pigmentation,2024-10-25
9997,normal,acne,sensitivity,2026-01-12
9998,dry,aging,dehydration,2025-03-03
9999,combination,aging,acne,2026-06-07
10000,sensitive,aging,pigmentation,2026-03-25
